league,league_code,season,match_id,date,matchday,team,opponent,venue,goals_for,goals_against,goal_diff,result,points
Premier League,PL,2025,537785,2025-08-15,1,Liverpool FC,AFC Bournemouth,home,4,2,2,win,3
Premier League,PL,2025,537785,2025-08-15,1,AFC Bournemouth,Liverpool FC,away,2,4,-2,loss,0
Premier League,PL,2025,537786,2025-08-16,1,Aston Villa FC,Newcastle United FC,home,0,0,0,draw,1
Premier League,PL,2025,537786,2025-08-16,1,Newcastle United FC,Aston Villa FC,away,0,0,0,draw,1
Premier League,PL,2025,537787,2025-08-16,1,Brighton & Hove Albion FC,Fulham FC,home,1,1,0,draw,1
Premier League,PL,2025,537787,2025-08-16,1,Fulham FC,Brighton & Hove Albion FC,away,1,1,0,draw,1
Premier League,PL,2025,537789,2025-08-16,1,Sunderland AFC,West Ham United FC,home,3,0,3,win,3
Premier League,PL,2025,537789,2025-08-16,1,West Ham United FC,Sunderland AFC,away,0,3,-3,loss,0
Premier League,PL,2025,537790,2025-08-16,1,Tottenham Hotspur FC,Burnley FC,home,3,0,3,win,3
Premier League,PL,2025,537790,2025-08-16,1,Burnley FC,Tottenham Hotspur FC,away,0,3,-3,loss,0
Premier League,PL,2025,537791,2025-08-16,1,Wolverhampton Wanderers FC,Manchester City FC,home,0,4,-4,loss,0
Premier League,PL,2025,537791,2025-08-16,1,Manchester City FC,Wolverhampton Wanderers FC,away,4,0,4,win,3
Premier League,PL,2025,537788,2025-08-17,1,Nottingham Forest FC,Brentford FC,home,3,1,2,win,3
Premier League,PL,2025,537788,2025-08-17,1,Brentford FC,Nottingham Forest FC,away,1,3,-2,loss,0
Premier League,PL,2025,537792,2025-08-17,1,Chelsea FC,Crystal Palace FC,home,0,0,0,draw,1
Premier League,PL,2025,537792,2025-08-17,1,Crystal Palace FC,Chelsea FC,away,0,0,0,draw,1
Premier League,PL,2025,537793,2025-08-17,1,Manchester United FC,Arsenal FC,home,0,1,-1,loss,0
Premier League,PL,2025,537793,2025-08-17,1,Arsenal FC,Manchester United FC,away,1,0,1,win,3
Premier League,PL,2025,537794,2025-08-18,1,Leeds United FC,Everton FC,home,1,0,1,win,3
Premier League,PL,2025,537794,2025-08-18,1,Everton FC,Leeds United FC,away,0,1,-1,loss,0
Premier League,PL,2025,537804,2025-08-22,2,West Ham United FC,Chelsea FC,home,1,5,-4,loss,0
Premier League,PL,2025,537804,2025-08-22,2,Chelsea FC,West Ham United FC,away,5,1,4,win,3
Premier League,PL,2025,537802,2025-08-23,2,Manchester City FC,Tottenham Hotspur FC,home,0,2,-2,loss,0
Premier League,PL,2025,537802,2025-08-23,2,Tottenham Hotspur FC,Manchester City FC,away,2,0,2,win,3
Premier League,PL,2025,537795,2025-08-23,2,AFC Bournemouth,Wolverhampton Wanderers FC,home,1,0,1,win,3
Premier League,PL,2025,537795,2025-08-23,2,Wolverhampton Wanderers FC,AFC Bournemouth,away,0,1,-1,loss,0
Premier League,PL,2025,537798,2025-08-23,2,Brentford FC,Aston Villa FC,home,1,0,1,win,3
Premier League,PL,2025,537798,2025-08-23,2,Aston Villa FC,Brentford FC,away,0,1,-1,loss,0
Premier League,PL,2025,537799,2025-08-23,2,Burnley FC,Sunderland AFC,home,2,0,2,win,3
Premier League,PL,2025,537799,2025-08-23,2,Sunderland AFC,Burnley FC,away,0,2,-2,loss,0
Premier League,PL,2025,537797,2025-08-23,2,Arsenal FC,Leeds United FC,home,5,0,5,win,3
Premier League,PL,2025,537797,2025-08-23,2,Leeds United FC,Arsenal FC,away,0,5,-5,loss,0
Premier League,PL,2025,537796,2025-08-24,2,Crystal Palace FC,Nottingham Forest FC,home,1,1,0,draw,1
Premier League,PL,2025,537796,2025-08-24,2,Nottingham Forest FC,Crystal Palace FC,away,1,1,0,draw,1
Premier League,PL,2025,537800,2025-08-24,2,Everton FC,Brighton & Hove Albion FC,home,2,0,2,win,3
Premier League,PL,2025,537800,2025-08-24,2,Brighton & Hove Albion FC,Everton FC,away,0,2,-2,loss,0
Premier League,PL,2025,537801,2025-08-24,2,Fulham FC,Manchester United FC,home,1,1,0,draw,1
Premier League,PL,2025,537801,2025-08-24,2,Manchester United FC,Fulham FC,away,1,1,0,draw,1
Premier League,PL,2025,537803,2025-08-25,2,Newcastle United FC,Liverpool FC,home,2,3,-1,loss,0
Premier League,PL,2025,537803,2025-08-25,2,Liverpool FC,Newcastle United FC,away,3,2,1,win,3
Premier League,PL,2025,537808,2025-08-30,3,Chelsea FC,Fulham FC,home,2,0,2,win,3
Premier League,PL,2025,537808,2025-08-30,3,Fulham FC,Chelsea FC,away,0,2,-2,loss,0
Premier League,PL,2025,537805,2025-08-30,3,Sunderland AFC,Brentford FC,home,2,1,1,win,3
Premier League,PL,2025,537805,2025-08-30,3,Brentford FC,Sunderland AFC,away,1,2,-1,loss,0
Premier League,PL,2025,537811,2025-08-30,3,Manchester United FC,Burnley FC,home,3,2,1,win,3
Premier League,PL,2025,537811,2025-08-30,3,Burnley FC,Manchester United FC,away,2,3,-1,loss,0
Premier League,PL,2025,537813,2025-08-30,3,Tottenham Hotspur FC,AFC Bournemouth,home,0,1,-1,loss,0
Premier League,PL,2025,537813,2025-08-30,3,AFC Bournemouth,Tottenham Hotspur FC,away,1,0,1,win,3
Premier League,PL,2025,537814,2025-08-30,3,Wolverhampton Wanderers FC,Everton FC,home,2,3,-1,loss,0
Premier League,PL,2025,537814,2025-08-30,3,Everton FC,Wolverhampton Wanderers FC,away,3,2,1,win,3
Premier League,PL,2025,537810,2025-08-30,3,Leeds United FC,Newcastle United FC,home,0,0,0,draw,1
Premier League,PL,2025,537810,2025-08-30,3,Newcastle United FC,Leeds United FC,away,0,0,0,draw,1
Premier League,PL,2025,537807,2025-08-31,3,Brighton & Hove Albion FC,Manchester City FC,home,2,1,1,win,3
Premier League,PL,2025,537807,2025-08-31,3,Manchester City FC,Brighton & Hove Albion FC,away,1,2,-1,loss,0
Premier League,PL,2025,537812,2025-08-31,3,Nottingham Forest FC,West Ham United FC,home,0,3,-3,loss,0
Premier League,PL,2025,537812,2025-08-31,3,West Ham United FC,Nottingham Forest FC,away,3,0,3,win,3
Premier League,PL,2025,537809,2025-08-31,3,Liverpool FC,Arsenal FC,home,1,0,1,win,3
Premier League,PL,2025,537809,2025-08-31,3,Arsenal FC,Liverpool FC,away,0,1,-1,loss,0
Premier League,PL,2025,537806,2025-08-31,3,Aston Villa FC,Crystal Palace FC,home,0,3,-3,loss,0
Premier League,PL,2025,537806,2025-08-31,3,Crystal Palace FC,Aston Villa FC,away,3,0,3,win,3
Premier League,PL,2025,537817,2025-09-13,4,Arsenal FC,Nottingham Forest FC,home,3,0,3,win,3
Premier League,PL,2025,537817,2025-09-13,4,Nottingham Forest FC,Arsenal FC,away,0,3,-3,loss,0
Premier League,PL,2025,537815,2025-09-13,4,AFC Bournemouth,Brighton & Hove Albion FC,home,2,1,1,win,3
Premier League,PL,2025,537815,2025-09-13,4,Brighton & Hove Albion FC,AFC Bournemouth,away,1,2,-1,loss,0
Premier League,PL,2025,537816,2025-09-13,4,Crystal Palace FC,Sunderland AFC,home,0,0,0,draw,1
Premier League,PL,2025,537816,2025-09-13,4,Sunderland AFC,Crystal Palace FC,away,0,0,0,draw,1
Premier League,PL,2025,537820,2025-09-13,4,Everton FC,Aston Villa FC,home,0,0,0,draw,1
Premier League,PL,2025,537820,2025-09-13,4,Aston Villa FC,Everton FC,away,0,0,0,draw,1
Premier League,PL,2025,537821,2025-09-13,4,Fulham FC,Leeds United FC,home,1,0,1,win,3
Premier League,PL,2025,537821,2025-09-13,4,Leeds United FC,Fulham FC,away,0,1,-1,loss,0
Premier League,PL,2025,537823,2025-09-13,4,Newcastle United FC,Wolverhampton Wanderers FC,home,1,0,1,win,3
Premier League,PL,2025,537823,2025-09-13,4,Wolverhampton Wanderers FC,Newcastle United FC,away,0,1,-1,loss,0
Premier League,PL,2025,537824,2025-09-13,4,West Ham United FC,Tottenham Hotspur FC,home,0,3,-3,loss,0
Premier League,PL,2025,537824,2025-09-13,4,Tottenham Hotspur FC,West Ham United FC,away,3,0,3,win,3
Premier League,PL,2025,537818,2025-09-13,4,Brentford FC,Chelsea FC,home,2,2,0,draw,1
Premier League,PL,2025,537818,2025-09-13,4,Chelsea FC,Brentford FC,away,2,2,0,draw,1
Premier League,PL,2025,537819,2025-09-14,4,Burnley FC,Liverpool FC,home,0,1,-1,loss,0
Premier League,PL,2025,537819,2025-09-14,4,Liverpool FC,Burnley FC,away,1,0,1,win,3
Premier League,PL,2025,537822,2025-09-14,4,Manchester City FC,Manchester United FC,home,3,0,3,win,3
Premier League,PL,2025,537822,2025-09-14,4,Manchester United FC,Manchester City FC,away,0,3,-3,loss,0
Premier League,PL,2025,537831,2025-09-20,5,Liverpool FC,Everton FC,home,2,1,1,win,3
Premier League,PL,2025,537831,2025-09-20,5,Everton FC,Liverpool FC,away,1,2,-1,loss,0
Premier League,PL,2025,537827,2025-09-20,5,Brighton & Hove Albion FC,Tottenham Hotspur FC,home,2,2,0,draw,1
Premier League,PL,2025,537827,2025-09-20,5,Tottenham Hotspur FC,Brighton & Hove Albion FC,away,2,2,0,draw,1
Premier League,PL,2025,537829,2025-09-20,5,Burnley FC,Nottingham Forest FC,home,1,1,0,draw,1
Premier League,PL,2025,537829,2025-09-20,5,Nottingham Forest FC,Burnley FC,away,1,1,0,draw,1
Premier League,PL,2025,537833,2025-09-20,5,West Ham United FC,Crystal Palace FC,home,1,2,-1,loss,0
Premier League,PL,2025,537833,2025-09-20,5,Crystal Palace FC,West Ham United FC,away,2,1,1,win,3
Premier League,PL,2025,537834,2025-09-20,5,Wolverhampton Wanderers FC,Leeds United FC,home,1,3,-2,loss,0
Premier League,PL,2025,537834,2025-09-20,5,Leeds United FC,Wolverhampton Wanderers FC,away,3,1,2,win,3
Premier League,PL,2025,537832,2025-09-20,5,Manchester United FC,Chelsea FC,home,2,1,1,win,3
Premier League,PL,2025,537832,2025-09-20,5,Chelsea FC,Manchester United FC,away,1,2,-1,loss,0
Premier League,PL,2025,537830,2025-09-20,5,Fulham FC,Brentford FC,home,3,1,2,win,3
Premier League,PL,2025,537830,2025-09-20,5,Brentford FC,Fulham FC,away,1,3,-2,loss,0
Premier League,PL,2025,537825,2025-09-21,5,AFC Bournemouth,Newcastle United FC,home,0,0,0,draw,1
Premier League,PL,2025,537825,2025-09-21,5,Newcastle United FC,AFC Bournemouth,away,0,0,0,draw,1
Premier League,PL,2025,537826,2025-09-21,5,Sunderland AFC,Aston Villa FC,home,1,1,0,draw,1
Premier League,PL,2025,537826,2025-09-21,5,Aston Villa FC,Sunderland AFC,away,1,1,0,draw,1
Premier League,PL,2025,537828,2025-09-21,5,Arsenal FC,Manchester City FC,home,1,1,0,draw,1
Premier League,PL,2025,537828,2025-09-21,5,Manchester City FC,Arsenal FC,away,1,1,0,draw,1
Premier League,PL,2025,537837,2025-09-27,6,Brentford FC,Manchester United FC,home,3,1,2,win,3
Premier League,PL,2025,537837,2025-09-27,6,Manchester United FC,Brentford FC,away,1,3,-2,loss,0
Premier League,PL,2025,537836,2025-09-27,6,Crystal Palace FC,Liverpool FC,home,2,1,1,win,3
Premier League,PL,2025,537836,2025-09-27,6,Liverpool FC,Crystal Palace FC,away,1,2,-1,loss,0
Premier League,PL,2025,537838,2025-09-27,6,Chelsea FC,Brighton & Hove Albion FC,home,1,3,-2,loss,0
Premier League,PL,2025,537838,2025-09-27,6,Brighton & Hove Albion FC,Chelsea FC,away,3,1,2,win,3
Premier League,PL,2025,537840,2025-09-27,6,Leeds United FC,AFC Bournemouth,home,2,2,0,draw,1
Premier League,PL,2025,537840,2025-09-27,6,AFC Bournemouth,Leeds United FC,away,2,2,0,draw,1
Premier League,PL,2025,537841,2025-09-27,6,Manchester City FC,Burnley FC,home,5,1,4,win,3
Premier League,PL,2025,537841,2025-09-27,6,Burnley FC,Manchester City FC,away,1,5,-4,loss,0
Premier League,PL,2025,537843,2025-09-27,6,Nottingham Forest FC,Sunderland AFC,home,0,1,-1,loss,0
Premier League,PL,2025,537843,2025-09-27,6,Sunderland AFC,Nottingham Forest FC,away,1,0,1,win,3
Premier League,PL,2025,537844,2025-09-27,6,Tottenham Hotspur FC,Wolverhampton Wanderers FC,home,1,1,0,draw,1
Premier League,PL,2025,537844,2025-09-27,6,Wolverhampton Wanderers FC,Tottenham Hotspur FC,away,1,1,0,draw,1
Premier League,PL,2025,537835,2025-09-28,6,Aston Villa FC,Fulham FC,home,3,1,2,win,3
Premier League,PL,2025,537835,2025-09-28,6,Fulham FC,Aston Villa FC,away,1,3,-2,loss,0
Premier League,PL,2025,537842,2025-09-28,6,Newcastle United FC,Arsenal FC,home,1,2,-1,loss,0
Premier League,PL,2025,537842,2025-09-28,6,Arsenal FC,Newcastle United FC,away,2,1,1,win,3
Premier League,PL,2025,537839,2025-09-29,6,Everton FC,West Ham United FC,home,1,1,0,draw,1
Premier League,PL,2025,537839,2025-09-29,6,West Ham United FC,Everton FC,away,1,1,0,draw,1
Premier League,PL,2025,537845,2025-10-03,7,AFC Bournemouth,Fulham FC,home,3,1,2,win,3
Premier League,PL,2025,537845,2025-10-03,7,Fulham FC,AFC Bournemouth,away,1,3,-2,loss,0
Premier League,PL,2025,537851,2025-10-04,7,Leeds United FC,Tottenham Hotspur FC,home,1,2,-1,loss,0
Premier League,PL,2025,537851,2025-10-04,7,Tottenham Hotspur FC,Leeds United FC,away,2,1,1,win,3
Premier League,PL,2025,537847,2025-10-04,7,Arsenal FC,West Ham United FC,home,2,0,2,win,3
Premier League,PL,2025,537847,2025-10-04,7,West Ham United FC,Arsenal FC,away,0,2,-2,loss,0
Premier League,PL,2025,537852,2025-10-04,7,Manchester United FC,Sunderland AFC,home,2,0,2,win,3
Premier League,PL,2025,537852,2025-10-04,7,Sunderland AFC,Manchester United FC,away,0,2,-2,loss,0
Premier League,PL,2025,537849,2025-10-04,7,Chelsea FC,Liverpool FC,home,2,1,1,win,3
Premier League,PL,2025,537849,2025-10-04,7,Liverpool FC,Chelsea FC,away,1,2,-1,loss,0
Premier League,PL,2025,537846,2025-10-05,7,Aston Villa FC,Burnley FC,home,2,1,1,win,3
Premier League,PL,2025,537846,2025-10-05,7,Burnley FC,Aston Villa FC,away,1,2,-1,loss,0
Premier League,PL,2025,537850,2025-10-05,7,Everton FC,Crystal Palace FC,home,2,1,1,win,3
Premier League,PL,2025,537850,2025-10-05,7,Crystal Palace FC,Everton FC,away,1,2,-1,loss,0
Premier League,PL,2025,537853,2025-10-05,7,Newcastle United FC,Nottingham Forest FC,home,2,0,2,win,3
Premier League,PL,2025,537853,2025-10-05,7,Nottingham Forest FC,Newcastle United FC,away,0,2,-2,loss,0
Premier League,PL,2025,537854,2025-10-05,7,Wolverhampton Wanderers FC,Brighton & Hove Albion FC,home,1,1,0,draw,1
Premier League,PL,2025,537854,2025-10-05,7,Brighton & Hove Albion FC,Wolverhampton Wanderers FC,away,1,1,0,draw,1
Premier League,PL,2025,537848,2025-10-05,7,Brentford FC,Manchester City FC,home,0,1,-1,loss,0
Premier League,PL,2025,537848,2025-10-05,7,Manchester City FC,Brentford FC,away,1,0,1,win,3
Premier League,PL,2025,537862,2025-10-18,8,Nottingham Forest FC,Chelsea FC,home,0,3,-3,loss,0
Premier League,PL,2025,537862,2025-10-18,8,Chelsea FC,Nottingham Forest FC,away,3,0,3,win,3
Premier League,PL,2025,537856,2025-10-18,8,Brighton & Hove Albion FC,Newcastle United FC,home,2,1,1,win,3
Premier League,PL,2025,537856,2025-10-18,8,Newcastle United FC,Brighton & Hove Albion FC,away,1,2,-1,loss,0
Premier League,PL,2025,537857,2025-10-18,8,Crystal Palace FC,AFC Bournemouth,home,3,3,0,draw,1
Premier League,PL,2025,537857,2025-10-18,8,AFC Bournemouth,Crystal Palace FC,away,3,3,0,draw,1
Premier League,PL,2025,537858,2025-10-18,8,Burnley FC,Leeds United FC,home,2,0,2,win,3
Premier League,PL,2025,537858,2025-10-18,8,Leeds United FC,Burnley FC,away,0,2,-2,loss,0
Premier League,PL,2025,537861,2025-10-18,8,Manchester City FC,Everton FC,home,2,0,2,win,3
Premier League,PL,2025,537861,2025-10-18,8,Everton FC,Manchester City FC,away,0,2,-2,loss,0
Premier League,PL,2025,537855,2025-10-18,8,Sunderland AFC,Wolverhampton Wanderers FC,home,2,0,2,win,3
Premier League,PL,2025,537855,2025-10-18,8,Wolverhampton Wanderers FC,Sunderland AFC,away,0,2,-2,loss,0
Premier League,PL,2025,537859,2025-10-18,8,Fulham FC,Arsenal FC,home,0,1,-1,loss,0
Premier League,PL,2025,537859,2025-10-18,8,Arsenal FC,Fulham FC,away,1,0,1,win,3
Premier League,PL,2025,537863,2025-10-19,8,Tottenham Hotspur FC,Aston Villa FC,home,1,2,-1,loss,0
Premier League,PL,2025,537863,2025-10-19,8,Aston Villa FC,Tottenham Hotspur FC,away,2,1,1,win,3
Premier League,PL,2025,537860,2025-10-19,8,Liverpool FC,Manchester United FC,home,1,2,-1,loss,0
Premier League,PL,2025,537860,2025-10-19,8,Manchester United FC,Liverpool FC,away,2,1,1,win,3
Premier League,PL,2025,537864,2025-10-20,8,West Ham United FC,Brentford FC,home,0,2,-2,loss,0
Premier League,PL,2025,537864,2025-10-20,8,Brentford FC,West Ham United FC,away,2,0,2,win,3
Premier League,PL,2025,537871,2025-10-24,9,Leeds United FC,West Ham United FC,home,2,1,1,win,3
Premier League,PL,2025,537871,2025-10-24,9,West Ham United FC,Leeds United FC,away,1,2,-1,loss,0
Premier League,PL,2025,537869,2025-10-25,9,Chelsea FC,Sunderland AFC,home,1,2,-1,loss,0
Premier League,PL,2025,537869,2025-10-25,9,Sunderland AFC,Chelsea FC,away,2,1,1,win,3
Premier League,PL,2025,537873,2025-10-25,9,Newcastle United FC,Fulham FC,home,2,1,1,win,3
Premier League,PL,2025,537873,2025-10-25,9,Fulham FC,Newcastle United FC,away,1,2,-1,loss,0
Premier League,PL,2025,537872,2025-10-25,9,Manchester United FC,Brighton & Hove Albion FC,home,4,2,2,win,3
Premier League,PL,2025,537872,2025-10-25,9,Brighton & Hove Albion FC,Manchester United FC,away,2,4,-2,loss,0
Premier League,PL,2025,537868,2025-10-25,9,Brentford FC,Liverpool FC,home,3,2,1,win,3
Premier League,PL,2025,537868,2025-10-25,9,Liverpool FC,Brentford FC,away,2,3,-1,loss,0
Premier League,PL,2025,537865,2025-10-26,9,AFC Bournemouth,Nottingham Forest FC,home,2,0,2,win,3
Premier League,PL,2025,537865,2025-10-26,9,Nottingham Forest FC,AFC Bournemouth,away,0,2,-2,loss,0
Premier League,PL,2025,537866,2025-10-26,9,Aston Villa FC,Manchester City FC,home,1,0,1,win,3
Premier League,PL,2025,537866,2025-10-26,9,Manchester City FC,Aston Villa FC,away,0,1,-1,loss,0
Premier League,PL,2025,537867,2025-10-26,9,Arsenal FC,Crystal Palace FC,home,1,0,1,win,3
Premier League,PL,2025,537867,2025-10-26,9,Crystal Palace FC,Arsenal FC,away,0,1,-1,loss,0
Premier League,PL,2025,537874,2025-10-26,9,Wolverhampton Wanderers FC,Burnley FC,home,2,3,-1,loss,0
Premier League,PL,2025,537874,2025-10-26,9,Burnley FC,Wolverhampton Wanderers FC,away,3,2,1,win,3
Premier League,PL,2025,537870,2025-10-26,9,Everton FC,Tottenham Hotspur FC,home,0,3,-3,loss,0
Premier League,PL,2025,537870,2025-10-26,9,Tottenham Hotspur FC,Everton FC,away,3,0,3,win,3
Premier League,PL,2025,537876,2025-11-01,10,Brighton & Hove Albion FC,Leeds United FC,home,3,0,3,win,3
Premier League,PL,2025,537876,2025-11-01,10,Leeds United FC,Brighton & Hove Albion FC,away,0,3,-3,loss,0
Premier League,PL,2025,537877,2025-11-01,10,Crystal Palace FC,Brentford FC,home,2,0,2,win,3
Premier League,PL,2025,537877,2025-11-01,10,Brentford FC,Crystal Palace FC,away,0,2,-2,loss,0
Premier League,PL,2025,537878,2025-11-01,10,Burnley FC,Arsenal FC,home,0,2,-2,loss,0
Premier League,PL,2025,537878,2025-11-01,10,Arsenal FC,Burnley FC,away,2,0,2,win,3
Premier League,PL,2025,537879,2025-11-01,10,Fulham FC,Wolverhampton Wanderers FC,home,3,0,3,win,3
Premier League,PL,2025,537879,2025-11-01,10,Wolverhampton Wanderers FC,Fulham FC,away,0,3,-3,loss,0
Premier League,PL,2025,537882,2025-11-01,10,Nottingham Forest FC,Manchester United FC,home,2,2,0,draw,1
Premier League,PL,2025,537882,2025-11-01,10,Manchester United FC,Nottingham Forest FC,away,2,2,0,draw,1
Premier League,PL,2025,537883,2025-11-01,10,Tottenham Hotspur FC,Chelsea FC,home,0,1,-1,loss,0
Premier League,PL,2025,537883,2025-11-01,10,Chelsea FC,Tottenham Hotspur FC,away,1,0,1,win,3
Premier League,PL,2025,537880,2025-11-01,10,Liverpool FC,Aston Villa FC,home,2,0,2,win,3
Premier League,PL,2025,537880,2025-11-01,10,Aston Villa FC,Liverpool FC,away,0,2,-2,loss,0
Premier League,PL,2025,537884,2025-11-02,10,West Ham United FC,Newcastle United FC,home,3,1,2,win,3
Premier League,PL,2025,537884,2025-11-02,10,Newcastle United FC,West Ham United FC,away,1,3,-2,loss,0
Premier League,PL,2025,537881,2025-11-02,10,Manchester City FC,AFC Bournemouth,home,3,1,2,win,3
Premier League,PL,2025,537881,2025-11-02,10,AFC Bournemouth,Manchester City FC,away,1,3,-2,loss,0
Premier League,PL,2025,537875,2025-11-03,10,Sunderland AFC,Everton FC,home,1,1,0,draw,1
Premier League,PL,2025,537875,2025-11-03,10,Everton FC,Sunderland AFC,away,1,1,0,draw,1
Premier League,PL,2025,537893,2025-11-08,11,Tottenham Hotspur FC,Manchester United FC,home,2,2,0,draw,1
Premier League,PL,2025,537893,2025-11-08,11,Manchester United FC,Tottenham Hotspur FC,away,2,2,0,draw,1
Premier League,PL,2025,537890,2025-11-08,11,Everton FC,Fulham FC,home,2,0,2,win,3
Premier League,PL,2025,537890,2025-11-08,11,Fulham FC,Everton FC,away,0,2,-2,loss,0
Premier League,PL,2025,537894,2025-11-08,11,West Ham United FC,Burnley FC,home,3,2,1,win,3
Premier League,PL,2025,537894,2025-11-08,11,Burnley FC,West Ham United FC,away,2,3,-1,loss,0
Premier League,PL,2025,537885,2025-11-08,11,Sunderland AFC,Arsenal FC,home,2,2,0,draw,1
Premier League,PL,2025,537885,2025-11-08,11,Arsenal FC,Sunderland AFC,away,2,2,0,draw,1
Premier League,PL,2025,537889,2025-11-08,11,Chelsea FC,Wolverhampton Wanderers FC,home,3,0,3,win,3
Premier League,PL,2025,537889,2025-11-08,11,Wolverhampton Wanderers FC,Chelsea FC,away,0,3,-3,loss,0
Premier League,PL,2025,537886,2025-11-09,11,Aston Villa FC,AFC Bournemouth,home,4,0,4,win,3
Premier League,PL,2025,537886,2025-11-09,11,AFC Bournemouth,Aston Villa FC,away,0,4,-4,loss,0
Premier League,PL,2025,537887,2025-11-09,11,Crystal Palace FC,Brighton & Hove Albion FC,home,0,0,0,draw,1
Premier League,PL,2025,537887,2025-11-09,11,Brighton & Hove Albion FC,Crystal Palace FC,away,0,0,0,draw,1
Premier League,PL,2025,537888,2025-11-09,11,Brentford FC,Newcastle United FC,home,3,1,2,win,3
Premier League,PL,2025,537888,2025-11-09,11,Newcastle United FC,Brentford FC,away,1,3,-2,loss,0
Premier League,PL,2025,537892,2025-11-09,11,Nottingham Forest FC,Leeds United FC,home,3,1,2,win,3
Premier League,PL,2025,537892,2025-11-09,11,Leeds United FC,Nottingham Forest FC,away,1,3,-2,loss,0
Premier League,PL,2025,537891,2025-11-09,11,Manchester City FC,Liverpool FC,home,3,0,3,win,3
Premier League,PL,2025,537891,2025-11-09,11,Liverpool FC,Manchester City FC,away,0,3,-3,loss,0
Premier League,PL,2025,537898,2025-11-22,12,Burnley FC,Chelsea FC,home,0,2,-2,loss,0
Premier League,PL,2025,537898,2025-11-22,12,Chelsea FC,Burnley FC,away,2,0,2,win,3
Premier League,PL,2025,537895,2025-11-22,12,AFC Bournemouth,West Ham United FC,home,2,2,0,draw,1
Premier League,PL,2025,537895,2025-11-22,12,West Ham United FC,AFC Bournemouth,away,2,2,0,draw,1
Premier League,PL,2025,537896,2025-11-22,12,Brighton & Hove Albion FC,Brentford FC,home,2,1,1,win,3
Premier League,PL,2025,537896,2025-11-22,12,Brentford FC,Brighton & Hove Albion FC,away,1,2,-1,loss,0
Premier League,PL,2025,537899,2025-11-22,12,Fulham FC,Sunderland AFC,home,1,0,1,win,3
Premier League,PL,2025,537899,2025-11-22,12,Sunderland AFC,Fulham FC,away,0,1,-1,loss,0
Premier League,PL,2025,537900,2025-11-22,12,Liverpool FC,Nottingham Forest FC,home,0,3,-3,loss,0
Premier League,PL,2025,537900,2025-11-22,12,Nottingham Forest FC,Liverpool FC,away,3,0,3,win,3
Premier League,PL,2025,537904,2025-11-22,12,Wolverhampton Wanderers FC,Crystal Palace FC,home,0,2,-2,loss,0
Premier League,PL,2025,537904,2025-11-22,12,Crystal Palace FC,Wolverhampton Wanderers FC,away,2,0,2,win,3
Premier League,PL,2025,537903,2025-11-22,12,Newcastle United FC,Manchester City FC,home,2,1,1,win,3
Premier League,PL,2025,537903,2025-11-22,12,Manchester City FC,Newcastle United FC,away,1,2,-1,loss,0
Premier League,PL,2025,537901,2025-11-23,12,Leeds United FC,Aston Villa FC,home,1,2,-1,loss,0
Premier League,PL,2025,537901,2025-11-23,12,Aston Villa FC,Leeds United FC,away,2,1,1,win,3
Premier League,PL,2025,537897,2025-11-23,12,Arsenal FC,Tottenham Hotspur FC,home,4,1,3,win,3
Premier League,PL,2025,537897,2025-11-23,12,Tottenham Hotspur FC,Arsenal FC,away,1,4,-3,loss,0
Premier League,PL,2025,537902,2025-11-24,12,Manchester United FC,Everton FC,home,0,1,-1,loss,0
Premier League,PL,2025,537902,2025-11-24,12,Everton FC,Manchester United FC,away,1,0,1,win,3
Premier League,PL,2025,537905,2025-11-29,13,Sunderland AFC,AFC Bournemouth,home,3,2,1,win,3
Premier League,PL,2025,537905,2025-11-29,13,AFC Bournemouth,Sunderland AFC,away,2,3,-1,loss,0
Premier League,PL,2025,537908,2025-11-29,13,Brentford FC,Burnley FC,home,3,1,2,win,3
Premier League,PL,2025,537908,2025-11-29,13,Burnley FC,Brentford FC,away,1,3,-2,loss,0
Premier League,PL,2025,537911,2025-11-29,13,Manchester City FC,Leeds United FC,home,3,2,1,win,3
Premier League,PL,2025,537911,2025-11-29,13,Leeds United FC,Manchester City FC,away,2,3,-1,loss,0
Premier League,PL,2025,537910,2025-11-29,13,Everton FC,Newcastle United FC,home,1,4,-3,loss,0
Premier League,PL,2025,537910,2025-11-29,13,Newcastle United FC,Everton FC,away,4,1,3,win,3
Premier League,PL,2025,537913,2025-11-29,13,Tottenham Hotspur FC,Fulham FC,home,1,2,-1,loss,0
Premier League,PL,2025,537913,2025-11-29,13,Fulham FC,Tottenham Hotspur FC,away,2,1,1,win,3
Premier League,PL,2025,537907,2025-11-30,13,Crystal Palace FC,Manchester United FC,home,1,2,-1,loss,0
Premier League,PL,2025,537907,2025-11-30,13,Manchester United FC,Crystal Palace FC,away,2,1,1,win,3
Premier League,PL,2025,537906,2025-11-30,13,Aston Villa FC,Wolverhampton Wanderers FC,home,1,0,1,win,3
Premier League,PL,2025,537906,2025-11-30,13,Wolverhampton Wanderers FC,Aston Villa FC,away,0,1,-1,loss,0
Premier League,PL,2025,537912,2025-11-30,13,Nottingham Forest FC,Brighton & Hove Albion FC,home,0,2,-2,loss,0
Premier League,PL,2025,537912,2025-11-30,13,Brighton & Hove Albion FC,Nottingham Forest FC,away,2,0,2,win,3
Premier League,PL,2025,537914,2025-11-30,13,West Ham United FC,Liverpool FC,home,0,2,-2,loss,0
Premier League,PL,2025,537914,2025-11-30,13,Liverpool FC,West Ham United FC,away,2,0,2,win,3
Premier League,PL,2025,537909,2025-11-30,13,Chelsea FC,Arsenal FC,home,1,1,0,draw,1
Premier League,PL,2025,537909,2025-11-30,13,Arsenal FC,Chelsea FC,away,1,1,0,draw,1
Premier League,PL,2025,537915,2025-12-02,14,AFC Bournemouth,Everton FC,home,0,1,-1,loss,0
Premier League,PL,2025,537915,2025-12-02,14,Everton FC,AFC Bournemouth,away,1,0,1,win,3
Premier League,PL,2025,537919,2025-12-02,14,Fulham FC,Manchester City FC,home,4,5,-1,loss,0
Premier League,PL,2025,537919,2025-12-02,14,Manchester City FC,Fulham FC,away,5,4,1,win,3
Premier League,PL,2025,537923,2025-12-02,14,Newcastle United FC,Tottenham Hotspur FC,home,2,2,0,draw,1
Premier League,PL,2025,537923,2025-12-02,14,Tottenham Hotspur FC,Newcastle United FC,away,2,2,0,draw,1
Premier League,PL,2025,537916,2025-12-03,14,Brighton & Hove Albion FC,Aston Villa FC,home,3,4,-1,loss,0
Premier League,PL,2025,537916,2025-12-03,14,Aston Villa FC,Brighton & Hove Albion FC,away,4,3,1,win,3
Premier League,PL,2025,537917,2025-12-03,14,Arsenal FC,Brentford FC,home,2,0,2,win,3
Premier League,PL,2025,537917,2025-12-03,14,Brentford FC,Arsenal FC,away,0,2,-2,loss,0
Premier League,PL,2025,537918,2025-12-03,14,Burnley FC,Crystal Palace FC,home,0,1,-1,loss,0
Premier League,PL,2025,537918,2025-12-03,14,Crystal Palace FC,Burnley FC,away,1,0,1,win,3
Premier League,PL,2025,537924,2025-12-03,14,Wolverhampton Wanderers FC,Nottingham Forest FC,home,0,1,-1,loss,0
Premier League,PL,2025,537924,2025-12-03,14,Nottingham Forest FC,Wolverhampton Wanderers FC,away,1,0,1,win,3
Premier League,PL,2025,537920,2025-12-03,14,Liverpool FC,Sunderland AFC,home,1,1,0,draw,1
Premier League,PL,2025,537920,2025-12-03,14,Sunderland AFC,Liverpool FC,away,1,1,0,draw,1
Premier League,PL,2025,537921,2025-12-03,14,Leeds United FC,Chelsea FC,home,3,1,2,win,3
Premier League,PL,2025,537921,2025-12-03,14,Chelsea FC,Leeds United FC,away,1,3,-2,loss,0
Premier League,PL,2025,537922,2025-12-04,14,Manchester United FC,West Ham United FC,home,1,1,0,draw,1
Premier League,PL,2025,537922,2025-12-04,14,West Ham United FC,Manchester United FC,away,1,1,0,draw,1
Premier League,PL,2025,537926,2025-12-06,15,Aston Villa FC,Arsenal FC,home,2,1,1,win,3
Premier League,PL,2025,537926,2025-12-06,15,Arsenal FC,Aston Villa FC,away,1,2,-1,loss,0
Premier League,PL,2025,537925,2025-12-06,15,AFC Bournemouth,Chelsea FC,home,0,0,0,draw,1
Premier League,PL,2025,537925,2025-12-06,15,Chelsea FC,AFC Bournemouth,away,0,0,0,draw,1
Premier League,PL,2025,537928,2025-12-06,15,Everton FC,Nottingham Forest FC,home,3,0,3,win,3
Premier League,PL,2025,537928,2025-12-06,15,Nottingham Forest FC,Everton FC,away,0,3,-3,loss,0
Premier League,PL,2025,537931,2025-12-06,15,Manchester City FC,Sunderland AFC,home,3,0,3,win,3
Premier League,PL,2025,537931,2025-12-06,15,Sunderland AFC,Manchester City FC,away,0,3,-3,loss,0
Premier League,PL,2025,537932,2025-12-06,15,Newcastle United FC,Burnley FC,home,2,1,1,win,3
Premier League,PL,2025,537932,2025-12-06,15,Burnley FC,Newcastle United FC,away,1,2,-1,loss,0
Premier League,PL,2025,537933,2025-12-06,15,Tottenham Hotspur FC,Brentford FC,home,2,0,2,win,3
Premier League,PL,2025,537933,2025-12-06,15,Brentford FC,Tottenham Hotspur FC,away,0,2,-2,loss,0
Premier League,PL,2025,537930,2025-12-06,15,Leeds United FC,Liverpool FC,home,3,3,0,draw,1
Premier League,PL,2025,537930,2025-12-06,15,Liverpool FC,Leeds United FC,away,3,3,0,draw,1
Premier League,PL,2025,537927,2025-12-07,15,Brighton & Hove Albion FC,West Ham United FC,home,1,1,0,draw,1
Premier League,PL,2025,537927,2025-12-07,15,West Ham United FC,Brighton & Hove Albion FC,away,1,1,0,draw,1
Premier League,PL,2025,537929,2025-12-07,15,Fulham FC,Crystal Palace FC,home,1,2,-1,loss,0
Premier League,PL,2025,537929,2025-12-07,15,Crystal Palace FC,Fulham FC,away,2,1,1,win,3
Premier League,PL,2025,537934,2025-12-08,15,Wolverhampton Wanderers FC,Manchester United FC,home,1,4,-3,loss,0
Premier League,PL,2025,537934,2025-12-08,15,Manchester United FC,Wolverhampton Wanderers FC,away,4,1,3,win,3
Premier League,PL,2025,537940,2025-12-13,16,Chelsea FC,Everton FC,home,2,0,2,win,3
Premier League,PL,2025,537940,2025-12-13,16,Everton FC,Chelsea FC,away,0,2,-2,loss,0
Premier League,PL,2025,537941,2025-12-13,16,Liverpool FC,Brighton & Hove Albion FC,home,2,0,2,win,3
Premier League,PL,2025,537941,2025-12-13,16,Brighton & Hove Albion FC,Liverpool FC,away,0,2,-2,loss,0
Premier League,PL,2025,537939,2025-12-13,16,Burnley FC,Fulham FC,home,2,3,-1,loss,0
Premier League,PL,2025,537939,2025-12-13,16,Fulham FC,Burnley FC,away,3,2,1,win,3
Premier League,PL,2025,537937,2025-12-13,16,Arsenal FC,Wolverhampton Wanderers FC,home,2,1,1,win,3
Premier League,PL,2025,537937,2025-12-13,16,Wolverhampton Wanderers FC,Arsenal FC,away,1,2,-1,loss,0
Premier League,PL,2025,537935,2025-12-14,16,Sunderland AFC,Newcastle United FC,home,1,0,1,win,3
Premier League,PL,2025,537935,2025-12-14,16,Newcastle United FC,Sunderland AFC,away,0,1,-1,loss,0
Premier League,PL,2025,537936,2025-12-14,16,Crystal Palace FC,Manchester City FC,home,0,3,-3,loss,0
Premier League,PL,2025,537936,2025-12-14,16,Manchester City FC,Crystal Palace FC,away,3,0,3,win,3
Premier League,PL,2025,537943,2025-12-14,16,Nottingham Forest FC,Tottenham Hotspur FC,home,3,0,3,win,3
Premier League,PL,2025,537943,2025-12-14,16,Tottenham Hotspur FC,Nottingham Forest FC,away,0,3,-3,loss,0
Premier League,PL,2025,537944,2025-12-14,16,West Ham United FC,Aston Villa FC,home,2,3,-1,loss,0
Premier League,PL,2025,537944,2025-12-14,16,Aston Villa FC,West Ham United FC,away,3,2,1,win,3
Premier League,PL,2025,537938,2025-12-14,16,Brentford FC,Leeds United FC,home,1,1,0,draw,1
Premier League,PL,2025,537938,2025-12-14,16,Leeds United FC,Brentford FC,away,1,1,0,draw,1
Premier League,PL,2025,537942,2025-12-15,16,Manchester United FC,AFC Bournemouth,home,4,4,0,draw,1
Premier League,PL,2025,537942,2025-12-15,16,AFC Bournemouth,Manchester United FC,away,4,4,0,draw,1
Premier League,PL,2025,537952,2025-12-20,17,Newcastle United FC,Chelsea FC,home,2,2,0,draw,1
Premier League,PL,2025,537952,2025-12-20,17,Chelsea FC,Newcastle United FC,away,2,2,0,draw,1
Premier League,PL,2025,537945,2025-12-20,17,AFC Bournemouth,Burnley FC,home,1,1,0,draw,1
Premier League,PL,2025,537945,2025-12-20,17,Burnley FC,AFC Bournemouth,away,1,1,0,draw,1
Premier League,PL,2025,537947,2025-12-20,17,Brighton & Hove Albion FC,Sunderland AFC,home,0,0,0,draw,1
Premier League,PL,2025,537947,2025-12-20,17,Sunderland AFC,Brighton & Hove Albion FC,away,0,0,0,draw,1
Premier League,PL,2025,537951,2025-12-20,17,Manchester City FC,West Ham United FC,home,3,0,3,win,3
Premier League,PL,2025,537951,2025-12-20,17,West Ham United FC,Manchester City FC,away,0,3,-3,loss,0
Premier League,PL,2025,537954,2025-12-20,17,Wolverhampton Wanderers FC,Brentford FC,home,0,2,-2,loss,0
Premier League,PL,2025,537954,2025-12-20,17,Brentford FC,Wolverhampton Wanderers FC,away,2,0,2,win,3
Premier League,PL,2025,537953,2025-12-20,17,Tottenham Hotspur FC,Liverpool FC,home,1,2,-1,loss,0
Premier League,PL,2025,537953,2025-12-20,17,Liverpool FC,Tottenham Hotspur FC,away,2,1,1,win,3
Premier League,PL,2025,537948,2025-12-20,17,Everton FC,Arsenal FC,home,0,1,-1,loss,0
Premier League,PL,2025,537948,2025-12-20,17,Arsenal FC,Everton FC,away,1,0,1,win,3
Premier League,PL,2025,537950,2025-12-20,17,Leeds United FC,Crystal Palace FC,home,4,1,3,win,3
Premier League,PL,2025,537950,2025-12-20,17,Crystal Palace FC,Leeds United FC,away,1,4,-3,loss,0
Premier League,PL,2025,537946,2025-12-21,17,Aston Villa FC,Manchester United FC,home,2,1,1,win,3
Premier League,PL,2025,537946,2025-12-21,17,Manchester United FC,Aston Villa FC,away,1,2,-1,loss,0
Premier League,PL,2025,537949,2025-12-22,17,Fulham FC,Nottingham Forest FC,home,1,0,1,win,3
Premier League,PL,2025,537949,2025-12-22,17,Nottingham Forest FC,Fulham FC,away,0,1,-1,loss,0
Premier League,PL,2025,537962,2025-12-26,18,Manchester United FC,Newcastle United FC,home,1,0,1,win,3
Premier League,PL,2025,537962,2025-12-26,18,Newcastle United FC,Manchester United FC,away,0,1,-1,loss,0
Premier League,PL,2025,537963,2025-12-27,18,Nottingham Forest FC,Manchester City FC,home,1,2,-1,loss,0
Premier League,PL,2025,537963,2025-12-27,18,Manchester City FC,Nottingham Forest FC,away,2,1,1,win,3
Premier League,PL,2025,537957,2025-12-27,18,Arsenal FC,Brighton & Hove Albion FC,home,2,1,1,win,3
Premier League,PL,2025,537957,2025-12-27,18,Brighton & Hove Albion FC,Arsenal FC,away,1,2,-1,loss,0
Premier League,PL,2025,537958,2025-12-27,18,Brentford FC,AFC Bournemouth,home,4,1,3,win,3
Premier League,PL,2025,537958,2025-12-27,18,AFC Bournemouth,Brentford FC,away,1,4,-3,loss,0
Premier League,PL,2025,537959,2025-12-27,18,Burnley FC,Everton FC,home,0,0,0,draw,1
Premier League,PL,2025,537959,2025-12-27,18,Everton FC,Burnley FC,away,0,0,0,draw,1
Premier League,PL,2025,537961,2025-12-27,18,Liverpool FC,Wolverhampton Wanderers FC,home,2,1,1,win,3
Premier League,PL,2025,537961,2025-12-27,18,Wolverhampton Wanderers FC,Liverpool FC,away,1,2,-1,loss,0
Premier League,PL,2025,537964,2025-12-27,18,West Ham United FC,Fulham FC,home,0,1,-1,loss,0
Premier League,PL,2025,537964,2025-12-27,18,Fulham FC,West Ham United FC,away,1,0,1,win,3
Premier League,PL,2025,537960,2025-12-27,18,Chelsea FC,Aston Villa FC,home,1,2,-1,loss,0
Premier League,PL,2025,537960,2025-12-27,18,Aston Villa FC,Chelsea FC,away,2,1,1,win,3
Premier League,PL,2025,537955,2025-12-28,18,Sunderland AFC,Leeds United FC,home,1,1,0,draw,1
Premier League,PL,2025,537955,2025-12-28,18,Leeds United FC,Sunderland AFC,away,1,1,0,draw,1
Premier League,PL,2025,537956,2025-12-28,18,Crystal Palace FC,Tottenham Hotspur FC,home,0,1,-1,loss,0
Premier League,PL,2025,537956,2025-12-28,18,Tottenham Hotspur FC,Crystal Palace FC,away,1,0,1,win,3
Premier League,PL,2025,537969,2025-12-30,19,Burnley FC,Newcastle United FC,home,1,3,-2,loss,0
Premier League,PL,2025,537969,2025-12-30,19,Newcastle United FC,Burnley FC,away,3,1,2,win,3
Premier League,PL,2025,537970,2025-12-30,19,Chelsea FC,AFC Bournemouth,home,2,2,0,draw,1
Premier League,PL,2025,537970,2025-12-30,19,AFC Bournemouth,Chelsea FC,away,2,2,0,draw,1
Premier League,PL,2025,537973,2025-12-30,19,Nottingham Forest FC,Everton FC,home,0,2,-2,loss,0
Premier League,PL,2025,537973,2025-12-30,19,Everton FC,Nottingham Forest FC,away,2,0,2,win,3
Premier League,PL,2025,537974,2025-12-30,19,West Ham United FC,Brighton & Hove Albion FC,home,2,2,0,draw,1
Premier League,PL,2025,537974,2025-12-30,19,Brighton & Hove Albion FC,West Ham United FC,away,2,2,0,draw,1
Premier League,PL,2025,537967,2025-12-30,19,Arsenal FC,Aston Villa FC,home,4,1,3,win,3
Premier League,PL,2025,537967,2025-12-30,19,Aston Villa FC,Arsenal FC,away,1,4,-3,loss,0
Premier League,PL,2025,537972,2025-12-30,19,Manchester United FC,Wolverhampton Wanderers FC,home,1,1,0,draw,1
Premier League,PL,2025,537972,2025-12-30,19,Wolverhampton Wanderers FC,Manchester United FC,away,1,1,0,draw,1
Premier League,PL,2025,537966,2026-01-01,19,Crystal Palace FC,Fulham FC,home,1,1,0,draw,1
Premier League,PL,2025,537966,2026-01-01,19,Fulham FC,Crystal Palace FC,away,1,1,0,draw,1
Premier League,PL,2025,537971,2026-01-01,19,Liverpool FC,Leeds United FC,home,0,0,0,draw,1
Premier League,PL,2025,537971,2026-01-01,19,Leeds United FC,Liverpool FC,away,0,0,0,draw,1
Premier League,PL,2025,537965,2026-01-01,19,Sunderland AFC,Manchester City FC,home,0,0,0,draw,1
Premier League,PL,2025,537965,2026-01-01,19,Manchester City FC,Sunderland AFC,away,0,0,0,draw,1
Premier League,PL,2025,537968,2026-01-01,19,Brentford FC,Tottenham Hotspur FC,home,0,0,0,draw,1
Premier League,PL,2025,537968,2026-01-01,19,Tottenham Hotspur FC,Brentford FC,away,0,0,0,draw,1
Premier League,PL,2025,537976,2026-01-03,20,Aston Villa FC,Nottingham Forest FC,home,3,1,2,win,3
Premier League,PL,2025,537976,2026-01-03,20,Nottingham Forest FC,Aston Villa FC,away,1,3,-2,loss,0
Premier League,PL,2025,537977,2026-01-03,20,Brighton & Hove Albion FC,Burnley FC,home,2,0,2,win,3
Premier League,PL,2025,537977,2026-01-03,20,Burnley FC,Brighton & Hove Albion FC,away,0,2,-2,loss,0
Premier League,PL,2025,537984,2026-01-03,20,Wolverhampton Wanderers FC,West Ham United FC,home,3,0,3,win,3
Premier League,PL,2025,537984,2026-01-03,20,West Ham United FC,Wolverhampton Wanderers FC,away,0,3,-3,loss,0
Premier League,PL,2025,537975,2026-01-03,20,AFC Bournemouth,Arsenal FC,home,2,3,-1,loss,0
Premier League,PL,2025,537975,2026-01-03,20,Arsenal FC,AFC Bournemouth,away,3,2,1,win,3
Premier League,PL,2025,537980,2026-01-04,20,Leeds United FC,Manchester United FC,home,1,1,0,draw,1
Premier League,PL,2025,537980,2026-01-04,20,Manchester United FC,Leeds United FC,away,1,1,0,draw,1
Premier League,PL,2025,537978,2026-01-04,20,Everton FC,Brentford FC,home,2,4,-2,loss,0
Premier League,PL,2025,537978,2026-01-04,20,Brentford FC,Everton FC,away,4,2,2,win,3
Premier League,PL,2025,537982,2026-01-04,20,Newcastle United FC,Crystal Palace FC,home,2,0,2,win,3
Premier League,PL,2025,537982,2026-01-04,20,Crystal Palace FC,Newcastle United FC,away,0,2,-2,loss,0
Premier League,PL,2025,537983,2026-01-04,20,Tottenham Hotspur FC,Sunderland AFC,home,1,1,0,draw,1
Premier League,PL,2025,537983,2026-01-04,20,Sunderland AFC,Tottenham Hotspur FC,away,1,1,0,draw,1
Premier League,PL,2025,537979,2026-01-04,20,Fulham FC,Liverpool FC,home,2,2,0,draw,1
Premier League,PL,2025,537979,2026-01-04,20,Liverpool FC,Fulham FC,away,2,2,0,draw,1
Premier League,PL,2025,537981,2026-01-04,20,Manchester City FC,Chelsea FC,home,1,1,0,draw,1
Premier League,PL,2025,537981,2026-01-04,20,Chelsea FC,Manchester City FC,away,1,1,0,draw,1
Premier League,PL,2025,537994,2026-01-06,21,West Ham United FC,Nottingham Forest FC,home,1,2,-1,loss,0
Premier League,PL,2025,537994,2026-01-06,21,Nottingham Forest FC,West Ham United FC,away,2,1,1,win,3
Premier League,PL,2025,537985,2026-01-07,21,AFC Bournemouth,Tottenham Hotspur FC,home,3,2,1,win,3
Premier League,PL,2025,537985,2026-01-07,21,Tottenham Hotspur FC,AFC Bournemouth,away,2,3,-1,loss,0
Premier League,PL,2025,537986,2026-01-07,21,Crystal Palace FC,Aston Villa FC,home,0,0,0,draw,1
Premier League,PL,2025,537986,2026-01-07,21,Aston Villa FC,Crystal Palace FC,away,0,0,0,draw,1
Premier League,PL,2025,537988,2026-01-07,21,Brentford FC,Sunderland AFC,home,3,0,3,win,3
Premier League,PL,2025,537988,2026-01-07,21,Sunderland AFC,Brentford FC,away,0,3,-3,loss,0
Premier League,PL,2025,537990,2026-01-07,21,Everton FC,Wolverhampton Wanderers FC,home,1,1,0,draw,1
Premier League,PL,2025,537990,2026-01-07,21,Wolverhampton Wanderers FC,Everton FC,away,1,1,0,draw,1
Premier League,PL,2025,537991,2026-01-07,21,Fulham FC,Chelsea FC,home,2,1,1,win,3
Premier League,PL,2025,537991,2026-01-07,21,Chelsea FC,Fulham FC,away,1,2,-1,loss,0
Premier League,PL,2025,537992,2026-01-07,21,Manchester City FC,Brighton & Hove Albion FC,home,1,1,0,draw,1
Premier League,PL,2025,537992,2026-01-07,21,Brighton & Hove Albion FC,Manchester City FC,away,1,1,0,draw,1
Premier League,PL,2025,537989,2026-01-07,21,Burnley FC,Manchester United FC,home,2,2,0,draw,1
Premier League,PL,2025,537989,2026-01-07,21,Manchester United FC,Burnley FC,away,2,2,0,draw,1
Premier League,PL,2025,537993,2026-01-07,21,Newcastle United FC,Leeds United FC,home,4,3,1,win,3
Premier League,PL,2025,537993,2026-01-07,21,Leeds United FC,Newcastle United FC,away,3,4,-1,loss,0
Premier League,PL,2025,537987,2026-01-08,21,Arsenal FC,Liverpool FC,home,0,0,0,draw,1
Premier League,PL,2025,537987,2026-01-08,21,Liverpool FC,Arsenal FC,away,0,0,0,draw,1
Premier League,PL,2025,538001,2026-01-17,22,Manchester United FC,Manchester City FC,home,2,0,2,win,3
Premier League,PL,2025,538001,2026-01-17,22,Manchester City FC,Manchester United FC,away,0,2,-2,loss,0
Premier League,PL,2025,537995,2026-01-17,22,Sunderland AFC,Crystal Palace FC,home,2,1,1,win,3
Premier League,PL,2025,537995,2026-01-17,22,Crystal Palace FC,Sunderland AFC,away,1,2,-1,loss,0
Premier League,PL,2025,537998,2026-01-17,22,Chelsea FC,Brentford FC,home,2,0,2,win,3
Premier League,PL,2025,537998,2026-01-17,22,Brentford FC,Chelsea FC,away,0,2,-2,loss,0
Premier League,PL,2025,537999,2026-01-17,22,Liverpool FC,Burnley FC,home,1,1,0,draw,1
Premier League,PL,2025,537999,2026-01-17,22,Burnley FC,Liverpool FC,away,1,1,0,draw,1
Premier League,PL,2025,538000,2026-01-17,22,Leeds United FC,Fulham FC,home,1,0,1,win,3
Premier League,PL,2025,538000,2026-01-17,22,Fulham FC,Leeds United FC,away,0,1,-1,loss,0
Premier League,PL,2025,538003,2026-01-17,22,Tottenham Hotspur FC,West Ham United FC,home,1,2,-1,loss,0
Premier League,PL,2025,538003,2026-01-17,22,West Ham United FC,Tottenham Hotspur FC,away,2,1,1,win,3
Premier League,PL,2025,538002,2026-01-17,22,Nottingham Forest FC,Arsenal FC,home,0,0,0,draw,1
Premier League,PL,2025,538002,2026-01-17,22,Arsenal FC,Nottingham Forest FC,away,0,0,0,draw,1
Premier League,PL,2025,538004,2026-01-18,22,Wolverhampton Wanderers FC,Newcastle United FC,home,0,0,0,draw,1
Premier League,PL,2025,538004,2026-01-18,22,Newcastle United FC,Wolverhampton Wanderers FC,away,0,0,0,draw,1
Premier League,PL,2025,537996,2026-01-18,22,Aston Villa FC,Everton FC,home,0,1,-1,loss,0
Premier League,PL,2025,537996,2026-01-18,22,Everton FC,Aston Villa FC,away,1,0,1,win,3
Premier League,PL,2025,537997,2026-01-19,22,Brighton & Hove Albion FC,AFC Bournemouth,home,1,1,0,draw,1
Premier League,PL,2025,537997,2026-01-19,22,AFC Bournemouth,Brighton & Hove Albion FC,away,1,1,0,draw,1
Premier League,PL,2025,538014,2026-01-24,23,West Ham United FC,Sunderland AFC,home,3,1,2,win,3
Premier League,PL,2025,538014,2026-01-24,23,Sunderland AFC,West Ham United FC,away,1,3,-2,loss,0
Premier League,PL,2025,538009,2026-01-24,23,Burnley FC,Tottenham Hotspur FC,home,2,2,0,draw,1
Premier League,PL,2025,538009,2026-01-24,23,Tottenham Hotspur FC,Burnley FC,away,2,2,0,draw,1
Premier League,PL,2025,538011,2026-01-24,23,Fulham FC,Brighton & Hove Albion FC,home,2,1,1,win,3
Premier League,PL,2025,538011,2026-01-24,23,Brighton & Hove Albion FC,Fulham FC,away,1,2,-1,loss,0
Premier League,PL,2025,538012,2026-01-24,23,Manchester City FC,Wolverhampton Wanderers FC,home,2,0,2,win,3
Premier League,PL,2025,538012,2026-01-24,23,Wolverhampton Wanderers FC,Manchester City FC,away,0,2,-2,loss,0
Premier League,PL,2025,538005,2026-01-24,23,AFC Bournemouth,Liverpool FC,home,3,2,1,win,3
Premier League,PL,2025,538005,2026-01-24,23,Liverpool FC,AFC Bournemouth,away,2,3,-1,loss,0
Premier League,PL,2025,538006,2026-01-25,23,Crystal Palace FC,Chelsea FC,home,1,3,-2,loss,0
Premier League,PL,2025,538006,2026-01-25,23,Chelsea FC,Crystal Palace FC,away,3,1,2,win,3
Premier League,PL,2025,538008,2026-01-25,23,Brentford FC,Nottingham Forest FC,home,0,2,-2,loss,0
Premier League,PL,2025,538008,2026-01-25,23,Nottingham Forest FC,Brentford FC,away,2,0,2,win,3
Premier League,PL,2025,538013,2026-01-25,23,Newcastle United FC,Aston Villa FC,home,0,2,-2,loss,0
Premier League,PL,2025,538013,2026-01-25,23,Aston Villa FC,Newcastle United FC,away,2,0,2,win,3
Premier League,PL,2025,538007,2026-01-25,23,Arsenal FC,Manchester United FC,home,2,3,-1,loss,0
Premier League,PL,2025,538007,2026-01-25,23,Manchester United FC,Arsenal FC,away,3,2,1,win,3
Premier League,PL,2025,538010,2026-01-26,23,Everton FC,Leeds United FC,home,1,1,0,draw,1
Premier League,PL,2025,538010,2026-01-26,23,Leeds United FC,Everton FC,away,1,1,0,draw,1
Premier League,PL,2025,538017,2026-01-31,24,Brighton & Hove Albion FC,Everton FC,home,1,1,0,draw,1
Premier League,PL,2025,538017,2026-01-31,24,Everton FC,Brighton & Hove Albion FC,away,1,1,0,draw,1
Premier League,PL,2025,538020,2026-01-31,24,Leeds United FC,Arsenal FC,home,0,4,-4,loss,0
Premier League,PL,2025,538020,2026-01-31,24,Arsenal FC,Leeds United FC,away,4,0,4,win,3
Premier League,PL,2025,538024,2026-01-31,24,Wolverhampton Wanderers FC,AFC Bournemouth,home,0,2,-2,loss,0
Premier League,PL,2025,538024,2026-01-31,24,AFC Bournemouth,Wolverhampton Wanderers FC,away,2,0,2,win,3
Premier League,PL,2025,538018,2026-01-31,24,Chelsea FC,West Ham United FC,home,3,2,1,win,3
Premier League,PL,2025,538018,2026-01-31,24,West Ham United FC,Chelsea FC,away,2,3,-1,loss,0
Premier League,PL,2025,538019,2026-01-31,24,Liverpool FC,Newcastle United FC,home,4,1,3,win,3
Premier League,PL,2025,538019,2026-01-31,24,Newcastle United FC,Liverpool FC,away,1,4,-3,loss,0
Premier League,PL,2025,538016,2026-02-01,24,Aston Villa FC,Brentford FC,home,0,1,-1,loss,0
Premier League,PL,2025,538016,2026-02-01,24,Brentford FC,Aston Villa FC,away,1,0,1,win,3
Premier League,PL,2025,538021,2026-02-01,24,Manchester United FC,Fulham FC,home,3,2,1,win,3
Premier League,PL,2025,538021,2026-02-01,24,Fulham FC,Manchester United FC,away,2,3,-1,loss,0
Premier League,PL,2025,538022,2026-02-01,24,Nottingham Forest FC,Crystal Palace FC,home,1,1,0,draw,1
Premier League,PL,2025,538022,2026-02-01,24,Crystal Palace FC,Nottingham Forest FC,away,1,1,0,draw,1
Premier League,PL,2025,538023,2026-02-01,24,Tottenham Hotspur FC,Manchester City FC,home,2,2,0,draw,1
Premier League,PL,2025,538023,2026-02-01,24,Manchester City FC,Tottenham Hotspur FC,away,2,2,0,draw,1
Premier League,PL,2025,538015,2026-02-02,24,Sunderland AFC,Burnley FC,home,3,0,3,win,3
Premier League,PL,2025,538015,2026-02-02,24,Burnley FC,Sunderland AFC,away,0,3,-3,loss,0
Premier League,PL,2025,538031,2026-02-06,25,Leeds United FC,Nottingham Forest FC,home,3,1,2,win,3
Premier League,PL,2025,538031,2026-02-06,25,Nottingham Forest FC,Leeds United FC,away,1,3,-2,loss,0
Premier League,PL,2025,538032,2026-02-07,25,Manchester United FC,Tottenham Hotspur FC,home,2,0,2,win,3
Premier League,PL,2025,538032,2026-02-07,25,Tottenham Hotspur FC,Manchester United FC,away,0,2,-2,loss,0
Premier League,PL,2025,538025,2026-02-07,25,AFC Bournemouth,Aston Villa FC,home,1,1,0,draw,1
Premier League,PL,2025,538025,2026-02-07,25,Aston Villa FC,AFC Bournemouth,away,1,1,0,draw,1
Premier League,PL,2025,538027,2026-02-07,25,Arsenal FC,Sunderland AFC,home,3,0,3,win,3
Premier League,PL,2025,538027,2026-02-07,25,Sunderland AFC,Arsenal FC,away,0,3,-3,loss,0
Premier League,PL,2025,538028,2026-02-07,25,Burnley FC,West Ham United FC,home,0,2,-2,loss,0
Premier League,PL,2025,538028,2026-02-07,25,West Ham United FC,Burnley FC,away,2,0,2,win,3
Premier League,PL,2025,538029,2026-02-07,25,Fulham FC,Everton FC,home,1,2,-1,loss,0
Premier League,PL,2025,538029,2026-02-07,25,Everton FC,Fulham FC,away,2,1,1,win,3
Premier League,PL,2025,538034,2026-02-07,25,Wolverhampton Wanderers FC,Chelsea FC,home,1,3,-2,loss,0
Premier League,PL,2025,538034,2026-02-07,25,Chelsea FC,Wolverhampton Wanderers FC,away,3,1,2,win,3
Premier League,PL,2025,538033,2026-02-07,25,Newcastle United FC,Brentford FC,home,2,3,-1,loss,0
Premier League,PL,2025,538033,2026-02-07,25,Brentford FC,Newcastle United FC,away,3,2,1,win,3
Premier League,PL,2025,538026,2026-02-08,25,Brighton & Hove Albion FC,Crystal Palace FC,home,0,1,-1,loss,0
Premier League,PL,2025,538026,2026-02-08,25,Crystal Palace FC,Brighton & Hove Albion FC,away,1,0,1,win,3
Premier League,PL,2025,538030,2026-02-08,25,Liverpool FC,Manchester City FC,home,1,2,-1,loss,0
Premier League,PL,2025,538030,2026-02-08,25,Manchester City FC,Liverpool FC,away,2,1,1,win,3
Premier League,PL,2025,538039,2026-02-10,26,Chelsea FC,Leeds United FC,home,2,2,0,draw,1
Premier League,PL,2025,538039,2026-02-10,26,Leeds United FC,Chelsea FC,away,2,2,0,draw,1
Premier League,PL,2025,538040,2026-02-10,26,Everton FC,AFC Bournemouth,home,1,2,-1,loss,0
Premier League,PL,2025,538040,2026-02-10,26,AFC Bournemouth,Everton FC,away,2,1,1,win,3
Premier League,PL,2025,538043,2026-02-10,26,Tottenham Hotspur FC,Newcastle United FC,home,1,2,-1,loss,0
Premier League,PL,2025,538043,2026-02-10,26,Newcastle United FC,Tottenham Hotspur FC,away,2,1,1,win,3
Premier League,PL,2025,538044,2026-02-10,26,West Ham United FC,Manchester United FC,home,1,1,0,draw,1
Premier League,PL,2025,538044,2026-02-10,26,Manchester United FC,West Ham United FC,away,1,1,0,draw,1
Premier League,PL,2025,538036,2026-02-11,26,Aston Villa FC,Brighton & Hove Albion FC,home,1,0,1,win,3
Premier League,PL,2025,538036,2026-02-11,26,Brighton & Hove Albion FC,Aston Villa FC,away,0,1,-1,loss,0
Premier League,PL,2025,538041,2026-02-11,26,Manchester City FC,Fulham FC,home,3,0,3,win,3
Premier League,PL,2025,538041,2026-02-11,26,Fulham FC,Manchester City FC,away,0,3,-3,loss,0
Premier League,PL,2025,538042,2026-02-11,26,Nottingham Forest FC,Wolverhampton Wanderers FC,home,0,0,0,draw,1
Premier League,PL,2025,538042,2026-02-11,26,Wolverhampton Wanderers FC,Nottingham Forest FC,away,0,0,0,draw,1
Premier League,PL,2025,538037,2026-02-11,26,Crystal Palace FC,Burnley FC,home,2,3,-1,loss,0
Premier League,PL,2025,538037,2026-02-11,26,Burnley FC,Crystal Palace FC,away,3,2,1,win,3
Premier League,PL,2025,538035,2026-02-11,26,Sunderland AFC,Liverpool FC,home,0,1,-1,loss,0
Premier League,PL,2025,538035,2026-02-11,26,Liverpool FC,Sunderland AFC,away,1,0,1,win,3
Premier League,PL,2025,538038,2026-02-12,26,Brentford FC,Arsenal FC,home,1,1,0,draw,1
Premier League,PL,2025,538038,2026-02-12,26,Arsenal FC,Brentford FC,away,1,1,0,draw,1
Premier League,PL,2025,538094,2026-02-18,31,Wolverhampton Wanderers FC,Arsenal FC,home,2,2,0,draw,1
Premier League,PL,2025,538094,2026-02-18,31,Arsenal FC,Wolverhampton Wanderers FC,away,2,2,0,draw,1
Premier League,PL,2025,538046,2026-02-21,27,Aston Villa FC,Leeds United FC,home,1,1,0,draw,1
Premier League,PL,2025,538046,2026-02-21,27,Leeds United FC,Aston Villa FC,away,1,1,0,draw,1
Premier League,PL,2025,538048,2026-02-21,27,Brentford FC,Brighton & Hove Albion FC,home,0,2,-2,loss,0
Premier League,PL,2025,538048,2026-02-21,27,Brighton & Hove Albion FC,Brentford FC,away,2,0,2,win,3
Premier League,PL,2025,538049,2026-02-21,27,Chelsea FC,Burnley FC,home,1,1,0,draw,1
Premier League,PL,2025,538049,2026-02-21,27,Burnley FC,Chelsea FC,away,1,1,0,draw,1
Premier League,PL,2025,538054,2026-02-21,27,West Ham United FC,AFC Bournemouth,home,0,0,0,draw,1
Premier League,PL,2025,538054,2026-02-21,27,AFC Bournemouth,West Ham United FC,away,0,0,0,draw,1
Premier League,PL,2025,538051,2026-02-21,27,Manchester City FC,Newcastle United FC,home,2,1,1,win,3
Premier League,PL,2025,538051,2026-02-21,27,Newcastle United FC,Manchester City FC,away,1,2,-1,loss,0
Premier League,PL,2025,538045,2026-02-22,27,Sunderland AFC,Fulham FC,home,1,3,-2,loss,0
Premier League,PL,2025,538045,2026-02-22,27,Fulham FC,Sunderland AFC,away,3,1,2,win,3
Premier League,PL,2025,538047,2026-02-22,27,Crystal Palace FC,Wolverhampton Wanderers FC,home,1,0,1,win,3
Premier League,PL,2025,538047,2026-02-22,27,Wolverhampton Wanderers FC,Crystal Palace FC,away,0,1,-1,loss,0
Premier League,PL,2025,538052,2026-02-22,27,Nottingham Forest FC,Liverpool FC,home,0,1,-1,loss,0
Premier League,PL,2025,538052,2026-02-22,27,Liverpool FC,Nottingham Forest FC,away,1,0,1,win,3
Premier League,PL,2025,538053,2026-02-22,27,Tottenham Hotspur FC,Arsenal FC,home,1,4,-3,loss,0
Premier League,PL,2025,538053,2026-02-22,27,Arsenal FC,Tottenham Hotspur FC,away,4,1,3,win,3
Premier League,PL,2025,538050,2026-02-23,27,Everton FC,Manchester United FC,home,0,1,-1,loss,0
Premier League,PL,2025,538050,2026-02-23,27,Manchester United FC,Everton FC,away,1,0,1,win,3
Premier League,PL,2025,538064,2026-02-27,28,Wolverhampton Wanderers FC,Aston Villa FC,home,2,0,2,win,3
Premier League,PL,2025,538064,2026-02-27,28,Aston Villa FC,Wolverhampton Wanderers FC,away,0,2,-2,loss,0
Premier League,PL,2025,538055,2026-02-28,28,AFC Bournemouth,Sunderland AFC,home,1,1,0,draw,1
Premier League,PL,2025,538055,2026-02-28,28,Sunderland AFC,AFC Bournemouth,away,1,1,0,draw,1
Premier League,PL,2025,538058,2026-02-28,28,Burnley FC,Brentford FC,home,3,4,-1,loss,0
Premier League,PL,2025,538058,2026-02-28,28,Brentford FC,Burnley FC,away,4,3,1,win,3
Premier League,PL,2025,538060,2026-02-28,28,Liverpool FC,West Ham United FC,home,5,2,3,win,3
Premier League,PL,2025,538060,2026-02-28,28,West Ham United FC,Liverpool FC,away,2,5,-3,loss,0
Premier League,PL,2025,538063,2026-02-28,28,Newcastle United FC,Everton FC,home,2,3,-1,loss,0
Premier League,PL,2025,538063,2026-02-28,28,Everton FC,Newcastle United FC,away,3,2,1,win,3
Premier League,PL,2025,538061,2026-02-28,28,Leeds United FC,Manchester City FC,home,0,1,-1,loss,0
Premier League,PL,2025,538061,2026-02-28,28,Manchester City FC,Leeds United FC,away,1,0,1,win,3
Premier League,PL,2025,538056,2026-03-01,28,Brighton & Hove Albion FC,Nottingham Forest FC,home,2,1,1,win,3
Premier League,PL,2025,538056,2026-03-01,28,Nottingham Forest FC,Brighton & Hove Albion FC,away,1,2,-1,loss,0
Premier League,PL,2025,538059,2026-03-01,28,Fulham FC,Tottenham Hotspur FC,home,2,1,1,win,3
Premier League,PL,2025,538059,2026-03-01,28,Tottenham Hotspur FC,Fulham FC,away,1,2,-1,loss,0
Premier League,PL,2025,538062,2026-03-01,28,Manchester United FC,Crystal Palace FC,home,2,1,1,win,3
Premier League,PL,2025,538062,2026-03-01,28,Crystal Palace FC,Manchester United FC,away,1,2,-1,loss,0
Premier League,PL,2025,538057,2026-03-01,28,Arsenal FC,Chelsea FC,home,2,1,1,win,3
Premier League,PL,2025,538057,2026-03-01,28,Chelsea FC,Arsenal FC,away,1,2,-1,loss,0
Premier League,PL,2025,538065,2026-03-03,29,AFC Bournemouth,Brentford FC,home,0,0,0,draw,1
Premier League,PL,2025,538065,2026-03-03,29,Brentford FC,AFC Bournemouth,away,0,0,0,draw,1
Premier League,PL,2025,538068,2026-03-03,29,Everton FC,Burnley FC,home,2,0,2,win,3
Premier League,PL,2025,538068,2026-03-03,29,Burnley FC,Everton FC,away,0,2,-2,loss,0
Premier League,PL,2025,538070,2026-03-03,29,Leeds United FC,Sunderland AFC,home,0,1,-1,loss,0
Premier League,PL,2025,538070,2026-03-03,29,Sunderland AFC,Leeds United FC,away,1,0,1,win,3
Premier League,PL,2025,538074,2026-03-03,29,Wolverhampton Wanderers FC,Liverpool FC,home,2,1,1,win,3
Premier League,PL,2025,538074,2026-03-03,29,Liverpool FC,Wolverhampton Wanderers FC,away,1,2,-1,loss,0
Premier League,PL,2025,538066,2026-03-04,29,Aston Villa FC,Chelsea FC,home,1,4,-3,loss,0
Premier League,PL,2025,538066,2026-03-04,29,Chelsea FC,Aston Villa FC,away,4,1,3,win,3
Premier League,PL,2025,538067,2026-03-04,29,Brighton & Hove Albion FC,Arsenal FC,home,0,1,-1,loss,0
Premier League,PL,2025,538067,2026-03-04,29,Arsenal FC,Brighton & Hove Albion FC,away,1,0,1,win,3
Premier League,PL,2025,538069,2026-03-04,29,Fulham FC,West Ham United FC,home,0,1,-1,loss,0
Premier League,PL,2025,538069,2026-03-04,29,West Ham United FC,Fulham FC,away,1,0,1,win,3
Premier League,PL,2025,538071,2026-03-04,29,Manchester City FC,Nottingham Forest FC,home,2,2,0,draw,1
Premier League,PL,2025,538071,2026-03-04,29,Nottingham Forest FC,Manchester City FC,away,2,2,0,draw,1
Premier League,PL,2025,538072,2026-03-04,29,Newcastle United FC,Manchester United FC,home,2,1,1,win,3
Premier League,PL,2025,538072,2026-03-04,29,Manchester United FC,Newcastle United FC,away,1,2,-1,loss,0
Premier League,PL,2025,538073,2026-03-05,29,Tottenham Hotspur FC,Crystal Palace FC,home,1,3,-2,loss,0
Premier League,PL,2025,538073,2026-03-05,29,Crystal Palace FC,Tottenham Hotspur FC,away,3,1,2,win,3
Premier League,PL,2025,538075,2026-03-14,30,Sunderland AFC,Brighton & Hove Albion FC,home,0,1,-1,loss,0
Premier League,PL,2025,538075,2026-03-14,30,Brighton & Hove Albion FC,Sunderland AFC,away,1,0,1,win,3
Premier League,PL,2025,538079,2026-03-14,30,Burnley FC,AFC Bournemouth,home,0,0,0,draw,1
Premier League,PL,2025,538079,2026-03-14,30,AFC Bournemouth,Burnley FC,away,0,0,0,draw,1
Premier League,PL,2025,538077,2026-03-14,30,Arsenal FC,Everton FC,home,2,0,2,win,3
Premier League,PL,2025,538077,2026-03-14,30,Everton FC,Arsenal FC,away,0,2,-2,loss,0
Premier League,PL,2025,538080,2026-03-14,30,Chelsea FC,Newcastle United FC,home,0,1,-1,loss,0
Premier League,PL,2025,538080,2026-03-14,30,Newcastle United FC,Chelsea FC,away,1,0,1,win,3
Premier League,PL,2025,538084,2026-03-14,30,West Ham United FC,Manchester City FC,home,1,1,0,draw,1
Premier League,PL,2025,538084,2026-03-14,30,Manchester City FC,West Ham United FC,away,1,1,0,draw,1
Premier League,PL,2025,538076,2026-03-15,30,Crystal Palace FC,Leeds United FC,home,0,0,0,draw,1
Premier League,PL,2025,538076,2026-03-15,30,Leeds United FC,Crystal Palace FC,away,0,0,0,draw,1
Premier League,PL,2025,538082,2026-03-15,30,Manchester United FC,Aston Villa FC,home,3,1,2,win,3
Premier League,PL,2025,538082,2026-03-15,30,Aston Villa FC,Manchester United FC,away,1,3,-2,loss,0
Premier League,PL,2025,538083,2026-03-15,30,Nottingham Forest FC,Fulham FC,home,0,0,0,draw,1
Premier League,PL,2025,538083,2026-03-15,30,Fulham FC,Nottingham Forest FC,away,0,0,0,draw,1
Premier League,PL,2025,538081,2026-03-15,30,Liverpool FC,Tottenham Hotspur FC,home,1,1,0,draw,1
Premier League,PL,2025,538081,2026-03-15,30,Tottenham Hotspur FC,Liverpool FC,away,1,1,0,draw,1
Premier League,PL,2025,538078,2026-03-16,30,Brentford FC,Wolverhampton Wanderers FC,home,2,2,0,draw,1
Premier League,PL,2025,538078,2026-03-16,30,Wolverhampton Wanderers FC,Brentford FC,away,2,2,0,draw,1
Premier League,PL,2025,538085,2026-03-20,31,AFC Bournemouth,Manchester United FC,home,2,2,0,draw,1
Premier League,PL,2025,538085,2026-03-20,31,Manchester United FC,AFC Bournemouth,away,2,2,0,draw,1
Premier League,PL,2025,538087,2026-03-21,31,Brighton & Hove Albion FC,Liverpool FC,home,2,1,1,win,3
Premier League,PL,2025,538087,2026-03-21,31,Liverpool FC,Brighton & Hove Albion FC,away,1,2,-1,loss,0
Premier League,PL,2025,538089,2026-03-21,31,Fulham FC,Burnley FC,home,3,1,2,win,3
Premier League,PL,2025,538089,2026-03-21,31,Burnley FC,Fulham FC,away,1,3,-2,loss,0
Premier League,PL,2025,538088,2026-03-21,31,Everton FC,Chelsea FC,home,3,0,3,win,3
Premier League,PL,2025,538088,2026-03-21,31,Chelsea FC,Everton FC,away,0,3,-3,loss,0
Premier League,PL,2025,538090,2026-03-21,31,Leeds United FC,Brentford FC,home,0,0,0,draw,1
Premier League,PL,2025,538090,2026-03-21,31,Brentford FC,Leeds United FC,away,0,0,0,draw,1
Premier League,PL,2025,538092,2026-03-22,31,Newcastle United FC,Sunderland AFC,home,1,2,-1,loss,0
Premier League,PL,2025,538092,2026-03-22,31,Sunderland AFC,Newcastle United FC,away,2,1,1,win,3
Premier League,PL,2025,538086,2026-03-22,31,Aston Villa FC,West Ham United FC,home,2,0,2,win,3
Premier League,PL,2025,538086,2026-03-22,31,West Ham United FC,Aston Villa FC,away,0,2,-2,loss,0
Premier League,PL,2025,538093,2026-03-22,31,Tottenham Hotspur FC,Nottingham Forest FC,home,0,3,-3,loss,0
Premier League,PL,2025,538093,2026-03-22,31,Nottingham Forest FC,Tottenham Hotspur FC,away,3,0,3,win,3
Premier League,PL,2025,538104,2026-04-10,32,West Ham United FC,Wolverhampton Wanderers FC,home,4,0,4,win,3
Premier League,PL,2025,538104,2026-04-10,32,Wolverhampton Wanderers FC,West Ham United FC,away,0,4,-4,loss,0
Premier League,PL,2025,538097,2026-04-11,32,Arsenal FC,AFC Bournemouth,home,1,2,-1,loss,0
Premier League,PL,2025,538097,2026-04-11,32,AFC Bournemouth,Arsenal FC,away,2,1,1,win,3
Premier League,PL,2025,538098,2026-04-11,32,Brentford FC,Everton FC,home,2,2,0,draw,1
Premier League,PL,2025,538098,2026-04-11,32,Everton FC,Brentford FC,away,2,2,0,draw,1
Premier League,PL,2025,538099,2026-04-11,32,Burnley FC,Brighton & Hove Albion FC,home,0,2,-2,loss,0
Premier League,PL,2025,538099,2026-04-11,32,Brighton & Hove Albion FC,Burnley FC,away,2,0,2,win,3
Premier League,PL,2025,538101,2026-04-11,32,Liverpool FC,Fulham FC,home,2,0,2,win,3
Premier League,PL,2025,538101,2026-04-11,32,Fulham FC,Liverpool FC,away,0,2,-2,loss,0
Premier League,PL,2025,538095,2026-04-12,32,Sunderland AFC,Tottenham Hotspur FC,home,1,0,1,win,3
Premier League,PL,2025,538095,2026-04-12,32,Tottenham Hotspur FC,Sunderland AFC,away,0,1,-1,loss,0
Premier League,PL,2025,538096,2026-04-12,32,Crystal Palace FC,Newcastle United FC,home,2,1,1,win,3
Premier League,PL,2025,538096,2026-04-12,32,Newcastle United FC,Crystal Palace FC,away,1,2,-1,loss,0
Premier League,PL,2025,538103,2026-04-12,32,Nottingham Forest FC,Aston Villa FC,home,1,1,0,draw,1
Premier League,PL,2025,538103,2026-04-12,32,Aston Villa FC,Nottingham Forest FC,away,1,1,0,draw,1
Premier League,PL,2025,538100,2026-04-12,32,Chelsea FC,Manchester City FC,home,0,3,-3,loss,0
Premier League,PL,2025,538100,2026-04-12,32,Manchester City FC,Chelsea FC,away,3,0,3,win,3
Premier League,PL,2025,538102,2026-04-13,32,Manchester United FC,Leeds United FC,home,1,2,-1,loss,0
Premier League,PL,2025,538102,2026-04-13,32,Leeds United FC,Manchester United FC,away,2,1,1,win,3
Premier League,PL,2025,538107,2026-04-18,33,Brentford FC,Fulham FC,home,0,0,0,draw,1
Premier League,PL,2025,538107,2026-04-18,33,Fulham FC,Brentford FC,away,0,0,0,draw,1
Premier League,PL,2025,538112,2026-04-18,33,Newcastle United FC,AFC Bournemouth,home,1,2,-1,loss,0
Premier League,PL,2025,538112,2026-04-18,33,AFC Bournemouth,Newcastle United FC,away,2,1,1,win,3
Premier League,PL,2025,538110,2026-04-18,33,Leeds United FC,Wolverhampton Wanderers FC,home,3,0,3,win,3
Premier League,PL,2025,538110,2026-04-18,33,Wolverhampton Wanderers FC,Leeds United FC,away,0,3,-3,loss,0
Premier League,PL,2025,538114,2026-04-18,33,Tottenham Hotspur FC,Brighton & Hove Albion FC,home,2,2,0,draw,1
Premier League,PL,2025,538114,2026-04-18,33,Brighton & Hove Albion FC,Tottenham Hotspur FC,away,2,2,0,draw,1
Premier League,PL,2025,538108,2026-04-18,33,Chelsea FC,Manchester United FC,home,0,1,-1,loss,0
Premier League,PL,2025,538108,2026-04-18,33,Manchester United FC,Chelsea FC,away,1,0,1,win,3
Premier League,PL,2025,538113,2026-04-19,33,Nottingham Forest FC,Burnley FC,home,4,1,3,win,3
Premier League,PL,2025,538113,2026-04-19,33,Burnley FC,Nottingham Forest FC,away,1,4,-3,loss,0
Premier League,PL,2025,538105,2026-04-19,33,Aston Villa FC,Sunderland AFC,home,4,3,1,win,3
Premier League,PL,2025,538105,2026-04-19,33,Sunderland AFC,Aston Villa FC,away,3,4,-1,loss,0
Premier League,PL,2025,538109,2026-04-19,33,Everton FC,Liverpool FC,home,1,2,-1,loss,0
Premier League,PL,2025,538109,2026-04-19,33,Liverpool FC,Everton FC,away,2,1,1,win,3
Premier League,PL,2025,538111,2026-04-19,33,Manchester City FC,Arsenal FC,home,2,1,1,win,3
Premier League,PL,2025,538111,2026-04-19,33,Arsenal FC,Manchester City FC,away,1,2,-1,loss,0
Premier League,PL,2025,538106,2026-04-20,33,Crystal Palace FC,West Ham United FC,home,0,0,0,draw,1
Premier League,PL,2025,538106,2026-04-20,33,West Ham United FC,Crystal Palace FC,away,0,0,0,draw,1
Premier League,PL,2025,538117,2026-04-21,34,Brighton & Hove Albion FC,Chelsea FC,home,3,0,3,win,3
Premier League,PL,2025,538117,2026-04-21,34,Chelsea FC,Brighton & Hove Albion FC,away,0,3,-3,loss,0
Premier League,PL,2025,538115,2026-04-22,34,AFC Bournemouth,Leeds United FC,home,2,2,0,draw,1
Premier League,PL,2025,538115,2026-04-22,34,Leeds United FC,AFC Bournemouth,away,2,2,0,draw,1
Premier League,PL,2025,538119,2026-04-22,34,Burnley FC,Manchester City FC,home,0,1,-1,loss,0
Premier League,PL,2025,538119,2026-04-22,34,Manchester City FC,Burnley FC,away,1,0,1,win,3
Premier League,PL,2025,538116,2026-04-24,34,Sunderland AFC,Nottingham Forest FC,home,0,5,-5,loss,0
Premier League,PL,2025,538116,2026-04-24,34,Nottingham Forest FC,Sunderland AFC,away,5,0,5,win,3
Premier League,PL,2025,538120,2026-04-25,34,Fulham FC,Aston Villa FC,home,1,0,1,win,3
Premier League,PL,2025,538120,2026-04-25,34,Aston Villa FC,Fulham FC,away,0,1,-1,loss,0
Premier League,PL,2025,538121,2026-04-25,34,Liverpool FC,Crystal Palace FC,home,3,1,2,win,3
Premier League,PL,2025,538121,2026-04-25,34,Crystal Palace FC,Liverpool FC,away,1,3,-2,loss,0
Premier League,PL,2025,538123,2026-04-25,34,West Ham United FC,Everton FC,home,2,1,1,win,3
Premier League,PL,2025,538123,2026-04-25,34,Everton FC,West Ham United FC,away,1,2,-1,loss,0
Premier League,PL,2025,538124,2026-04-25,34,Wolverhampton Wanderers FC,Tottenham Hotspur FC,home,0,1,-1,loss,0
Premier League,PL,2025,538124,2026-04-25,34,Tottenham Hotspur FC,Wolverhampton Wanderers FC,away,1,0,1,win,3
Premier League,PL,2025,538118,2026-04-25,34,Arsenal FC,Newcastle United FC,home,1,0,1,win,3
Premier League,PL,2025,538118,2026-04-25,34,Newcastle United FC,Arsenal FC,away,0,1,-1,loss,0
Premier League,PL,2025,538122,2026-04-27,34,Manchester United FC,Brentford FC,home,2,1,1,win,3
Premier League,PL,2025,538122,2026-04-27,34,Brentford FC,Manchester United FC,away,1,2,-1,loss,0
Premier League,PL,2025,538131,2026-05-01,35,Leeds United FC,Burnley FC,home,3,1,2,win,3
Premier League,PL,2025,538131,2026-05-01,35,Burnley FC,Leeds United FC,away,1,3,-2,loss,0
Premier League,PL,2025,538128,2026-05-02,35,Brentford FC,West Ham United FC,home,3,0,3,win,3
Premier League,PL,2025,538128,2026-05-02,35,West Ham United FC,Brentford FC,away,0,3,-3,loss,0
Premier League,PL,2025,538133,2026-05-02,35,Newcastle United FC,Brighton & Hove Albion FC,home,3,1,2,win,3
Premier League,PL,2025,538133,2026-05-02,35,Brighton & Hove Albion FC,Newcastle United FC,away,1,3,-2,loss,0
Premier League,PL,2025,538134,2026-05-02,35,Wolverhampton Wanderers FC,Sunderland AFC,home,1,1,0,draw,1
Premier League,PL,2025,538134,2026-05-02,35,Sunderland AFC,Wolverhampton Wanderers FC,away,1,1,0,draw,1
Premier League,PL,2025,538127,2026-05-02,35,Arsenal FC,Fulham FC,home,3,0,3,win,3
Premier League,PL,2025,538127,2026-05-02,35,Fulham FC,Arsenal FC,away,0,3,-3,loss,0
Premier League,PL,2025,538125,2026-05-03,35,AFC Bournemouth,Crystal Palace FC,home,3,0,3,win,3
Premier League,PL,2025,538125,2026-05-03,35,Crystal Palace FC,AFC Bournemouth,away,0,3,-3,loss,0
Premier League,PL,2025,538132,2026-05-03,35,Manchester United FC,Liverpool FC,home,3,2,1,win,3
Premier League,PL,2025,538132,2026-05-03,35,Liverpool FC,Manchester United FC,away,2,3,-1,loss,0
Premier League,PL,2025,538126,2026-05-03,35,Aston Villa FC,Tottenham Hotspur FC,home,1,2,-1,loss,0
Premier League,PL,2025,538126,2026-05-03,35,Tottenham Hotspur FC,Aston Villa FC,away,2,1,1,win,3
Premier League,PL,2025,538129,2026-05-04,35,Chelsea FC,Nottingham Forest FC,home,1,3,-2,loss,0
Premier League,PL,2025,538129,2026-05-04,35,Nottingham Forest FC,Chelsea FC,away,3,1,2,win,3
Premier League,PL,2025,538130,2026-05-04,35,Everton FC,Manchester City FC,home,3,3,0,draw,1
Premier League,PL,2025,538130,2026-05-04,35,Manchester City FC,Everton FC,away,3,3,0,draw,1
Premier League,PL,2025,538140,2026-05-09,36,Liverpool FC,Chelsea FC,home,1,1,0,draw,1
Premier League,PL,2025,538140,2026-05-09,36,Chelsea FC,Liverpool FC,away,1,1,0,draw,1
Premier League,PL,2025,538135,2026-05-09,36,Sunderland AFC,Manchester United FC,home,0,0,0,draw,1
Premier League,PL,2025,538135,2026-05-09,36,Manchester United FC,Sunderland AFC,away,0,0,0,draw,1
Premier League,PL,2025,538136,2026-05-09,36,Brighton & Hove Albion FC,Wolverhampton Wanderers FC,home,3,0,3,win,3
Premier League,PL,2025,538136,2026-05-09,36,Wolverhampton Wanderers FC,Brighton & Hove Albion FC,away,0,3,-3,loss,0
Premier League,PL,2025,538139,2026-05-09,36,Fulham FC,AFC Bournemouth,home,0,1,-1,loss,0
Premier League,PL,2025,538139,2026-05-09,36,AFC Bournemouth,Fulham FC,away,1,0,1,win,3
Premier League,PL,2025,538141,2026-05-09,36,Manchester City FC,Brentford FC,home,3,0,3,win,3
Premier League,PL,2025,538141,2026-05-09,36,Brentford FC,Manchester City FC,away,0,3,-3,loss,0
Premier League,PL,2025,538137,2026-05-10,36,Crystal Palace FC,Everton FC,home,2,2,0,draw,1
Premier League,PL,2025,538137,2026-05-10,36,Everton FC,Crystal Palace FC,away,2,2,0,draw,1
Premier League,PL,2025,538138,2026-05-10,36,Burnley FC,Aston Villa FC,home,2,2,0,draw,1
Premier League,PL,2025,538138,2026-05-10,36,Aston Villa FC,Burnley FC,away,2,2,0,draw,1
Premier League,PL,2025,538142,2026-05-10,36,Nottingham Forest FC,Newcastle United FC,home,1,1,0,draw,1
Premier League,PL,2025,538142,2026-05-10,36,Newcastle United FC,Nottingham Forest FC,away,1,1,0,draw,1
Premier League,PL,2025,538144,2026-05-10,36,West Ham United FC,Arsenal FC,home,0,1,-1,loss,0
Premier League,PL,2025,538144,2026-05-10,36,Arsenal FC,West Ham United FC,away,1,0,1,win,3
Premier League,PL,2025,538143,2026-05-11,36,Tottenham Hotspur FC,Leeds United FC,home,1,1,0,draw,1
Premier League,PL,2025,538143,2026-05-11,36,Leeds United FC,Tottenham Hotspur FC,away,1,1,0,draw,1
Premier League,PL,2025,538091,2026-05-13,31,Manchester City FC,Crystal Palace FC,home,3,0,3,win,3
Premier League,PL,2025,538091,2026-05-13,31,Crystal Palace FC,Manchester City FC,away,0,3,-3,loss,0
Premier League,PL,2025,538146,2026-05-15,37,Aston Villa FC,Liverpool FC,home,4,2,2,win,3
Premier League,PL,2025,538146,2026-05-15,37,Liverpool FC,Aston Villa FC,away,2,4,-2,loss,0
Premier League,PL,2025,538152,2026-05-17,37,Manchester United FC,Nottingham Forest FC,home,3,2,1,win,3
Premier League,PL,2025,538152,2026-05-17,37,Nottingham Forest FC,Manchester United FC,away,2,3,-1,loss,0
Premier League,PL,2025,538148,2026-05-17,37,Brentford FC,Crystal Palace FC,home,2,2,0,draw,1
Premier League,PL,2025,538148,2026-05-17,37,Crystal Palace FC,Brentford FC,away,2,2,0,draw,1
Premier League,PL,2025,538150,2026-05-17,37,Everton FC,Sunderland AFC,home,1,3,-2,loss,0
Premier League,PL,2025,538150,2026-05-17,37,Sunderland AFC,Everton FC,away,3,1,2,win,3
Premier League,PL,2025,538151,2026-05-17,37,Leeds United FC,Brighton & Hove Albion FC,home,1,0,1,win,3
Premier League,PL,2025,538151,2026-05-17,37,Brighton & Hove Albion FC,Leeds United FC,away,0,1,-1,loss,0
Premier League,PL,2025,538154,2026-05-17,37,Wolverhampton Wanderers FC,Fulham FC,home,1,1,0,draw,1
Premier League,PL,2025,538154,2026-05-17,37,Fulham FC,Wolverhampton Wanderers FC,away,1,1,0,draw,1
Premier League,PL,2025,538153,2026-05-17,37,Newcastle United FC,West Ham United FC,home,3,1,2,win,3
Premier League,PL,2025,538153,2026-05-17,37,West Ham United FC,Newcastle United FC,away,1,3,-2,loss,0
Premier League,PL,2025,538147,2026-05-18,37,Arsenal FC,Burnley FC,home,1,0,1,win,3
Premier League,PL,2025,538147,2026-05-18,37,Burnley FC,Arsenal FC,away,0,1,-1,loss,0
Premier League,PL,2025,538145,2026-05-19,37,AFC Bournemouth,Manchester City FC,home,1,1,0,draw,1
Premier League,PL,2025,538145,2026-05-19,37,Manchester City FC,AFC Bournemouth,away,1,1,0,draw,1
Premier League,PL,2025,538149,2026-05-19,37,Chelsea FC,Tottenham Hotspur FC,home,2,1,1,win,3
Premier League,PL,2025,538149,2026-05-19,37,Tottenham Hotspur FC,Chelsea FC,away,1,2,-1,loss,0
Premier League,PL,2025,538155,2026-05-24,38,Sunderland AFC,Chelsea FC,home,2,1,1,win,3
Premier League,PL,2025,538155,2026-05-24,38,Chelsea FC,Sunderland AFC,away,1,2,-1,loss,0
Premier League,PL,2025,538156,2026-05-24,38,Brighton & Hove Albion FC,Manchester United FC,home,0,3,-3,loss,0
Premier League,PL,2025,538156,2026-05-24,38,Manchester United FC,Brighton & Hove Albion FC,away,3,0,3,win,3
Premier League,PL,2025,538157,2026-05-24,38,Crystal Palace FC,Arsenal FC,home,1,2,-1,loss,0
Premier League,PL,2025,538157,2026-05-24,38,Arsenal FC,Crystal Palace FC,away,2,1,1,win,3
Premier League,PL,2025,538158,2026-05-24,38,Burnley FC,Wolverhampton Wanderers FC,home,1,1,0,draw,1
Premier League,PL,2025,538158,2026-05-24,38,Wolverhampton Wanderers FC,Burnley FC,away,1,1,0,draw,1
Premier League,PL,2025,538159,2026-05-24,38,Fulham FC,Newcastle United FC,home,2,0,2,win,3
Premier League,PL,2025,538159,2026-05-24,38,Newcastle United FC,Fulham FC,away,0,2,-2,loss,0
Premier League,PL,2025,538160,2026-05-24,38,Liverpool FC,Brentford FC,home,1,1,0,draw,1
Premier League,PL,2025,538160,2026-05-24,38,Brentford FC,Liverpool FC,away,1,1,0,draw,1
Premier League,PL,2025,538161,2026-05-24,38,Manchester City FC,Aston Villa FC,home,1,2,-1,loss,0
Premier League,PL,2025,538161,2026-05-24,38,Aston Villa FC,Manchester City FC,away,2,1,1,win,3
Premier League,PL,2025,538162,2026-05-24,38,Nottingham Forest FC,AFC Bournemouth,home,1,1,0,draw,1
Premier League,PL,2025,538162,2026-05-24,38,AFC Bournemouth,Nottingham Forest FC,away,1,1,0,draw,1
Premier League,PL,2025,538163,2026-05-24,38,Tottenham Hotspur FC,Everton FC,home,1,0,1,win,3
Premier League,PL,2025,538163,2026-05-24,38,Everton FC,Tottenham Hotspur FC,away,0,1,-1,loss,0
Premier League,PL,2025,538164,2026-05-24,38,West Ham United FC,Leeds United FC,home,3,0,3,win,3
Premier League,PL,2025,538164,2026-05-24,38,Leeds United FC,West Ham United FC,away,0,3,-3,loss,0
La Liga,PD,2025,544214,2025-08-15,1,Girona FC,Rayo Vallecano de Madrid,home,1,3,-2,loss,0
La Liga,PD,2025,544214,2025-08-15,1,Rayo Vallecano de Madrid,Girona FC,away,3,1,2,win,3
La Liga,PD,2025,544220,2025-08-15,1,Villarreal CF,Real Oviedo,home,2,0,2,win,3
La Liga,PD,2025,544220,2025-08-15,1,Real Oviedo,Villarreal CF,away,0,2,-2,loss,0
La Liga,PD,2025,544216,2025-08-16,1,RCD Mallorca,FC Barcelona,home,0,3,-3,loss,0
La Liga,PD,2025,544216,2025-08-16,1,FC Barcelona,RCD Mallorca,away,3,0,3,win,3
La Liga,PD,2025,544211,2025-08-16,1,Deportivo Alavés,Levante UD,home,2,1,1,win,3
La Liga,PD,2025,544211,2025-08-16,1,Levante UD,Deportivo Alavés,away,1,2,-1,loss,0
La Liga,PD,2025,544219,2025-08-16,1,Valencia CF,Real Sociedad de Fútbol,home,1,1,0,draw,1
La Liga,PD,2025,544219,2025-08-16,1,Real Sociedad de Fútbol,Valencia CF,away,1,1,0,draw,1
La Liga,PD,2025,544213,2025-08-17,1,RC Celta de Vigo,Getafe CF,home,0,2,-2,loss,0
La Liga,PD,2025,544213,2025-08-17,1,Getafe CF,RC Celta de Vigo,away,2,0,2,win,3
La Liga,PD,2025,544212,2025-08-17,1,Athletic Club,Sevilla FC,home,3,2,1,win,3
La Liga,PD,2025,544212,2025-08-17,1,Sevilla FC,Athletic Club,away,2,3,-1,loss,0
La Liga,PD,2025,544215,2025-08-17,1,RCD Espanyol de Barcelona,Club Atlético de Madrid,home,2,1,1,win,3
La Liga,PD,2025,544215,2025-08-17,1,Club Atlético de Madrid,RCD Espanyol de Barcelona,away,1,2,-1,loss,0
La Liga,PD,2025,544217,2025-08-18,1,Elche CF,Real Betis Balompié,home,1,1,0,draw,1
La Liga,PD,2025,544217,2025-08-18,1,Real Betis Balompié,Elche CF,away,1,1,0,draw,1
La Liga,PD,2025,544218,2025-08-19,1,Real Madrid CF,CA Osasuna,home,1,0,1,win,3
La Liga,PD,2025,544218,2025-08-19,1,CA Osasuna,Real Madrid CF,away,0,1,-1,loss,0
La Liga,PD,2025,544225,2025-08-22,2,Real Betis Balompié,Deportivo Alavés,home,1,0,1,win,3
La Liga,PD,2025,544225,2025-08-22,2,Deportivo Alavés,Real Betis Balompié,away,0,1,-1,loss,0
La Liga,PD,2025,544227,2025-08-23,2,RCD Mallorca,RC Celta de Vigo,home,1,1,0,draw,1
La Liga,PD,2025,544227,2025-08-23,2,RC Celta de Vigo,RCD Mallorca,away,1,1,0,draw,1
La Liga,PD,2025,544222,2025-08-23,2,Club Atlético de Madrid,Elche CF,home,1,1,0,draw,1
La Liga,PD,2025,544222,2025-08-23,2,Elche CF,Club Atlético de Madrid,away,1,1,0,draw,1
La Liga,PD,2025,544226,2025-08-23,2,Levante UD,FC Barcelona,home,2,3,-1,loss,0
La Liga,PD,2025,544226,2025-08-23,2,FC Barcelona,Levante UD,away,3,2,1,win,3
La Liga,PD,2025,544223,2025-08-24,2,CA Osasuna,Valencia CF,home,1,0,1,win,3
La Liga,PD,2025,544223,2025-08-24,2,Valencia CF,CA Osasuna,away,0,1,-1,loss,0
La Liga,PD,2025,544228,2025-08-24,2,Real Sociedad de Fútbol,RCD Espanyol de Barcelona,home,2,2,0,draw,1
La Liga,PD,2025,544228,2025-08-24,2,RCD Espanyol de Barcelona,Real Sociedad de Fútbol,away,2,2,0,draw,1
La Liga,PD,2025,544230,2025-08-24,2,Villarreal CF,Girona FC,home,5,0,5,win,3
La Liga,PD,2025,544230,2025-08-24,2,Girona FC,Villarreal CF,away,0,5,-5,loss,0
La Liga,PD,2025,544224,2025-08-24,2,Real Oviedo,Real Madrid CF,home,0,3,-3,loss,0
La Liga,PD,2025,544224,2025-08-24,2,Real Madrid CF,Real Oviedo,away,3,0,3,win,3
La Liga,PD,2025,544221,2025-08-25,2,Athletic Club,Rayo Vallecano de Madrid,home,1,0,1,win,3
La Liga,PD,2025,544221,2025-08-25,2,Rayo Vallecano de Madrid,Athletic Club,away,0,1,-1,loss,0
La Liga,PD,2025,544229,2025-08-25,2,Sevilla FC,Getafe CF,home,1,2,-1,loss,0
La Liga,PD,2025,544229,2025-08-25,2,Getafe CF,Sevilla FC,away,2,1,1,win,3
La Liga,PD,2025,544268,2025-08-27,6,RC Celta de Vigo,Real Betis Balompié,home,1,1,0,draw,1
La Liga,PD,2025,544268,2025-08-27,6,Real Betis Balompié,RC Celta de Vigo,away,1,1,0,draw,1
La Liga,PD,2025,544233,2025-08-29,3,Elche CF,Levante UD,home,2,0,2,win,3
La Liga,PD,2025,544233,2025-08-29,3,Levante UD,Elche CF,away,0,2,-2,loss,0
La Liga,PD,2025,544239,2025-08-29,3,Valencia CF,Getafe CF,home,3,0,3,win,3
La Liga,PD,2025,544239,2025-08-29,3,Getafe CF,Valencia CF,away,0,3,-3,loss,0
La Liga,PD,2025,544231,2025-08-30,3,Deportivo Alavés,Club Atlético de Madrid,home,1,1,0,draw,1
La Liga,PD,2025,544231,2025-08-30,3,Club Atlético de Madrid,Deportivo Alavés,away,1,1,0,draw,1
La Liga,PD,2025,544236,2025-08-30,3,Real Oviedo,Real Sociedad de Fútbol,home,1,0,1,win,3
La Liga,PD,2025,544236,2025-08-30,3,Real Sociedad de Fútbol,Real Oviedo,away,0,1,-1,loss,0
La Liga,PD,2025,544235,2025-08-30,3,Girona FC,Sevilla FC,home,0,2,-2,loss,0
La Liga,PD,2025,544235,2025-08-30,3,Sevilla FC,Girona FC,away,2,0,2,win,3
La Liga,PD,2025,544240,2025-08-30,3,Real Madrid CF,RCD Mallorca,home,2,1,1,win,3
La Liga,PD,2025,544240,2025-08-30,3,RCD Mallorca,Real Madrid CF,away,1,2,-1,loss,0
La Liga,PD,2025,544232,2025-08-31,3,RC Celta de Vigo,Villarreal CF,home,1,1,0,draw,1
La Liga,PD,2025,544232,2025-08-31,3,Villarreal CF,RC Celta de Vigo,away,1,1,0,draw,1
La Liga,PD,2025,544237,2025-08-31,3,Real Betis Balompié,Athletic Club,home,1,2,-1,loss,0
La Liga,PD,2025,544237,2025-08-31,3,Athletic Club,Real Betis Balompié,away,2,1,1,win,3
La Liga,PD,2025,544234,2025-08-31,3,RCD Espanyol de Barcelona,CA Osasuna,home,1,0,1,win,3
La Liga,PD,2025,544234,2025-08-31,3,CA Osasuna,RCD Espanyol de Barcelona,away,0,1,-1,loss,0
La Liga,PD,2025,544238,2025-08-31,3,Rayo Vallecano de Madrid,FC Barcelona,home,1,1,0,draw,1
La Liga,PD,2025,544238,2025-08-31,3,FC Barcelona,Rayo Vallecano de Madrid,away,1,1,0,draw,1
La Liga,PD,2025,544249,2025-09-12,4,Sevilla FC,Elche CF,home,2,2,0,draw,1
La Liga,PD,2025,544249,2025-09-12,4,Elche CF,Sevilla FC,away,2,2,0,draw,1
La Liga,PD,2025,544245,2025-09-13,4,Getafe CF,Real Oviedo,home,2,0,2,win,3
La Liga,PD,2025,544245,2025-09-13,4,Real Oviedo,Getafe CF,away,0,2,-2,loss,0
La Liga,PD,2025,544250,2025-09-13,4,Real Sociedad de Fútbol,Real Madrid CF,home,1,2,-1,loss,0
La Liga,PD,2025,544250,2025-09-13,4,Real Madrid CF,Real Sociedad de Fútbol,away,2,1,1,win,3
La Liga,PD,2025,544247,2025-09-13,4,Athletic Club,Deportivo Alavés,home,0,1,-1,loss,0
La Liga,PD,2025,544247,2025-09-13,4,Deportivo Alavés,Athletic Club,away,1,0,1,win,3
La Liga,PD,2025,544241,2025-09-13,4,Club Atlético de Madrid,Villarreal CF,home,2,0,2,win,3
La Liga,PD,2025,544241,2025-09-13,4,Villarreal CF,Club Atlético de Madrid,away,0,2,-2,loss,0
La Liga,PD,2025,544243,2025-09-14,4,RC Celta de Vigo,Girona FC,home,1,1,0,draw,1
La Liga,PD,2025,544243,2025-09-14,4,Girona FC,RC Celta de Vigo,away,1,1,0,draw,1
La Liga,PD,2025,544248,2025-09-14,4,Levante UD,Real Betis Balompié,home,2,2,0,draw,1
La Liga,PD,2025,544248,2025-09-14,4,Real Betis Balompié,Levante UD,away,2,2,0,draw,1
La Liga,PD,2025,544246,2025-09-14,4,CA Osasuna,Rayo Vallecano de Madrid,home,2,0,2,win,3
La Liga,PD,2025,544246,2025-09-14,4,Rayo Vallecano de Madrid,CA Osasuna,away,0,2,-2,loss,0
La Liga,PD,2025,544242,2025-09-14,4,FC Barcelona,Valencia CF,home,6,0,6,win,3
La Liga,PD,2025,544242,2025-09-14,4,Valencia CF,FC Barcelona,away,0,6,-6,loss,0
La Liga,PD,2025,544244,2025-09-15,4,RCD Espanyol de Barcelona,RCD Mallorca,home,3,2,1,win,3
La Liga,PD,2025,544244,2025-09-15,4,RCD Mallorca,RCD Espanyol de Barcelona,away,2,3,-1,loss,0
La Liga,PD,2025,544253,2025-09-19,5,Real Betis Balompié,Real Sociedad de Fútbol,home,3,1,2,win,3
La Liga,PD,2025,544253,2025-09-19,5,Real Sociedad de Fútbol,Real Betis Balompié,away,1,3,-2,loss,0
La Liga,PD,2025,544255,2025-09-20,5,Girona FC,Levante UD,home,0,4,-4,loss,0
La Liga,PD,2025,544255,2025-09-20,5,Levante UD,Girona FC,away,4,0,4,win,3
La Liga,PD,2025,544259,2025-09-20,5,Real Madrid CF,RCD Espanyol de Barcelona,home,2,0,2,win,3
La Liga,PD,2025,544259,2025-09-20,5,RCD Espanyol de Barcelona,Real Madrid CF,away,0,2,-2,loss,0
La Liga,PD,2025,544260,2025-09-20,5,Villarreal CF,CA Osasuna,home,2,1,1,win,3
La Liga,PD,2025,544260,2025-09-20,5,CA Osasuna,Villarreal CF,away,1,2,-1,loss,0
La Liga,PD,2025,544251,2025-09-20,5,Deportivo Alavés,Sevilla FC,home,1,2,-1,loss,0
La Liga,PD,2025,544251,2025-09-20,5,Sevilla FC,Deportivo Alavés,away,2,1,1,win,3
La Liga,PD,2025,544256,2025-09-20,5,Valencia CF,Athletic Club,home,2,0,2,win,3
La Liga,PD,2025,544256,2025-09-20,5,Athletic Club,Valencia CF,away,0,2,-2,loss,0
La Liga,PD,2025,544258,2025-09-21,5,Rayo Vallecano de Madrid,RC Celta de Vigo,home,1,1,0,draw,1
La Liga,PD,2025,544258,2025-09-21,5,RC Celta de Vigo,Rayo Vallecano de Madrid,away,1,1,0,draw,1
La Liga,PD,2025,544257,2025-09-21,5,RCD Mallorca,Club Atlético de Madrid,home,1,1,0,draw,1
La Liga,PD,2025,544257,2025-09-21,5,Club Atlético de Madrid,RCD Mallorca,away,1,1,0,draw,1
La Liga,PD,2025,544254,2025-09-21,5,Elche CF,Real Oviedo,home,1,0,1,win,3
La Liga,PD,2025,544254,2025-09-21,5,Real Oviedo,Elche CF,away,0,1,-1,loss,0
La Liga,PD,2025,544252,2025-09-21,5,FC Barcelona,Getafe CF,home,3,0,3,win,3
La Liga,PD,2025,544252,2025-09-21,5,Getafe CF,FC Barcelona,away,0,3,-3,loss,0
La Liga,PD,2025,544261,2025-09-23,6,Athletic Club,Girona FC,home,1,1,0,draw,1
La Liga,PD,2025,544261,2025-09-23,6,Girona FC,Athletic Club,away,1,1,0,draw,1
La Liga,PD,2025,544263,2025-09-23,6,RCD Espanyol de Barcelona,Valencia CF,home,2,2,0,draw,1
La Liga,PD,2025,544263,2025-09-23,6,Valencia CF,RCD Espanyol de Barcelona,away,2,2,0,draw,1
La Liga,PD,2025,544264,2025-09-23,6,Levante UD,Real Madrid CF,home,1,4,-3,loss,0
La Liga,PD,2025,544264,2025-09-23,6,Real Madrid CF,Levante UD,away,4,1,3,win,3
La Liga,PD,2025,544265,2025-09-23,6,Sevilla FC,Villarreal CF,home,1,2,-1,loss,0
La Liga,PD,2025,544265,2025-09-23,6,Villarreal CF,Sevilla FC,away,2,1,1,win,3
La Liga,PD,2025,544266,2025-09-24,6,Getafe CF,Deportivo Alavés,home,1,1,0,draw,1
La Liga,PD,2025,544266,2025-09-24,6,Deportivo Alavés,Getafe CF,away,1,1,0,draw,1
La Liga,PD,2025,544262,2025-09-24,6,Club Atlético de Madrid,Rayo Vallecano de Madrid,home,3,2,1,win,3
La Liga,PD,2025,544262,2025-09-24,6,Rayo Vallecano de Madrid,Club Atlético de Madrid,away,2,3,-1,loss,0
La Liga,PD,2025,544270,2025-09-24,6,Real Sociedad de Fútbol,RCD Mallorca,home,1,0,1,win,3
La Liga,PD,2025,544270,2025-09-24,6,RCD Mallorca,Real Sociedad de Fútbol,away,0,1,-1,loss,0
La Liga,PD,2025,544269,2025-09-25,6,CA Osasuna,Elche CF,home,1,1,0,draw,1
La Liga,PD,2025,544269,2025-09-25,6,Elche CF,CA Osasuna,away,1,1,0,draw,1
La Liga,PD,2025,544267,2025-09-25,6,Real Oviedo,FC Barcelona,home,1,3,-2,loss,0
La Liga,PD,2025,544267,2025-09-25,6,FC Barcelona,Real Oviedo,away,3,1,2,win,3
La Liga,PD,2025,544279,2025-09-26,7,Girona FC,RCD Espanyol de Barcelona,home,0,0,0,draw,1
La Liga,PD,2025,544279,2025-09-26,7,RCD Espanyol de Barcelona,Girona FC,away,0,0,0,draw,1
La Liga,PD,2025,544274,2025-09-27,7,Getafe CF,Levante UD,home,1,1,0,draw,1
La Liga,PD,2025,544274,2025-09-27,7,Levante UD,Getafe CF,away,1,1,0,draw,1
La Liga,PD,2025,544271,2025-09-27,7,Club Atlético de Madrid,Real Madrid CF,home,5,2,3,win,3
La Liga,PD,2025,544271,2025-09-27,7,Real Madrid CF,Club Atlético de Madrid,away,2,5,-3,loss,0
La Liga,PD,2025,544276,2025-09-27,7,RCD Mallorca,Deportivo Alavés,home,1,0,1,win,3
La Liga,PD,2025,544276,2025-09-27,7,Deportivo Alavés,RCD Mallorca,away,0,1,-1,loss,0
La Liga,PD,2025,544277,2025-09-27,7,Villarreal CF,Athletic Club,home,1,0,1,win,3
La Liga,PD,2025,544277,2025-09-27,7,Athletic Club,Villarreal CF,away,0,1,-1,loss,0
La Liga,PD,2025,544275,2025-09-28,7,Rayo Vallecano de Madrid,Sevilla FC,home,0,1,-1,loss,0
La Liga,PD,2025,544275,2025-09-28,7,Sevilla FC,Rayo Vallecano de Madrid,away,1,0,1,win,3
La Liga,PD,2025,544278,2025-09-28,7,Elche CF,RC Celta de Vigo,home,2,1,1,win,3
La Liga,PD,2025,544278,2025-09-28,7,RC Celta de Vigo,Elche CF,away,1,2,-1,loss,0
La Liga,PD,2025,544272,2025-09-28,7,FC Barcelona,Real Sociedad de Fútbol,home,2,1,1,win,3
La Liga,PD,2025,544272,2025-09-28,7,Real Sociedad de Fútbol,FC Barcelona,away,1,2,-1,loss,0
La Liga,PD,2025,544273,2025-09-28,7,Real Betis Balompié,CA Osasuna,home,2,0,2,win,3
La Liga,PD,2025,544273,2025-09-28,7,CA Osasuna,Real Betis Balompié,away,0,2,-2,loss,0
La Liga,PD,2025,544280,2025-09-30,7,Valencia CF,Real Oviedo,home,1,2,-1,loss,0
La Liga,PD,2025,544280,2025-09-30,7,Real Oviedo,Valencia CF,away,2,1,1,win,3
La Liga,PD,2025,544288,2025-10-03,8,CA Osasuna,Getafe CF,home,2,1,1,win,3
La Liga,PD,2025,544288,2025-10-03,8,Getafe CF,CA Osasuna,away,1,2,-1,loss,0
La Liga,PD,2025,544289,2025-10-04,8,Real Oviedo,Levante UD,home,0,2,-2,loss,0
La Liga,PD,2025,544289,2025-10-04,8,Levante UD,Real Oviedo,away,2,0,2,win,3
La Liga,PD,2025,544283,2025-10-04,8,Girona FC,Valencia CF,home,2,1,1,win,3
La Liga,PD,2025,544283,2025-10-04,8,Valencia CF,Girona FC,away,1,2,-1,loss,0
La Liga,PD,2025,544282,2025-10-04,8,Athletic Club,RCD Mallorca,home,2,1,1,win,3
La Liga,PD,2025,544282,2025-10-04,8,RCD Mallorca,Athletic Club,away,1,2,-1,loss,0
La Liga,PD,2025,544284,2025-10-04,8,Real Madrid CF,Villarreal CF,home,3,1,2,win,3
La Liga,PD,2025,544284,2025-10-04,8,Villarreal CF,Real Madrid CF,away,1,3,-2,loss,0
La Liga,PD,2025,544281,2025-10-05,8,Deportivo Alavés,Elche CF,home,3,1,2,win,3
La Liga,PD,2025,544281,2025-10-05,8,Elche CF,Deportivo Alavés,away,1,3,-2,loss,0
La Liga,PD,2025,544286,2025-10-05,8,Sevilla FC,FC Barcelona,home,4,1,3,win,3
La Liga,PD,2025,544286,2025-10-05,8,FC Barcelona,Sevilla FC,away,1,4,-3,loss,0
La Liga,PD,2025,544287,2025-10-05,8,RCD Espanyol de Barcelona,Real Betis Balompié,home,1,2,-1,loss,0
La Liga,PD,2025,544287,2025-10-05,8,Real Betis Balompié,RCD Espanyol de Barcelona,away,2,1,1,win,3
La Liga,PD,2025,544290,2025-10-05,8,Real Sociedad de Fútbol,Rayo Vallecano de Madrid,home,0,1,-1,loss,0
La Liga,PD,2025,544290,2025-10-05,8,Rayo Vallecano de Madrid,Real Sociedad de Fútbol,away,1,0,1,win,3
La Liga,PD,2025,544285,2025-10-05,8,RC Celta de Vigo,Club Atlético de Madrid,home,1,1,0,draw,1
La Liga,PD,2025,544285,2025-10-05,8,Club Atlético de Madrid,RC Celta de Vigo,away,1,1,0,draw,1
La Liga,PD,2025,544299,2025-10-17,9,Real Oviedo,RCD Espanyol de Barcelona,home,0,2,-2,loss,0
La Liga,PD,2025,544299,2025-10-17,9,RCD Espanyol de Barcelona,Real Oviedo,away,2,0,2,win,3
La Liga,PD,2025,544300,2025-10-18,9,Sevilla FC,RCD Mallorca,home,1,3,-2,loss,0
La Liga,PD,2025,544300,2025-10-18,9,RCD Mallorca,Sevilla FC,away,3,1,2,win,3
La Liga,PD,2025,544293,2025-10-18,9,FC Barcelona,Girona FC,home,2,1,1,win,3
La Liga,PD,2025,544293,2025-10-18,9,Girona FC,FC Barcelona,away,1,2,-1,loss,0
La Liga,PD,2025,544298,2025-10-18,9,Villarreal CF,Real Betis Balompié,home,2,2,0,draw,1
La Liga,PD,2025,544298,2025-10-18,9,Real Betis Balompié,Villarreal CF,away,2,2,0,draw,1
La Liga,PD,2025,544292,2025-10-18,9,Club Atlético de Madrid,CA Osasuna,home,1,0,1,win,3
La Liga,PD,2025,544292,2025-10-18,9,CA Osasuna,Club Atlético de Madrid,away,0,1,-1,loss,0
La Liga,PD,2025,544297,2025-10-19,9,Elche CF,Athletic Club,home,0,0,0,draw,1
La Liga,PD,2025,544297,2025-10-19,9,Athletic Club,Elche CF,away,0,0,0,draw,1
La Liga,PD,2025,544294,2025-10-19,9,RC Celta de Vigo,Real Sociedad de Fútbol,home,1,1,0,draw,1
La Liga,PD,2025,544294,2025-10-19,9,Real Sociedad de Fútbol,RC Celta de Vigo,away,1,1,0,draw,1
La Liga,PD,2025,544296,2025-10-19,9,Levante UD,Rayo Vallecano de Madrid,home,0,3,-3,loss,0
La Liga,PD,2025,544296,2025-10-19,9,Rayo Vallecano de Madrid,Levante UD,away,3,0,3,win,3
La Liga,PD,2025,544295,2025-10-19,9,Getafe CF,Real Madrid CF,home,0,1,-1,loss,0
La Liga,PD,2025,544295,2025-10-19,9,Real Madrid CF,Getafe CF,away,1,0,1,win,3
La Liga,PD,2025,544291,2025-10-20,9,Deportivo Alavés,Valencia CF,home,0,0,0,draw,1
La Liga,PD,2025,544291,2025-10-20,9,Valencia CF,Deportivo Alavés,away,0,0,0,draw,1
La Liga,PD,2025,544303,2025-10-24,10,Real Sociedad de Fútbol,Sevilla FC,home,2,1,1,win,3
La Liga,PD,2025,544303,2025-10-24,10,Sevilla FC,Real Sociedad de Fútbol,away,1,2,-1,loss,0
La Liga,PD,2025,544302,2025-10-25,10,Girona FC,Real Oviedo,home,3,3,0,draw,1
La Liga,PD,2025,544302,2025-10-25,10,Real Oviedo,Girona FC,away,3,3,0,draw,1
La Liga,PD,2025,544309,2025-10-25,10,RCD Espanyol de Barcelona,Elche CF,home,1,0,1,win,3
La Liga,PD,2025,544309,2025-10-25,10,Elche CF,RCD Espanyol de Barcelona,away,0,1,-1,loss,0
La Liga,PD,2025,544301,2025-10-25,10,Athletic Club,Getafe CF,home,0,1,-1,loss,0
La Liga,PD,2025,544301,2025-10-25,10,Getafe CF,Athletic Club,away,1,0,1,win,3
La Liga,PD,2025,544304,2025-10-25,10,Valencia CF,Villarreal CF,home,0,2,-2,loss,0
La Liga,PD,2025,544304,2025-10-25,10,Villarreal CF,Valencia CF,away,2,0,2,win,3
La Liga,PD,2025,544310,2025-10-26,10,RCD Mallorca,Levante UD,home,1,1,0,draw,1
La Liga,PD,2025,544310,2025-10-26,10,Levante UD,RCD Mallorca,away,1,1,0,draw,1
La Liga,PD,2025,544307,2025-10-26,10,Real Madrid CF,FC Barcelona,home,2,1,1,win,3
La Liga,PD,2025,544307,2025-10-26,10,FC Barcelona,Real Madrid CF,away,1,2,-1,loss,0
La Liga,PD,2025,544308,2025-10-26,10,CA Osasuna,RC Celta de Vigo,home,2,3,-1,loss,0
La Liga,PD,2025,544308,2025-10-26,10,RC Celta de Vigo,CA Osasuna,away,3,2,1,win,3
La Liga,PD,2025,544305,2025-10-26,10,Rayo Vallecano de Madrid,Deportivo Alavés,home,1,0,1,win,3
La Liga,PD,2025,544305,2025-10-26,10,Deportivo Alavés,Rayo Vallecano de Madrid,away,0,1,-1,loss,0
La Liga,PD,2025,544306,2025-10-27,10,Real Betis Balompié,Club Atlético de Madrid,home,0,2,-2,loss,0
La Liga,PD,2025,544306,2025-10-27,10,Club Atlético de Madrid,Real Betis Balompié,away,2,0,2,win,3
La Liga,PD,2025,544315,2025-10-31,11,Getafe CF,Girona FC,home,2,1,1,win,3
La Liga,PD,2025,544315,2025-10-31,11,Girona FC,Getafe CF,away,1,2,-1,loss,0
La Liga,PD,2025,544320,2025-11-01,11,Villarreal CF,Rayo Vallecano de Madrid,home,4,0,4,win,3
La Liga,PD,2025,544320,2025-11-01,11,Rayo Vallecano de Madrid,Villarreal CF,away,0,4,-4,loss,0
La Liga,PD,2025,544312,2025-11-01,11,Club Atlético de Madrid,Sevilla FC,home,3,0,3,win,3
La Liga,PD,2025,544312,2025-11-01,11,Sevilla FC,Club Atlético de Madrid,away,0,3,-3,loss,0
La Liga,PD,2025,544317,2025-11-01,11,Real Sociedad de Fútbol,Athletic Club,home,3,2,1,win,3
La Liga,PD,2025,544317,2025-11-01,11,Athletic Club,Real Sociedad de Fútbol,away,2,3,-1,loss,0
La Liga,PD,2025,544316,2025-11-01,11,Real Madrid CF,Valencia CF,home,4,0,4,win,3
La Liga,PD,2025,544316,2025-11-01,11,Valencia CF,Real Madrid CF,away,0,4,-4,loss,0
La Liga,PD,2025,544318,2025-11-02,11,Levante UD,RC Celta de Vigo,home,1,2,-1,loss,0
La Liga,PD,2025,544318,2025-11-02,11,RC Celta de Vigo,Levante UD,away,2,1,1,win,3
La Liga,PD,2025,544311,2025-11-02,11,Deportivo Alavés,RCD Espanyol de Barcelona,home,2,1,1,win,3
La Liga,PD,2025,544311,2025-11-02,11,RCD Espanyol de Barcelona,Deportivo Alavés,away,1,2,-1,loss,0
La Liga,PD,2025,544313,2025-11-02,11,FC Barcelona,Elche CF,home,3,1,2,win,3
La Liga,PD,2025,544313,2025-11-02,11,Elche CF,FC Barcelona,away,1,3,-2,loss,0
La Liga,PD,2025,544314,2025-11-02,11,Real Betis Balompié,RCD Mallorca,home,3,0,3,win,3
La Liga,PD,2025,544314,2025-11-02,11,RCD Mallorca,Real Betis Balompié,away,0,3,-3,loss,0
La Liga,PD,2025,544319,2025-11-03,11,Real Oviedo,CA Osasuna,home,0,0,0,draw,1
La Liga,PD,2025,544319,2025-11-03,11,CA Osasuna,Real Oviedo,away,0,0,0,draw,1
La Liga,PD,2025,544323,2025-11-07,12,Elche CF,Real Sociedad de Fútbol,home,1,1,0,draw,1
La Liga,PD,2025,544323,2025-11-07,12,Real Sociedad de Fútbol,Elche CF,away,1,1,0,draw,1
La Liga,PD,2025,544326,2025-11-08,12,Girona FC,Deportivo Alavés,home,1,0,1,win,3
La Liga,PD,2025,544326,2025-11-08,12,Deportivo Alavés,Girona FC,away,0,1,-1,loss,0
La Liga,PD,2025,544330,2025-11-08,12,Sevilla FC,CA Osasuna,home,1,0,1,win,3
La Liga,PD,2025,544330,2025-11-08,12,CA Osasuna,Sevilla FC,away,0,1,-1,loss,0
La Liga,PD,2025,544322,2025-11-08,12,Club Atlético de Madrid,Levante UD,home,3,1,2,win,3
La Liga,PD,2025,544322,2025-11-08,12,Levante UD,Club Atlético de Madrid,away,1,3,-2,loss,0
La Liga,PD,2025,544324,2025-11-08,12,RCD Espanyol de Barcelona,Villarreal CF,home,0,2,-2,loss,0
La Liga,PD,2025,544324,2025-11-08,12,Villarreal CF,RCD Espanyol de Barcelona,away,2,0,2,win,3
La Liga,PD,2025,544321,2025-11-09,12,Athletic Club,Real Oviedo,home,1,0,1,win,3
La Liga,PD,2025,544321,2025-11-09,12,Real Oviedo,Athletic Club,away,0,1,-1,loss,0
La Liga,PD,2025,544325,2025-11-09,12,Rayo Vallecano de Madrid,Real Madrid CF,home,0,0,0,draw,1
La Liga,PD,2025,544325,2025-11-09,12,Real Madrid CF,Rayo Vallecano de Madrid,away,0,0,0,draw,1
La Liga,PD,2025,544328,2025-11-09,12,Valencia CF,Real Betis Balompié,home,1,1,0,draw,1
La Liga,PD,2025,544328,2025-11-09,12,Real Betis Balompié,Valencia CF,away,1,1,0,draw,1
La Liga,PD,2025,544329,2025-11-09,12,RCD Mallorca,Getafe CF,home,1,0,1,win,3
La Liga,PD,2025,544329,2025-11-09,12,Getafe CF,RCD Mallorca,away,0,1,-1,loss,0
La Liga,PD,2025,544327,2025-11-09,12,RC Celta de Vigo,FC Barcelona,home,2,4,-2,loss,0
La Liga,PD,2025,544327,2025-11-09,12,FC Barcelona,RC Celta de Vigo,away,4,2,2,win,3
La Liga,PD,2025,544339,2025-11-21,13,Valencia CF,Levante UD,home,1,0,1,win,3
La Liga,PD,2025,544339,2025-11-21,13,Levante UD,Valencia CF,away,0,1,-1,loss,0
La Liga,PD,2025,544331,2025-11-22,13,Deportivo Alavés,RC Celta de Vigo,home,0,1,-1,loss,0
La Liga,PD,2025,544331,2025-11-22,13,RC Celta de Vigo,Deportivo Alavés,away,1,0,1,win,3
La Liga,PD,2025,544337,2025-11-22,13,FC Barcelona,Athletic Club,home,4,0,4,win,3
La Liga,PD,2025,544337,2025-11-22,13,Athletic Club,FC Barcelona,away,0,4,-4,loss,0
La Liga,PD,2025,544335,2025-11-22,13,CA Osasuna,Real Sociedad de Fútbol,home,1,3,-2,loss,0
La Liga,PD,2025,544335,2025-11-22,13,Real Sociedad de Fútbol,CA Osasuna,away,3,1,2,win,3
La Liga,PD,2025,544340,2025-11-22,13,Villarreal CF,RCD Mallorca,home,2,1,1,win,3
La Liga,PD,2025,544340,2025-11-22,13,RCD Mallorca,Villarreal CF,away,1,2,-1,loss,0
La Liga,PD,2025,544336,2025-11-23,13,Real Oviedo,Rayo Vallecano de Madrid,home,0,0,0,draw,1
La Liga,PD,2025,544336,2025-11-23,13,Rayo Vallecano de Madrid,Real Oviedo,away,0,0,0,draw,1
La Liga,PD,2025,544332,2025-11-23,13,Real Betis Balompié,Girona FC,home,1,1,0,draw,1
La Liga,PD,2025,544332,2025-11-23,13,Girona FC,Real Betis Balompié,away,1,1,0,draw,1
La Liga,PD,2025,544338,2025-11-23,13,Getafe CF,Club Atlético de Madrid,home,0,1,-1,loss,0
La Liga,PD,2025,544338,2025-11-23,13,Club Atlético de Madrid,Getafe CF,away,1,0,1,win,3
La Liga,PD,2025,544333,2025-11-23,13,Elche CF,Real Madrid CF,home,2,2,0,draw,1
La Liga,PD,2025,544333,2025-11-23,13,Real Madrid CF,Elche CF,away,2,2,0,draw,1
La Liga,PD,2025,544334,2025-11-24,13,RCD Espanyol de Barcelona,Sevilla FC,home,2,1,1,win,3
La Liga,PD,2025,544334,2025-11-24,13,Sevilla FC,RCD Espanyol de Barcelona,away,1,2,-1,loss,0
La Liga,PD,2025,544350,2025-11-28,14,Getafe CF,Elche CF,home,1,0,1,win,3
La Liga,PD,2025,544350,2025-11-28,14,Elche CF,Getafe CF,away,0,1,-1,loss,0
La Liga,PD,2025,544344,2025-11-29,14,RCD Mallorca,CA Osasuna,home,2,2,0,draw,1
La Liga,PD,2025,544344,2025-11-29,14,CA Osasuna,RCD Mallorca,away,2,2,0,draw,1
La Liga,PD,2025,544347,2025-11-29,14,FC Barcelona,Deportivo Alavés,home,3,1,2,win,3
La Liga,PD,2025,544347,2025-11-29,14,Deportivo Alavés,FC Barcelona,away,1,3,-2,loss,0
La Liga,PD,2025,544348,2025-11-29,14,Levante UD,Athletic Club,home,0,2,-2,loss,0
La Liga,PD,2025,544348,2025-11-29,14,Athletic Club,Levante UD,away,2,0,2,win,3
La Liga,PD,2025,544341,2025-11-29,14,Club Atlético de Madrid,Real Oviedo,home,2,0,2,win,3
La Liga,PD,2025,544341,2025-11-29,14,Real Oviedo,Club Atlético de Madrid,away,0,2,-2,loss,0
La Liga,PD,2025,544346,2025-11-30,14,Real Sociedad de Fútbol,Villarreal CF,home,2,3,-1,loss,0
La Liga,PD,2025,544346,2025-11-30,14,Villarreal CF,Real Sociedad de Fútbol,away,3,2,1,win,3
La Liga,PD,2025,544349,2025-11-30,14,Sevilla FC,Real Betis Balompié,home,0,2,-2,loss,0
La Liga,PD,2025,544349,2025-11-30,14,Real Betis Balompié,Sevilla FC,away,2,0,2,win,3
La Liga,PD,2025,544342,2025-11-30,14,RC Celta de Vigo,RCD Espanyol de Barcelona,home,0,1,-1,loss,0
La Liga,PD,2025,544342,2025-11-30,14,RCD Espanyol de Barcelona,RC Celta de Vigo,away,1,0,1,win,3
La Liga,PD,2025,544343,2025-11-30,14,Girona FC,Real Madrid CF,home,1,1,0,draw,1
La Liga,PD,2025,544343,2025-11-30,14,Real Madrid CF,Girona FC,away,1,1,0,draw,1
La Liga,PD,2025,544345,2025-12-01,14,Rayo Vallecano de Madrid,Valencia CF,home,1,1,0,draw,1
La Liga,PD,2025,544345,2025-12-01,14,Valencia CF,Rayo Vallecano de Madrid,away,1,1,0,draw,1
La Liga,PD,2025,544395,2025-12-02,19,FC Barcelona,Club Atlético de Madrid,home,3,1,2,win,3
La Liga,PD,2025,544395,2025-12-02,19,Club Atlético de Madrid,FC Barcelona,away,1,3,-2,loss,0
La Liga,PD,2025,544391,2025-12-03,19,Athletic Club,Real Madrid CF,home,0,3,-3,loss,0
La Liga,PD,2025,544391,2025-12-03,19,Real Madrid CF,Athletic Club,away,3,0,3,win,3
La Liga,PD,2025,544359,2025-12-05,15,Real Oviedo,RCD Mallorca,home,0,0,0,draw,1
La Liga,PD,2025,544359,2025-12-05,15,RCD Mallorca,Real Oviedo,away,0,0,0,draw,1
La Liga,PD,2025,544357,2025-12-06,15,Villarreal CF,Getafe CF,home,2,0,2,win,3
La Liga,PD,2025,544357,2025-12-06,15,Getafe CF,Villarreal CF,away,0,2,-2,loss,0
La Liga,PD,2025,544351,2025-12-06,15,Deportivo Alavés,Real Sociedad de Fútbol,home,1,0,1,win,3
La Liga,PD,2025,544351,2025-12-06,15,Real Sociedad de Fútbol,Deportivo Alavés,away,0,1,-1,loss,0
La Liga,PD,2025,544355,2025-12-06,15,Real Betis Balompié,FC Barcelona,home,3,5,-2,loss,0
La Liga,PD,2025,544355,2025-12-06,15,FC Barcelona,Real Betis Balompié,away,5,3,2,win,3
La Liga,PD,2025,544352,2025-12-06,15,Athletic Club,Club Atlético de Madrid,home,1,0,1,win,3
La Liga,PD,2025,544352,2025-12-06,15,Club Atlético de Madrid,Athletic Club,away,0,1,-1,loss,0
La Liga,PD,2025,544353,2025-12-07,15,Elche CF,Girona FC,home,3,0,3,win,3
La Liga,PD,2025,544353,2025-12-07,15,Girona FC,Elche CF,away,0,3,-3,loss,0
La Liga,PD,2025,544360,2025-12-07,15,Valencia CF,Sevilla FC,home,1,1,0,draw,1
La Liga,PD,2025,544360,2025-12-07,15,Sevilla FC,Valencia CF,away,1,1,0,draw,1
La Liga,PD,2025,544354,2025-12-07,15,RCD Espanyol de Barcelona,Rayo Vallecano de Madrid,home,1,0,1,win,3
La Liga,PD,2025,544354,2025-12-07,15,Rayo Vallecano de Madrid,RCD Espanyol de Barcelona,away,0,1,-1,loss,0
La Liga,PD,2025,544356,2025-12-07,15,Real Madrid CF,RC Celta de Vigo,home,0,2,-2,loss,0
La Liga,PD,2025,544356,2025-12-07,15,RC Celta de Vigo,Real Madrid CF,away,2,0,2,win,3
La Liga,PD,2025,544358,2025-12-08,15,CA Osasuna,Levante UD,home,2,0,2,win,3
La Liga,PD,2025,544358,2025-12-08,15,Levante UD,CA Osasuna,away,0,2,-2,loss,0
La Liga,PD,2025,544369,2025-12-12,16,Real Sociedad de Fútbol,Girona FC,home,1,2,-1,loss,0
La Liga,PD,2025,544369,2025-12-12,16,Girona FC,Real Sociedad de Fútbol,away,2,1,1,win,3
La Liga,PD,2025,544362,2025-12-13,16,Club Atlético de Madrid,Valencia CF,home,2,1,1,win,3
La Liga,PD,2025,544362,2025-12-13,16,Valencia CF,Club Atlético de Madrid,away,1,2,-1,loss,0
La Liga,PD,2025,544367,2025-12-13,16,RCD Mallorca,Elche CF,home,3,1,2,win,3
La Liga,PD,2025,544367,2025-12-13,16,Elche CF,RCD Mallorca,away,1,3,-2,loss,0
La Liga,PD,2025,544363,2025-12-13,16,FC Barcelona,CA Osasuna,home,2,0,2,win,3
La Liga,PD,2025,544363,2025-12-13,16,CA Osasuna,FC Barcelona,away,0,2,-2,loss,0
La Liga,PD,2025,544368,2025-12-13,16,Getafe CF,RCD Espanyol de Barcelona,home,0,1,-1,loss,0
La Liga,PD,2025,544368,2025-12-13,16,RCD Espanyol de Barcelona,Getafe CF,away,1,0,1,win,3
La Liga,PD,2025,544370,2025-12-14,16,Sevilla FC,Real Oviedo,home,4,0,4,win,3
La Liga,PD,2025,544370,2025-12-14,16,Real Oviedo,Sevilla FC,away,0,4,-4,loss,0
La Liga,PD,2025,544365,2025-12-14,16,RC Celta de Vigo,Athletic Club,home,2,0,2,win,3
La Liga,PD,2025,544365,2025-12-14,16,Athletic Club,RC Celta de Vigo,away,0,2,-2,loss,0
La Liga,PD,2025,544361,2025-12-14,16,Deportivo Alavés,Real Madrid CF,home,1,2,-1,loss,0
La Liga,PD,2025,544361,2025-12-14,16,Real Madrid CF,Deportivo Alavés,away,2,1,1,win,3
La Liga,PD,2025,544366,2025-12-15,16,Rayo Vallecano de Madrid,Real Betis Balompié,home,0,0,0,draw,1
La Liga,PD,2025,544366,2025-12-15,16,Real Betis Balompié,Rayo Vallecano de Madrid,away,0,0,0,draw,1
La Liga,PD,2025,544380,2025-12-19,17,Valencia CF,RCD Mallorca,home,1,1,0,draw,1
La Liga,PD,2025,544380,2025-12-19,17,RCD Mallorca,Valencia CF,away,1,1,0,draw,1
La Liga,PD,2025,544379,2025-12-20,17,Real Oviedo,RC Celta de Vigo,home,0,0,0,draw,1
La Liga,PD,2025,544379,2025-12-20,17,RC Celta de Vigo,Real Oviedo,away,0,0,0,draw,1
La Liga,PD,2025,544374,2025-12-20,17,Levante UD,Real Sociedad de Fútbol,home,1,1,0,draw,1
La Liga,PD,2025,544374,2025-12-20,17,Real Sociedad de Fútbol,Levante UD,away,1,1,0,draw,1
La Liga,PD,2025,544376,2025-12-20,17,CA Osasuna,Deportivo Alavés,home,3,0,3,win,3
La Liga,PD,2025,544376,2025-12-20,17,Deportivo Alavés,CA Osasuna,away,0,3,-3,loss,0
La Liga,PD,2025,544375,2025-12-20,17,Real Madrid CF,Sevilla FC,home,2,0,2,win,3
La Liga,PD,2025,544375,2025-12-20,17,Sevilla FC,Real Madrid CF,away,0,2,-2,loss,0
La Liga,PD,2025,544377,2025-12-21,17,Girona FC,Club Atlético de Madrid,home,0,3,-3,loss,0
La Liga,PD,2025,544377,2025-12-21,17,Club Atlético de Madrid,Girona FC,away,3,0,3,win,3
La Liga,PD,2025,544378,2025-12-21,17,Villarreal CF,FC Barcelona,home,0,2,-2,loss,0
La Liga,PD,2025,544378,2025-12-21,17,FC Barcelona,Villarreal CF,away,2,0,2,win,3
La Liga,PD,2025,544373,2025-12-21,17,Elche CF,Rayo Vallecano de Madrid,home,4,0,4,win,3
La Liga,PD,2025,544373,2025-12-21,17,Rayo Vallecano de Madrid,Elche CF,away,0,4,-4,loss,0
La Liga,PD,2025,544372,2025-12-21,17,Real Betis Balompié,Getafe CF,home,4,0,4,win,3
La Liga,PD,2025,544372,2025-12-21,17,Getafe CF,Real Betis Balompié,away,0,4,-4,loss,0
La Liga,PD,2025,544371,2025-12-22,17,Athletic Club,RCD Espanyol de Barcelona,home,1,2,-1,loss,0
La Liga,PD,2025,544371,2025-12-22,17,RCD Espanyol de Barcelona,Athletic Club,away,2,1,1,win,3
La Liga,PD,2025,544388,2026-01-02,18,Rayo Vallecano de Madrid,Getafe CF,home,1,1,0,draw,1
La Liga,PD,2025,544388,2026-01-02,18,Getafe CF,Rayo Vallecano de Madrid,away,1,1,0,draw,1
La Liga,PD,2025,544382,2026-01-03,18,RC Celta de Vigo,Valencia CF,home,4,1,3,win,3
La Liga,PD,2025,544382,2026-01-03,18,Valencia CF,RC Celta de Vigo,away,1,4,-3,loss,0
La Liga,PD,2025,544384,2026-01-03,18,CA Osasuna,Athletic Club,home,1,1,0,draw,1
La Liga,PD,2025,544384,2026-01-03,18,Athletic Club,CA Osasuna,away,1,1,0,draw,1
La Liga,PD,2025,544383,2026-01-03,18,Elche CF,Villarreal CF,home,1,3,-2,loss,0
La Liga,PD,2025,544383,2026-01-03,18,Villarreal CF,Elche CF,away,3,1,2,win,3
La Liga,PD,2025,544386,2026-01-03,18,RCD Espanyol de Barcelona,FC Barcelona,home,0,2,-2,loss,0
La Liga,PD,2025,544386,2026-01-03,18,FC Barcelona,RCD Espanyol de Barcelona,away,2,0,2,win,3
La Liga,PD,2025,544390,2026-01-04,18,Sevilla FC,Levante UD,home,0,3,-3,loss,0
La Liga,PD,2025,544390,2026-01-04,18,Levante UD,Sevilla FC,away,3,0,3,win,3
La Liga,PD,2025,544387,2026-01-04,18,Real Madrid CF,Real Betis Balompié,home,5,1,4,win,3
La Liga,PD,2025,544387,2026-01-04,18,Real Betis Balompié,Real Madrid CF,away,1,5,-4,loss,0
La Liga,PD,2025,544381,2026-01-04,18,Deportivo Alavés,Real Oviedo,home,1,1,0,draw,1
La Liga,PD,2025,544381,2026-01-04,18,Real Oviedo,Deportivo Alavés,away,1,1,0,draw,1
La Liga,PD,2025,544389,2026-01-04,18,RCD Mallorca,Girona FC,home,1,2,-1,loss,0
La Liga,PD,2025,544389,2026-01-04,18,Girona FC,RCD Mallorca,away,2,1,1,win,3
La Liga,PD,2025,544385,2026-01-04,18,Real Sociedad de Fútbol,Club Atlético de Madrid,home,1,1,0,draw,1
La Liga,PD,2025,544385,2026-01-04,18,Club Atlético de Madrid,Real Sociedad de Fútbol,away,1,1,0,draw,1
La Liga,PD,2025,544392,2026-01-09,19,Getafe CF,Real Sociedad de Fútbol,home,1,2,-1,loss,0
La Liga,PD,2025,544392,2026-01-09,19,Real Sociedad de Fútbol,Getafe CF,away,2,1,1,win,3
La Liga,PD,2025,544396,2026-01-10,19,Real Oviedo,Real Betis Balompié,home,1,1,0,draw,1
La Liga,PD,2025,544396,2026-01-10,19,Real Betis Balompié,Real Oviedo,away,1,1,0,draw,1
La Liga,PD,2025,544394,2026-01-10,19,Villarreal CF,Deportivo Alavés,home,3,1,2,win,3
La Liga,PD,2025,544394,2026-01-10,19,Deportivo Alavés,Villarreal CF,away,1,3,-2,loss,0
La Liga,PD,2025,544393,2026-01-10,19,Girona FC,CA Osasuna,home,1,0,1,win,3
La Liga,PD,2025,544393,2026-01-10,19,CA Osasuna,Girona FC,away,0,1,-1,loss,0
La Liga,PD,2025,544398,2026-01-10,19,Valencia CF,Elche CF,home,1,1,0,draw,1
La Liga,PD,2025,544398,2026-01-10,19,Elche CF,Valencia CF,away,1,1,0,draw,1
La Liga,PD,2025,544400,2026-01-11,19,Rayo Vallecano de Madrid,RCD Mallorca,home,2,1,1,win,3
La Liga,PD,2025,544400,2026-01-11,19,RCD Mallorca,Rayo Vallecano de Madrid,away,1,2,-1,loss,0
La Liga,PD,2025,544399,2026-01-11,19,Levante UD,RCD Espanyol de Barcelona,home,1,1,0,draw,1
La Liga,PD,2025,544399,2026-01-11,19,RCD Espanyol de Barcelona,Levante UD,away,1,1,0,draw,1
La Liga,PD,2025,544397,2026-01-12,19,Sevilla FC,RC Celta de Vigo,home,0,1,-1,loss,0
La Liga,PD,2025,544397,2026-01-12,19,RC Celta de Vigo,Sevilla FC,away,1,0,1,win,3
La Liga,PD,2025,544404,2026-01-16,20,RCD Espanyol de Barcelona,Girona FC,home,0,2,-2,loss,0
La Liga,PD,2025,544404,2026-01-16,20,Girona FC,RCD Espanyol de Barcelona,away,2,0,2,win,3
La Liga,PD,2025,544410,2026-01-17,20,Real Madrid CF,Levante UD,home,2,0,2,win,3
La Liga,PD,2025,544410,2026-01-17,20,Levante UD,Real Madrid CF,away,0,2,-2,loss,0
La Liga,PD,2025,544408,2026-01-17,20,RCD Mallorca,Athletic Club,home,3,2,1,win,3
La Liga,PD,2025,544408,2026-01-17,20,Athletic Club,RCD Mallorca,away,2,3,-1,loss,0
La Liga,PD,2025,544406,2026-01-17,20,CA Osasuna,Real Oviedo,home,3,2,1,win,3
La Liga,PD,2025,544406,2026-01-17,20,Real Oviedo,CA Osasuna,away,2,3,-1,loss,0
La Liga,PD,2025,544401,2026-01-17,20,Real Betis Balompié,Villarreal CF,home,2,0,2,win,3
La Liga,PD,2025,544401,2026-01-17,20,Villarreal CF,Real Betis Balompié,away,0,2,-2,loss,0
La Liga,PD,2025,544405,2026-01-18,20,Getafe CF,Valencia CF,home,0,1,-1,loss,0
La Liga,PD,2025,544405,2026-01-18,20,Valencia CF,Getafe CF,away,1,0,1,win,3
La Liga,PD,2025,544407,2026-01-18,20,Club Atlético de Madrid,Deportivo Alavés,home,1,0,1,win,3
La Liga,PD,2025,544407,2026-01-18,20,Deportivo Alavés,Club Atlético de Madrid,away,0,1,-1,loss,0
La Liga,PD,2025,544402,2026-01-18,20,RC Celta de Vigo,Rayo Vallecano de Madrid,home,3,0,3,win,3
La Liga,PD,2025,544402,2026-01-18,20,Rayo Vallecano de Madrid,RC Celta de Vigo,away,0,3,-3,loss,0
La Liga,PD,2025,544409,2026-01-18,20,Real Sociedad de Fútbol,FC Barcelona,home,2,1,1,win,3
La Liga,PD,2025,544409,2026-01-18,20,FC Barcelona,Real Sociedad de Fútbol,away,1,2,-1,loss,0
La Liga,PD,2025,544403,2026-01-19,20,Elche CF,Sevilla FC,home,2,2,0,draw,1
La Liga,PD,2025,544403,2026-01-19,20,Sevilla FC,Elche CF,away,2,2,0,draw,1
La Liga,PD,2025,544416,2026-01-23,21,Levante UD,Elche CF,home,3,2,1,win,3
La Liga,PD,2025,544416,2026-01-23,21,Elche CF,Levante UD,away,2,3,-1,loss,0
La Liga,PD,2025,544419,2026-01-24,21,Rayo Vallecano de Madrid,CA Osasuna,home,1,3,-2,loss,0
La Liga,PD,2025,544419,2026-01-24,21,CA Osasuna,Rayo Vallecano de Madrid,away,3,1,2,win,3
La Liga,PD,2025,544417,2026-01-24,21,Valencia CF,RCD Espanyol de Barcelona,home,3,2,1,win,3
La Liga,PD,2025,544417,2026-01-24,21,RCD Espanyol de Barcelona,Valencia CF,away,2,3,-1,loss,0
La Liga,PD,2025,544414,2026-01-24,21,Sevilla FC,Athletic Club,home,2,1,1,win,3
La Liga,PD,2025,544414,2026-01-24,21,Athletic Club,Sevilla FC,away,1,2,-1,loss,0
La Liga,PD,2025,544420,2026-01-24,21,Villarreal CF,Real Madrid CF,home,0,2,-2,loss,0
La Liga,PD,2025,544420,2026-01-24,21,Real Madrid CF,Villarreal CF,away,2,0,2,win,3
La Liga,PD,2025,544412,2026-01-25,21,Club Atlético de Madrid,RCD Mallorca,home,3,0,3,win,3
La Liga,PD,2025,544412,2026-01-25,21,RCD Mallorca,Club Atlético de Madrid,away,0,3,-3,loss,0
La Liga,PD,2025,544413,2026-01-25,21,FC Barcelona,Real Oviedo,home,3,0,3,win,3
La Liga,PD,2025,544413,2026-01-25,21,Real Oviedo,FC Barcelona,away,0,3,-3,loss,0
La Liga,PD,2025,544415,2026-01-25,21,Real Sociedad de Fútbol,RC Celta de Vigo,home,3,1,2,win,3
La Liga,PD,2025,544415,2026-01-25,21,RC Celta de Vigo,Real Sociedad de Fútbol,away,1,3,-2,loss,0
La Liga,PD,2025,544411,2026-01-25,21,Deportivo Alavés,Real Betis Balompié,home,2,1,1,win,3
La Liga,PD,2025,544411,2026-01-25,21,Real Betis Balompié,Deportivo Alavés,away,1,2,-1,loss,0
La Liga,PD,2025,544418,2026-01-26,21,Girona FC,Getafe CF,home,1,1,0,draw,1
La Liga,PD,2025,544418,2026-01-26,21,Getafe CF,Girona FC,away,1,1,0,draw,1
La Liga,PD,2025,544425,2026-01-30,22,RCD Espanyol de Barcelona,Deportivo Alavés,home,1,2,-1,loss,0
La Liga,PD,2025,544425,2026-01-30,22,Deportivo Alavés,RCD Espanyol de Barcelona,away,2,1,1,win,3
La Liga,PD,2025,544429,2026-01-31,22,Real Oviedo,Girona FC,home,1,0,1,win,3
La Liga,PD,2025,544429,2026-01-31,22,Girona FC,Real Oviedo,away,0,1,-1,loss,0
La Liga,PD,2025,544424,2026-01-31,22,CA Osasuna,Villarreal CF,home,2,2,0,draw,1
La Liga,PD,2025,544424,2026-01-31,22,Villarreal CF,CA Osasuna,away,2,2,0,draw,1
La Liga,PD,2025,544426,2026-01-31,22,Levante UD,Club Atlético de Madrid,home,0,0,0,draw,1
La Liga,PD,2025,544426,2026-01-31,22,Club Atlético de Madrid,Levante UD,away,0,0,0,draw,1
La Liga,PD,2025,544427,2026-01-31,22,Elche CF,FC Barcelona,home,1,3,-2,loss,0
La Liga,PD,2025,544427,2026-01-31,22,FC Barcelona,Elche CF,away,3,1,2,win,3
La Liga,PD,2025,544430,2026-02-01,22,Real Madrid CF,Rayo Vallecano de Madrid,home,2,1,1,win,3
La Liga,PD,2025,544430,2026-02-01,22,Rayo Vallecano de Madrid,Real Madrid CF,away,1,2,-1,loss,0
La Liga,PD,2025,544422,2026-02-01,22,Real Betis Balompié,Valencia CF,home,2,1,1,win,3
La Liga,PD,2025,544422,2026-02-01,22,Valencia CF,Real Betis Balompié,away,1,2,-1,loss,0
La Liga,PD,2025,544428,2026-02-01,22,Getafe CF,RC Celta de Vigo,home,0,0,0,draw,1
La Liga,PD,2025,544428,2026-02-01,22,RC Celta de Vigo,Getafe CF,away,0,0,0,draw,1
La Liga,PD,2025,544421,2026-02-01,22,Athletic Club,Real Sociedad de Fútbol,home,1,1,0,draw,1
La Liga,PD,2025,544421,2026-02-01,22,Real Sociedad de Fútbol,Athletic Club,away,1,1,0,draw,1
La Liga,PD,2025,544423,2026-02-02,22,RCD Mallorca,Sevilla FC,home,4,1,3,win,3
La Liga,PD,2025,544423,2026-02-02,22,Sevilla FC,RCD Mallorca,away,1,4,-3,loss,0
La Liga,PD,2025,544435,2026-02-06,23,RC Celta de Vigo,CA Osasuna,home,1,2,-1,loss,0
La Liga,PD,2025,544435,2026-02-06,23,CA Osasuna,RC Celta de Vigo,away,2,1,1,win,3
La Liga,PD,2025,544434,2026-02-07,23,FC Barcelona,RCD Mallorca,home,3,0,3,win,3
La Liga,PD,2025,544434,2026-02-07,23,RCD Mallorca,FC Barcelona,away,0,3,-3,loss,0
La Liga,PD,2025,544436,2026-02-07,23,Real Sociedad de Fútbol,Elche CF,home,3,1,2,win,3
La Liga,PD,2025,544436,2026-02-07,23,Elche CF,Real Sociedad de Fútbol,away,1,3,-2,loss,0
La Liga,PD,2025,544431,2026-02-08,23,Deportivo Alavés,Getafe CF,home,0,2,-2,loss,0
La Liga,PD,2025,544431,2026-02-08,23,Getafe CF,Deportivo Alavés,away,2,0,2,win,3
La Liga,PD,2025,544432,2026-02-08,23,Athletic Club,Levante UD,home,4,2,2,win,3
La Liga,PD,2025,544432,2026-02-08,23,Levante UD,Athletic Club,away,2,4,-2,loss,0
La Liga,PD,2025,544438,2026-02-08,23,Sevilla FC,Girona FC,home,1,1,0,draw,1
La Liga,PD,2025,544438,2026-02-08,23,Girona FC,Sevilla FC,away,1,1,0,draw,1
La Liga,PD,2025,544433,2026-02-08,23,Club Atlético de Madrid,Real Betis Balompié,home,0,1,-1,loss,0
La Liga,PD,2025,544433,2026-02-08,23,Real Betis Balompié,Club Atlético de Madrid,away,1,0,1,win,3
La Liga,PD,2025,544439,2026-02-08,23,Valencia CF,Real Madrid CF,home,0,2,-2,loss,0
La Liga,PD,2025,544439,2026-02-08,23,Real Madrid CF,Valencia CF,away,2,0,2,win,3
La Liga,PD,2025,544437,2026-02-09,23,Villarreal CF,RCD Espanyol de Barcelona,home,4,1,3,win,3
La Liga,PD,2025,544437,2026-02-09,23,RCD Espanyol de Barcelona,Villarreal CF,away,1,4,-3,loss,0
La Liga,PD,2025,544441,2026-02-13,24,Elche CF,CA Osasuna,home,0,0,0,draw,1
La Liga,PD,2025,544441,2026-02-13,24,CA Osasuna,Elche CF,away,0,0,0,draw,1
La Liga,PD,2025,544450,2026-02-14,24,RCD Espanyol de Barcelona,RC Celta de Vigo,home,2,2,0,draw,1
La Liga,PD,2025,544450,2026-02-14,24,RC Celta de Vigo,RCD Espanyol de Barcelona,away,2,2,0,draw,1
La Liga,PD,2025,544442,2026-02-14,24,Getafe CF,Villarreal CF,home,2,1,1,win,3
La Liga,PD,2025,544442,2026-02-14,24,Villarreal CF,Getafe CF,away,1,2,-1,loss,0
La Liga,PD,2025,544445,2026-02-14,24,Sevilla FC,Deportivo Alavés,home,1,1,0,draw,1
La Liga,PD,2025,544445,2026-02-14,24,Deportivo Alavés,Sevilla FC,away,1,1,0,draw,1
La Liga,PD,2025,544444,2026-02-14,24,Real Madrid CF,Real Sociedad de Fútbol,home,4,1,3,win,3
La Liga,PD,2025,544444,2026-02-14,24,Real Sociedad de Fútbol,Real Madrid CF,away,1,4,-3,loss,0
La Liga,PD,2025,544446,2026-02-15,24,Real Oviedo,Athletic Club,home,1,2,-1,loss,0
La Liga,PD,2025,544446,2026-02-15,24,Athletic Club,Real Oviedo,away,2,1,1,win,3
La Liga,PD,2025,544447,2026-02-15,24,Rayo Vallecano de Madrid,Club Atlético de Madrid,home,3,0,3,win,3
La Liga,PD,2025,544447,2026-02-15,24,Club Atlético de Madrid,Rayo Vallecano de Madrid,away,0,3,-3,loss,0
La Liga,PD,2025,544443,2026-02-15,24,Levante UD,Valencia CF,home,0,2,-2,loss,0
La Liga,PD,2025,544443,2026-02-15,24,Valencia CF,Levante UD,away,2,0,2,win,3
La Liga,PD,2025,544449,2026-02-15,24,RCD Mallorca,Real Betis Balompié,home,1,2,-1,loss,0
La Liga,PD,2025,544449,2026-02-15,24,Real Betis Balompié,RCD Mallorca,away,2,1,1,win,3
La Liga,PD,2025,544448,2026-02-16,24,Girona FC,FC Barcelona,home,2,1,1,win,3
La Liga,PD,2025,544448,2026-02-16,24,FC Barcelona,Girona FC,away,1,2,-1,loss,0
La Liga,PD,2025,544364,2026-02-18,16,Levante UD,Villarreal CF,home,0,1,-1,loss,0
La Liga,PD,2025,544364,2026-02-18,16,Villarreal CF,Levante UD,away,1,0,1,win,3
La Liga,PD,2025,544452,2026-02-20,25,Athletic Club,Elche CF,home,2,1,1,win,3
La Liga,PD,2025,544452,2026-02-20,25,Elche CF,Athletic Club,away,1,2,-1,loss,0
La Liga,PD,2025,544460,2026-02-21,25,Real Sociedad de Fútbol,Real Oviedo,home,3,3,0,draw,1
La Liga,PD,2025,544460,2026-02-21,25,Real Oviedo,Real Sociedad de Fútbol,away,3,3,0,draw,1
La Liga,PD,2025,544455,2026-02-21,25,Real Betis Balompié,Rayo Vallecano de Madrid,home,1,1,0,draw,1
La Liga,PD,2025,544455,2026-02-21,25,Rayo Vallecano de Madrid,Real Betis Balompié,away,1,1,0,draw,1
La Liga,PD,2025,544458,2026-02-21,25,CA Osasuna,Real Madrid CF,home,2,1,1,win,3
La Liga,PD,2025,544458,2026-02-21,25,Real Madrid CF,CA Osasuna,away,1,2,-1,loss,0
La Liga,PD,2025,544453,2026-02-21,25,Club Atlético de Madrid,RCD Espanyol de Barcelona,home,4,2,2,win,3
La Liga,PD,2025,544453,2026-02-21,25,RCD Espanyol de Barcelona,Club Atlético de Madrid,away,2,4,-2,loss,0
La Liga,PD,2025,544457,2026-02-22,25,Getafe CF,Sevilla FC,home,0,1,-1,loss,0
La Liga,PD,2025,544457,2026-02-22,25,Sevilla FC,Getafe CF,away,1,0,1,win,3
La Liga,PD,2025,544454,2026-02-22,25,FC Barcelona,Levante UD,home,3,0,3,win,3
La Liga,PD,2025,544454,2026-02-22,25,Levante UD,FC Barcelona,away,0,3,-3,loss,0
La Liga,PD,2025,544456,2026-02-22,25,RC Celta de Vigo,RCD Mallorca,home,2,0,2,win,3
La Liga,PD,2025,544456,2026-02-22,25,RCD Mallorca,RC Celta de Vigo,away,0,2,-2,loss,0
La Liga,PD,2025,544459,2026-02-22,25,Villarreal CF,Valencia CF,home,2,1,1,win,3
La Liga,PD,2025,544459,2026-02-22,25,Valencia CF,Villarreal CF,away,1,2,-1,loss,0
La Liga,PD,2025,544451,2026-02-23,25,Deportivo Alavés,Girona FC,home,2,2,0,draw,1
La Liga,PD,2025,544451,2026-02-23,25,Girona FC,Deportivo Alavés,away,2,2,0,draw,1
La Liga,PD,2025,544465,2026-02-27,26,Levante UD,Deportivo Alavés,home,2,0,2,win,3
La Liga,PD,2025,544465,2026-02-27,26,Deportivo Alavés,Levante UD,away,0,2,-2,loss,0
La Liga,PD,2025,544466,2026-02-28,26,Rayo Vallecano de Madrid,Athletic Club,home,1,1,0,draw,1
La Liga,PD,2025,544466,2026-02-28,26,Athletic Club,Rayo Vallecano de Madrid,away,1,1,0,draw,1
La Liga,PD,2025,544461,2026-02-28,26,FC Barcelona,Villarreal CF,home,4,1,3,win,3
La Liga,PD,2025,544461,2026-02-28,26,Villarreal CF,FC Barcelona,away,1,4,-3,loss,0
La Liga,PD,2025,544464,2026-02-28,26,RCD Mallorca,Real Sociedad de Fútbol,home,0,1,-1,loss,0
La Liga,PD,2025,544464,2026-02-28,26,Real Sociedad de Fútbol,RCD Mallorca,away,1,0,1,win,3
La Liga,PD,2025,544467,2026-02-28,26,Real Oviedo,Club Atlético de Madrid,home,0,1,-1,loss,0
La Liga,PD,2025,544467,2026-02-28,26,Club Atlético de Madrid,Real Oviedo,away,1,0,1,win,3
La Liga,PD,2025,544463,2026-03-01,26,Elche CF,RCD Espanyol de Barcelona,home,2,2,0,draw,1
La Liga,PD,2025,544463,2026-03-01,26,RCD Espanyol de Barcelona,Elche CF,away,2,2,0,draw,1
La Liga,PD,2025,544470,2026-03-01,26,Valencia CF,CA Osasuna,home,1,0,1,win,3
La Liga,PD,2025,544470,2026-03-01,26,CA Osasuna,Valencia CF,away,0,1,-1,loss,0
La Liga,PD,2025,544462,2026-03-01,26,Real Betis Balompié,Sevilla FC,home,2,2,0,draw,1
La Liga,PD,2025,544462,2026-03-01,26,Sevilla FC,Real Betis Balompié,away,2,2,0,draw,1
La Liga,PD,2025,544468,2026-03-01,26,Girona FC,RC Celta de Vigo,home,1,2,-1,loss,0
La Liga,PD,2025,544468,2026-03-01,26,RC Celta de Vigo,Girona FC,away,2,1,1,win,3
La Liga,PD,2025,544469,2026-03-02,26,Real Madrid CF,Getafe CF,home,0,1,-1,loss,0
La Liga,PD,2025,544469,2026-03-02,26,Getafe CF,Real Madrid CF,away,1,0,1,win,3
La Liga,PD,2025,544440,2026-03-04,23,Rayo Vallecano de Madrid,Real Oviedo,home,3,0,3,win,3
La Liga,PD,2025,544440,2026-03-04,23,Real Oviedo,Rayo Vallecano de Madrid,away,0,3,-3,loss,0
La Liga,PD,2025,544473,2026-03-06,27,RC Celta de Vigo,Real Madrid CF,home,1,2,-1,loss,0
La Liga,PD,2025,544473,2026-03-06,27,Real Madrid CF,RC Celta de Vigo,away,2,1,1,win,3
La Liga,PD,2025,544479,2026-03-07,27,CA Osasuna,RCD Mallorca,home,2,2,0,draw,1
La Liga,PD,2025,544479,2026-03-07,27,RCD Mallorca,CA Osasuna,away,2,2,0,draw,1
La Liga,PD,2025,544478,2026-03-07,27,Levante UD,Girona FC,home,1,1,0,draw,1
La Liga,PD,2025,544478,2026-03-07,27,Girona FC,Levante UD,away,1,1,0,draw,1
La Liga,PD,2025,544472,2026-03-07,27,Club Atlético de Madrid,Real Sociedad de Fútbol,home,3,2,1,win,3
La Liga,PD,2025,544472,2026-03-07,27,Real Sociedad de Fútbol,Club Atlético de Madrid,away,2,3,-1,loss,0
La Liga,PD,2025,544471,2026-03-07,27,Athletic Club,FC Barcelona,home,0,1,-1,loss,0
La Liga,PD,2025,544471,2026-03-07,27,FC Barcelona,Athletic Club,away,1,0,1,win,3
La Liga,PD,2025,544477,2026-03-08,27,Villarreal CF,Elche CF,home,2,1,1,win,3
La Liga,PD,2025,544477,2026-03-08,27,Elche CF,Villarreal CF,away,1,2,-1,loss,0
La Liga,PD,2025,544476,2026-03-08,27,Getafe CF,Real Betis Balompié,home,2,0,2,win,3
La Liga,PD,2025,544476,2026-03-08,27,Real Betis Balompié,Getafe CF,away,0,2,-2,loss,0
La Liga,PD,2025,544480,2026-03-08,27,Sevilla FC,Rayo Vallecano de Madrid,home,1,1,0,draw,1
La Liga,PD,2025,544480,2026-03-08,27,Rayo Vallecano de Madrid,Sevilla FC,away,1,1,0,draw,1
La Liga,PD,2025,544475,2026-03-08,27,Valencia CF,Deportivo Alavés,home,3,2,1,win,3
La Liga,PD,2025,544475,2026-03-08,27,Deportivo Alavés,Valencia CF,away,2,3,-1,loss,0
La Liga,PD,2025,544474,2026-03-09,27,RCD Espanyol de Barcelona,Real Oviedo,home,1,1,0,draw,1
La Liga,PD,2025,544474,2026-03-09,27,Real Oviedo,RCD Espanyol de Barcelona,away,1,1,0,draw,1
La Liga,PD,2025,544481,2026-03-13,28,Deportivo Alavés,Villarreal CF,home,1,1,0,draw,1
La Liga,PD,2025,544481,2026-03-13,28,Villarreal CF,Deportivo Alavés,away,1,1,0,draw,1
La Liga,PD,2025,544486,2026-03-14,28,Girona FC,Athletic Club,home,3,0,3,win,3
La Liga,PD,2025,544486,2026-03-14,28,Athletic Club,Girona FC,away,0,3,-3,loss,0
La Liga,PD,2025,544482,2026-03-14,28,Club Atlético de Madrid,Getafe CF,home,1,0,1,win,3
La Liga,PD,2025,544482,2026-03-14,28,Getafe CF,Club Atlético de Madrid,away,0,1,-1,loss,0
La Liga,PD,2025,544485,2026-03-14,28,Real Oviedo,Valencia CF,home,1,0,1,win,3
La Liga,PD,2025,544485,2026-03-14,28,Valencia CF,Real Oviedo,away,0,1,-1,loss,0
La Liga,PD,2025,544487,2026-03-14,28,Real Madrid CF,Elche CF,home,4,1,3,win,3
La Liga,PD,2025,544487,2026-03-14,28,Elche CF,Real Madrid CF,away,1,4,-3,loss,0
La Liga,PD,2025,544488,2026-03-15,28,RCD Mallorca,RCD Espanyol de Barcelona,home,2,1,1,win,3
La Liga,PD,2025,544488,2026-03-15,28,RCD Espanyol de Barcelona,RCD Mallorca,away,1,2,-1,loss,0
La Liga,PD,2025,544483,2026-03-15,28,FC Barcelona,Sevilla FC,home,5,2,3,win,3
La Liga,PD,2025,544483,2026-03-15,28,Sevilla FC,FC Barcelona,away,2,5,-3,loss,0
La Liga,PD,2025,544484,2026-03-15,28,Real Betis Balompié,RC Celta de Vigo,home,1,1,0,draw,1
La Liga,PD,2025,544484,2026-03-15,28,RC Celta de Vigo,Real Betis Balompié,away,1,1,0,draw,1
La Liga,PD,2025,544490,2026-03-15,28,Real Sociedad de Fútbol,CA Osasuna,home,3,1,2,win,3
La Liga,PD,2025,544490,2026-03-15,28,CA Osasuna,Real Sociedad de Fútbol,away,1,3,-2,loss,0
La Liga,PD,2025,544489,2026-03-16,28,Rayo Vallecano de Madrid,Levante UD,home,1,1,0,draw,1
La Liga,PD,2025,544489,2026-03-16,28,Levante UD,Rayo Vallecano de Madrid,away,1,1,0,draw,1
La Liga,PD,2025,544500,2026-03-20,29,Villarreal CF,Real Sociedad de Fútbol,home,3,1,2,win,3
La Liga,PD,2025,544500,2026-03-20,29,Real Sociedad de Fútbol,Villarreal CF,away,1,3,-2,loss,0
La Liga,PD,2025,544493,2026-03-21,29,Elche CF,RCD Mallorca,home,2,1,1,win,3
La Liga,PD,2025,544493,2026-03-21,29,RCD Mallorca,Elche CF,away,1,2,-1,loss,0
La Liga,PD,2025,544494,2026-03-21,29,RCD Espanyol de Barcelona,Getafe CF,home,1,2,-1,loss,0
La Liga,PD,2025,544494,2026-03-21,29,Getafe CF,RCD Espanyol de Barcelona,away,2,1,1,win,3
La Liga,PD,2025,544495,2026-03-21,29,Levante UD,Real Oviedo,home,4,2,2,win,3
La Liga,PD,2025,544495,2026-03-21,29,Real Oviedo,Levante UD,away,2,4,-2,loss,0
La Liga,PD,2025,544499,2026-03-21,29,CA Osasuna,Girona FC,home,1,0,1,win,3
La Liga,PD,2025,544499,2026-03-21,29,Girona FC,CA Osasuna,away,0,1,-1,loss,0
La Liga,PD,2025,544496,2026-03-21,29,Sevilla FC,Valencia CF,home,0,2,-2,loss,0
La Liga,PD,2025,544496,2026-03-21,29,Valencia CF,Sevilla FC,away,2,0,2,win,3
La Liga,PD,2025,544492,2026-03-22,29,FC Barcelona,Rayo Vallecano de Madrid,home,1,0,1,win,3
La Liga,PD,2025,544492,2026-03-22,29,Rayo Vallecano de Madrid,FC Barcelona,away,0,1,-1,loss,0
La Liga,PD,2025,544497,2026-03-22,29,RC Celta de Vigo,Deportivo Alavés,home,3,4,-1,loss,0
La Liga,PD,2025,544497,2026-03-22,29,Deportivo Alavés,RC Celta de Vigo,away,4,3,1,win,3
La Liga,PD,2025,544491,2026-03-22,29,Athletic Club,Real Betis Balompié,home,2,1,1,win,3
La Liga,PD,2025,544491,2026-03-22,29,Real Betis Balompié,Athletic Club,away,1,2,-1,loss,0
La Liga,PD,2025,544498,2026-03-22,29,Real Madrid CF,Club Atlético de Madrid,home,3,2,1,win,3
La Liga,PD,2025,544498,2026-03-22,29,Club Atlético de Madrid,Real Madrid CF,away,2,3,-1,loss,0
La Liga,PD,2025,544509,2026-04-03,30,Rayo Vallecano de Madrid,Elche CF,home,1,0,1,win,3
La Liga,PD,2025,544509,2026-04-03,30,Elche CF,Rayo Vallecano de Madrid,away,0,1,-1,loss,0
La Liga,PD,2025,544510,2026-04-04,30,Real Sociedad de Fútbol,Levante UD,home,2,0,2,win,3
La Liga,PD,2025,544510,2026-04-04,30,Levante UD,Real Sociedad de Fútbol,away,0,2,-2,loss,0
La Liga,PD,2025,544505,2026-04-04,30,RCD Mallorca,Real Madrid CF,home,2,1,1,win,3
La Liga,PD,2025,544505,2026-04-04,30,Real Madrid CF,RCD Mallorca,away,1,2,-1,loss,0
La Liga,PD,2025,544503,2026-04-04,30,Real Betis Balompié,RCD Espanyol de Barcelona,home,0,0,0,draw,1
La Liga,PD,2025,544503,2026-04-04,30,RCD Espanyol de Barcelona,Real Betis Balompié,away,0,0,0,draw,1
La Liga,PD,2025,544502,2026-04-04,30,Club Atlético de Madrid,FC Barcelona,home,1,2,-1,loss,0
La Liga,PD,2025,544502,2026-04-04,30,FC Barcelona,Club Atlético de Madrid,away,2,1,1,win,3
La Liga,PD,2025,544507,2026-04-05,30,Getafe CF,Athletic Club,home,2,0,2,win,3
La Liga,PD,2025,544507,2026-04-05,30,Athletic Club,Getafe CF,away,0,2,-2,loss,0
La Liga,PD,2025,544508,2026-04-05,30,Valencia CF,RC Celta de Vigo,home,2,3,-1,loss,0
La Liga,PD,2025,544508,2026-04-05,30,RC Celta de Vigo,Valencia CF,away,3,2,1,win,3
La Liga,PD,2025,544506,2026-04-05,30,Real Oviedo,Sevilla FC,home,1,0,1,win,3
La Liga,PD,2025,544506,2026-04-05,30,Sevilla FC,Real Oviedo,away,0,1,-1,loss,0
La Liga,PD,2025,544501,2026-04-05,30,Deportivo Alavés,CA Osasuna,home,2,2,0,draw,1
La Liga,PD,2025,544501,2026-04-05,30,CA Osasuna,Deportivo Alavés,away,2,2,0,draw,1
La Liga,PD,2025,544504,2026-04-06,30,Girona FC,Villarreal CF,home,1,0,1,win,3
La Liga,PD,2025,544504,2026-04-06,30,Villarreal CF,Girona FC,away,0,1,-1,loss,0
La Liga,PD,2025,544520,2026-04-10,31,Real Madrid CF,Girona FC,home,1,1,0,draw,1
La Liga,PD,2025,544520,2026-04-10,31,Girona FC,Real Madrid CF,away,1,1,0,draw,1
La Liga,PD,2025,544516,2026-04-11,31,Real Sociedad de Fútbol,Deportivo Alavés,home,3,3,0,draw,1
La Liga,PD,2025,544516,2026-04-11,31,Deportivo Alavés,Real Sociedad de Fútbol,away,3,3,0,draw,1
La Liga,PD,2025,544514,2026-04-11,31,Elche CF,Valencia CF,home,1,0,1,win,3
La Liga,PD,2025,544514,2026-04-11,31,Valencia CF,Elche CF,away,0,1,-1,loss,0
La Liga,PD,2025,544512,2026-04-11,31,FC Barcelona,RCD Espanyol de Barcelona,home,4,1,3,win,3
La Liga,PD,2025,544512,2026-04-11,31,RCD Espanyol de Barcelona,FC Barcelona,away,1,4,-3,loss,0
La Liga,PD,2025,544517,2026-04-11,31,Sevilla FC,Club Atlético de Madrid,home,2,1,1,win,3
La Liga,PD,2025,544517,2026-04-11,31,Club Atlético de Madrid,Sevilla FC,away,1,2,-1,loss,0
La Liga,PD,2025,544518,2026-04-12,31,CA Osasuna,Real Betis Balompié,home,1,1,0,draw,1
La Liga,PD,2025,544518,2026-04-12,31,Real Betis Balompié,CA Osasuna,away,1,1,0,draw,1
La Liga,PD,2025,544515,2026-04-12,31,RCD Mallorca,Rayo Vallecano de Madrid,home,3,0,3,win,3
La Liga,PD,2025,544515,2026-04-12,31,Rayo Vallecano de Madrid,RCD Mallorca,away,0,3,-3,loss,0
La Liga,PD,2025,544513,2026-04-12,31,RC Celta de Vigo,Real Oviedo,home,0,3,-3,loss,0
La Liga,PD,2025,544513,2026-04-12,31,Real Oviedo,RC Celta de Vigo,away,3,0,3,win,3
La Liga,PD,2025,544511,2026-04-12,31,Athletic Club,Villarreal CF,home,1,2,-1,loss,0
La Liga,PD,2025,544511,2026-04-12,31,Villarreal CF,Athletic Club,away,2,1,1,win,3
La Liga,PD,2025,544519,2026-04-13,31,Levante UD,Getafe CF,home,1,0,1,win,3
La Liga,PD,2025,544519,2026-04-13,31,Getafe CF,Levante UD,away,0,1,-1,loss,0
La Liga,PD,2025,544531,2026-04-21,33,Athletic Club,CA Osasuna,home,1,0,1,win,3
La Liga,PD,2025,544531,2026-04-21,33,CA Osasuna,Athletic Club,away,0,1,-1,loss,0
La Liga,PD,2025,544534,2026-04-21,33,RCD Mallorca,Valencia CF,home,1,1,0,draw,1
La Liga,PD,2025,544534,2026-04-21,33,Valencia CF,RCD Mallorca,away,1,1,0,draw,1
La Liga,PD,2025,544536,2026-04-21,33,Real Madrid CF,Deportivo Alavés,home,2,1,1,win,3
La Liga,PD,2025,544536,2026-04-21,33,Deportivo Alavés,Real Madrid CF,away,1,2,-1,loss,0
La Liga,PD,2025,544538,2026-04-21,33,Girona FC,Real Betis Balompié,home,2,3,-1,loss,0
La Liga,PD,2025,544538,2026-04-21,33,Real Betis Balompié,Girona FC,away,3,2,1,win,3
La Liga,PD,2025,544537,2026-04-22,33,Elche CF,Club Atlético de Madrid,home,3,2,1,win,3
La Liga,PD,2025,544537,2026-04-22,33,Club Atlético de Madrid,Elche CF,away,2,3,-1,loss,0
La Liga,PD,2025,544540,2026-04-22,33,Real Sociedad de Fútbol,Getafe CF,home,0,1,-1,loss,0
La Liga,PD,2025,544540,2026-04-22,33,Getafe CF,Real Sociedad de Fútbol,away,1,0,1,win,3
La Liga,PD,2025,544532,2026-04-22,33,FC Barcelona,RC Celta de Vigo,home,1,0,1,win,3
La Liga,PD,2025,544532,2026-04-22,33,RC Celta de Vigo,FC Barcelona,away,0,1,-1,loss,0
La Liga,PD,2025,544533,2026-04-23,33,Levante UD,Sevilla FC,home,2,0,2,win,3
La Liga,PD,2025,544533,2026-04-23,33,Sevilla FC,Levante UD,away,0,2,-2,loss,0
La Liga,PD,2025,544539,2026-04-23,33,Rayo Vallecano de Madrid,RCD Espanyol de Barcelona,home,1,0,1,win,3
La Liga,PD,2025,544539,2026-04-23,33,RCD Espanyol de Barcelona,Rayo Vallecano de Madrid,away,0,1,-1,loss,0
La Liga,PD,2025,544535,2026-04-23,33,Real Oviedo,Villarreal CF,home,1,1,0,draw,1
La Liga,PD,2025,544535,2026-04-23,33,Villarreal CF,Real Oviedo,away,1,1,0,draw,1
La Liga,PD,2025,544522,2026-04-24,32,Real Betis Balompié,Real Madrid CF,home,1,1,0,draw,1
La Liga,PD,2025,544522,2026-04-24,32,Real Madrid CF,Real Betis Balompié,away,1,1,0,draw,1
La Liga,PD,2025,544521,2026-04-25,32,Deportivo Alavés,RCD Mallorca,home,2,1,1,win,3
La Liga,PD,2025,544521,2026-04-25,32,RCD Mallorca,Deportivo Alavés,away,1,2,-1,loss,0
La Liga,PD,2025,544527,2026-04-25,32,Getafe CF,FC Barcelona,home,0,2,-2,loss,0
La Liga,PD,2025,544527,2026-04-25,32,FC Barcelona,Getafe CF,away,2,0,2,win,3
La Liga,PD,2025,544530,2026-04-25,32,Valencia CF,Girona FC,home,2,1,1,win,3
La Liga,PD,2025,544530,2026-04-25,32,Girona FC,Valencia CF,away,1,2,-1,loss,0
La Liga,PD,2025,544526,2026-04-25,32,Club Atlético de Madrid,Athletic Club,home,3,2,1,win,3
La Liga,PD,2025,544526,2026-04-25,32,Athletic Club,Club Atlético de Madrid,away,2,3,-1,loss,0
La Liga,PD,2025,544525,2026-04-26,32,Rayo Vallecano de Madrid,Real Sociedad de Fútbol,home,3,3,0,draw,1
La Liga,PD,2025,544525,2026-04-26,32,Real Sociedad de Fútbol,Rayo Vallecano de Madrid,away,3,3,0,draw,1
La Liga,PD,2025,544529,2026-04-26,32,Real Oviedo,Elche CF,home,1,2,-1,loss,0
La Liga,PD,2025,544529,2026-04-26,32,Elche CF,Real Oviedo,away,2,1,1,win,3
La Liga,PD,2025,544524,2026-04-26,32,CA Osasuna,Sevilla FC,home,2,1,1,win,3
La Liga,PD,2025,544524,2026-04-26,32,Sevilla FC,CA Osasuna,away,1,2,-1,loss,0
La Liga,PD,2025,544528,2026-04-26,32,Villarreal CF,RC Celta de Vigo,home,2,1,1,win,3
La Liga,PD,2025,544528,2026-04-26,32,RC Celta de Vigo,Villarreal CF,away,1,2,-1,loss,0
La Liga,PD,2025,544523,2026-04-27,32,RCD Espanyol de Barcelona,Levante UD,home,0,0,0,draw,1
La Liga,PD,2025,544523,2026-04-27,32,Levante UD,RCD Espanyol de Barcelona,away,0,0,0,draw,1
La Liga,PD,2025,544546,2026-05-01,34,Girona FC,RCD Mallorca,home,0,1,-1,loss,0
La Liga,PD,2025,544546,2026-05-01,34,RCD Mallorca,Girona FC,away,1,0,1,win,3
La Liga,PD,2025,544549,2026-05-02,34,Villarreal CF,Levante UD,home,5,1,4,win,3
La Liga,PD,2025,544549,2026-05-02,34,Levante UD,Villarreal CF,away,1,5,-4,loss,0
La Liga,PD,2025,544547,2026-05-02,34,Valencia CF,Club Atlético de Madrid,home,0,2,-2,loss,0
La Liga,PD,2025,544547,2026-05-02,34,Club Atlético de Madrid,Valencia CF,away,2,0,2,win,3
La Liga,PD,2025,544541,2026-05-02,34,Deportivo Alavés,Athletic Club,home,2,4,-2,loss,0
La Liga,PD,2025,544541,2026-05-02,34,Athletic Club,Deportivo Alavés,away,4,2,2,win,3
La Liga,PD,2025,544548,2026-05-02,34,CA Osasuna,FC Barcelona,home,1,2,-1,loss,0
La Liga,PD,2025,544548,2026-05-02,34,FC Barcelona,CA Osasuna,away,2,1,1,win,3
La Liga,PD,2025,544543,2026-05-03,34,RC Celta de Vigo,Elche CF,home,3,1,2,win,3
La Liga,PD,2025,544543,2026-05-03,34,Elche CF,RC Celta de Vigo,away,1,3,-2,loss,0
La Liga,PD,2025,544545,2026-05-03,34,Getafe CF,Rayo Vallecano de Madrid,home,0,2,-2,loss,0
La Liga,PD,2025,544545,2026-05-03,34,Rayo Vallecano de Madrid,Getafe CF,away,2,0,2,win,3
La Liga,PD,2025,544542,2026-05-03,34,Real Betis Balompié,Real Oviedo,home,3,0,3,win,3
La Liga,PD,2025,544542,2026-05-03,34,Real Oviedo,Real Betis Balompié,away,0,3,-3,loss,0
La Liga,PD,2025,544544,2026-05-03,34,RCD Espanyol de Barcelona,Real Madrid CF,home,0,2,-2,loss,0
La Liga,PD,2025,544544,2026-05-03,34,Real Madrid CF,RCD Espanyol de Barcelona,away,2,0,2,win,3
La Liga,PD,2025,544550,2026-05-04,34,Sevilla FC,Real Sociedad de Fútbol,home,1,0,1,win,3
La Liga,PD,2025,544550,2026-05-04,34,Real Sociedad de Fútbol,Sevilla FC,away,0,1,-1,loss,0
La Liga,PD,2025,544554,2026-05-08,35,Levante UD,CA Osasuna,home,3,2,1,win,3
La Liga,PD,2025,544554,2026-05-08,35,CA Osasuna,Levante UD,away,2,3,-1,loss,0
La Liga,PD,2025,544556,2026-05-09,35,Elche CF,Deportivo Alavés,home,1,1,0,draw,1
La Liga,PD,2025,544556,2026-05-09,35,Deportivo Alavés,Elche CF,away,1,1,0,draw,1
La Liga,PD,2025,544558,2026-05-09,35,Sevilla FC,RCD Espanyol de Barcelona,home,2,1,1,win,3
La Liga,PD,2025,544558,2026-05-09,35,RCD Espanyol de Barcelona,Sevilla FC,away,1,2,-1,loss,0
La Liga,PD,2025,544552,2026-05-09,35,Club Atlético de Madrid,RC Celta de Vigo,home,0,1,-1,loss,0
La Liga,PD,2025,544552,2026-05-09,35,RC Celta de Vigo,Club Atlético de Madrid,away,1,0,1,win,3
La Liga,PD,2025,544557,2026-05-09,35,Real Sociedad de Fútbol,Real Betis Balompié,home,2,2,0,draw,1
La Liga,PD,2025,544557,2026-05-09,35,Real Betis Balompié,Real Sociedad de Fútbol,away,2,2,0,draw,1
La Liga,PD,2025,544555,2026-05-10,35,RCD Mallorca,Villarreal CF,home,1,1,0,draw,1
La Liga,PD,2025,544555,2026-05-10,35,Villarreal CF,RCD Mallorca,away,1,1,0,draw,1
La Liga,PD,2025,544551,2026-05-10,35,Athletic Club,Valencia CF,home,0,1,-1,loss,0
La Liga,PD,2025,544551,2026-05-10,35,Valencia CF,Athletic Club,away,1,0,1,win,3
La Liga,PD,2025,544559,2026-05-10,35,Real Oviedo,Getafe CF,home,0,0,0,draw,1
La Liga,PD,2025,544559,2026-05-10,35,Getafe CF,Real Oviedo,away,0,0,0,draw,1
La Liga,PD,2025,544553,2026-05-10,35,FC Barcelona,Real Madrid CF,home,2,0,2,win,3
La Liga,PD,2025,544553,2026-05-10,35,Real Madrid CF,FC Barcelona,away,0,2,-2,loss,0
La Liga,PD,2025,544560,2026-05-11,35,Rayo Vallecano de Madrid,Girona FC,home,1,1,0,draw,1
La Liga,PD,2025,544560,2026-05-11,35,Girona FC,Rayo Vallecano de Madrid,away,1,1,0,draw,1
La Liga,PD,2025,544563,2026-05-12,36,RC Celta de Vigo,Levante UD,home,2,3,-1,loss,0
La Liga,PD,2025,544563,2026-05-12,36,Levante UD,RC Celta de Vigo,away,3,2,1,win,3
La Liga,PD,2025,544562,2026-05-12,36,Real Betis Balompié,Elche CF,home,2,1,1,win,3
La Liga,PD,2025,544562,2026-05-12,36,Elche CF,Real Betis Balompié,away,1,2,-1,loss,0
La Liga,PD,2025,544567,2026-05-12,36,CA Osasuna,Club Atlético de Madrid,home,1,2,-1,loss,0
La Liga,PD,2025,544567,2026-05-12,36,Club Atlético de Madrid,CA Osasuna,away,2,1,1,win,3
La Liga,PD,2025,544566,2026-05-13,36,RCD Espanyol de Barcelona,Athletic Club,home,2,0,2,win,3
La Liga,PD,2025,544566,2026-05-13,36,Athletic Club,RCD Espanyol de Barcelona,away,0,2,-2,loss,0
La Liga,PD,2025,544569,2026-05-13,36,Villarreal CF,Sevilla FC,home,2,3,-1,loss,0
La Liga,PD,2025,544569,2026-05-13,36,Sevilla FC,Villarreal CF,away,3,2,1,win,3
La Liga,PD,2025,544561,2026-05-13,36,Deportivo Alavés,FC Barcelona,home,1,0,1,win,3
La Liga,PD,2025,544561,2026-05-13,36,FC Barcelona,Deportivo Alavés,away,0,1,-1,loss,0
La Liga,PD,2025,544564,2026-05-13,36,Getafe CF,RCD Mallorca,home,3,1,2,win,3
La Liga,PD,2025,544564,2026-05-13,36,RCD Mallorca,Getafe CF,away,1,3,-2,loss,0
La Liga,PD,2025,544568,2026-05-14,36,Valencia CF,Rayo Vallecano de Madrid,home,1,1,0,draw,1
La Liga,PD,2025,544568,2026-05-14,36,Rayo Vallecano de Madrid,Valencia CF,away,1,1,0,draw,1
La Liga,PD,2025,544565,2026-05-14,36,Girona FC,Real Sociedad de Fútbol,home,1,1,0,draw,1
La Liga,PD,2025,544565,2026-05-14,36,Real Sociedad de Fútbol,Girona FC,away,1,1,0,draw,1
La Liga,PD,2025,544570,2026-05-14,36,Real Madrid CF,Real Oviedo,home,2,0,2,win,3
La Liga,PD,2025,544570,2026-05-14,36,Real Oviedo,Real Madrid CF,away,0,2,-2,loss,0
La Liga,PD,2025,544571,2026-05-17,37,Athletic Club,RC Celta de Vigo,home,1,1,0,draw,1
La Liga,PD,2025,544571,2026-05-17,37,RC Celta de Vigo,Athletic Club,away,1,1,0,draw,1
La Liga,PD,2025,544572,2026-05-17,37,Club Atlético de Madrid,Girona FC,home,1,0,1,win,3
La Liga,PD,2025,544572,2026-05-17,37,Girona FC,Club Atlético de Madrid,away,0,1,-1,loss,0
La Liga,PD,2025,544574,2026-05-17,37,Elche CF,Getafe CF,home,1,0,1,win,3
La Liga,PD,2025,544574,2026-05-17,37,Getafe CF,Elche CF,away,0,1,-1,loss,0
La Liga,PD,2025,544575,2026-05-17,37,Levante UD,RCD Mallorca,home,2,0,2,win,3
La Liga,PD,2025,544575,2026-05-17,37,RCD Mallorca,Levante UD,away,0,2,-2,loss,0
La Liga,PD,2025,544576,2026-05-17,37,Rayo Vallecano de Madrid,Villarreal CF,home,2,0,2,win,3
La Liga,PD,2025,544576,2026-05-17,37,Villarreal CF,Rayo Vallecano de Madrid,away,0,2,-2,loss,0
La Liga,PD,2025,544577,2026-05-17,37,Real Sociedad de Fútbol,Valencia CF,home,3,4,-1,loss,0
La Liga,PD,2025,544577,2026-05-17,37,Valencia CF,Real Sociedad de Fútbol,away,4,3,1,win,3
La Liga,PD,2025,544578,2026-05-17,37,Real Oviedo,Deportivo Alavés,home,0,1,-1,loss,0
La Liga,PD,2025,544578,2026-05-17,37,Deportivo Alavés,Real Oviedo,away,1,0,1,win,3
La Liga,PD,2025,544579,2026-05-17,37,CA Osasuna,RCD Espanyol de Barcelona,home,1,2,-1,loss,0
La Liga,PD,2025,544579,2026-05-17,37,RCD Espanyol de Barcelona,CA Osasuna,away,2,1,1,win,3
La Liga,PD,2025,544580,2026-05-17,37,Sevilla FC,Real Madrid CF,home,0,1,-1,loss,0
La Liga,PD,2025,544580,2026-05-17,37,Real Madrid CF,Sevilla FC,away,1,0,1,win,3
La Liga,PD,2025,544573,2026-05-17,37,FC Barcelona,Real Betis Balompié,home,3,1,2,win,3
La Liga,PD,2025,544573,2026-05-17,37,Real Betis Balompié,FC Barcelona,away,1,3,-2,loss,0
La Liga,PD,2025,544581,2026-05-23,38,Deportivo Alavés,Rayo Vallecano de Madrid,home,1,2,-1,loss,0
La Liga,PD,2025,544581,2026-05-23,38,Rayo Vallecano de Madrid,Deportivo Alavés,away,2,1,1,win,3
La Liga,PD,2025,544582,2026-05-23,38,Real Betis Balompié,Levante UD,home,2,1,1,win,3
La Liga,PD,2025,544582,2026-05-23,38,Levante UD,Real Betis Balompié,away,1,2,-1,loss,0
La Liga,PD,2025,544583,2026-05-23,38,RC Celta de Vigo,Sevilla FC,home,1,0,1,win,3
La Liga,PD,2025,544583,2026-05-23,38,Sevilla FC,RC Celta de Vigo,away,0,1,-1,loss,0
La Liga,PD,2025,544584,2026-05-23,38,RCD Espanyol de Barcelona,Real Sociedad de Fútbol,home,1,1,0,draw,1
La Liga,PD,2025,544584,2026-05-23,38,Real Sociedad de Fútbol,RCD Espanyol de Barcelona,away,1,1,0,draw,1
La Liga,PD,2025,544585,2026-05-23,38,Getafe CF,CA Osasuna,home,1,0,1,win,3
La Liga,PD,2025,544585,2026-05-23,38,CA Osasuna,Getafe CF,away,0,1,-1,loss,0
La Liga,PD,2025,544586,2026-05-23,38,RCD Mallorca,Real Oviedo,home,3,0,3,win,3
La Liga,PD,2025,544586,2026-05-23,38,Real Oviedo,RCD Mallorca,away,0,3,-3,loss,0
La Liga,PD,2025,544587,2026-05-23,38,Real Madrid CF,Athletic Club,home,4,2,2,win,3
La Liga,PD,2025,544587,2026-05-23,38,Athletic Club,Real Madrid CF,away,2,4,-2,loss,0
La Liga,PD,2025,544589,2026-05-23,38,Valencia CF,FC Barcelona,home,3,1,2,win,3
La Liga,PD,2025,544589,2026-05-23,38,FC Barcelona,Valencia CF,away,1,3,-2,loss,0
La Liga,PD,2025,544590,2026-05-23,38,Girona FC,Elche CF,home,1,1,0,draw,1
La Liga,PD,2025,544590,2026-05-23,38,Elche CF,Girona FC,away,1,1,0,draw,1
La Liga,PD,2025,544588,2026-05-24,38,Villarreal CF,Club Atlético de Madrid,home,5,1,4,win,3
La Liga,PD,2025,544588,2026-05-24,38,Club Atlético de Madrid,Villarreal CF,away,1,5,-4,loss,0
Bundesliga,BL1,2025,540406,2025-08-22,1,FC Bayern München,RB Leipzig,home,6,0,6,win,3
Bundesliga,BL1,2025,540406,2025-08-22,1,RB Leipzig,FC Bayern München,away,0,6,-6,loss,0
Bundesliga,BL1,2025,540407,2025-08-23,1,Eintracht Frankfurt,SV Werder Bremen,home,4,1,3,win,3
Bundesliga,BL1,2025,540407,2025-08-23,1,SV Werder Bremen,Eintracht Frankfurt,away,1,4,-3,loss,0
Bundesliga,BL1,2025,540408,2025-08-23,1,Bayer 04 Leverkusen,TSG 1899 Hoffenheim,home,1,2,-1,loss,0
Bundesliga,BL1,2025,540408,2025-08-23,1,TSG 1899 Hoffenheim,Bayer 04 Leverkusen,away,2,1,1,win,3
Bundesliga,BL1,2025,540409,2025-08-23,1,SC Freiburg,FC Augsburg,home,1,3,-2,loss,0
Bundesliga,BL1,2025,540409,2025-08-23,1,FC Augsburg,SC Freiburg,away,3,1,2,win,3
Bundesliga,BL1,2025,540412,2025-08-23,1,1. FC Union Berlin,VfB Stuttgart,home,2,1,1,win,3
Bundesliga,BL1,2025,540412,2025-08-23,1,VfB Stuttgart,1. FC Union Berlin,away,1,2,-1,loss,0
Bundesliga,BL1,2025,540414,2025-08-23,1,1. FC Heidenheim 1846,VfL Wolfsburg,home,1,3,-2,loss,0
Bundesliga,BL1,2025,540414,2025-08-23,1,VfL Wolfsburg,1. FC Heidenheim 1846,away,3,1,2,win,3
Bundesliga,BL1,2025,540413,2025-08-23,1,FC St. Pauli 1910,Borussia Dortmund,home,3,3,0,draw,1
Bundesliga,BL1,2025,540413,2025-08-23,1,Borussia Dortmund,FC St. Pauli 1910,away,3,3,0,draw,1
Bundesliga,BL1,2025,540410,2025-08-24,1,1. FSV Mainz 05,1. FC Köln,home,0,1,-1,loss,0
Bundesliga,BL1,2025,540410,2025-08-24,1,1. FC Köln,1. FSV Mainz 05,away,1,0,1,win,3
Bundesliga,BL1,2025,540411,2025-08-24,1,Borussia Mönchengladbach,Hamburger SV,home,0,0,0,draw,1
Bundesliga,BL1,2025,540411,2025-08-24,1,Hamburger SV,Borussia Mönchengladbach,away,0,0,0,draw,1
Bundesliga,BL1,2025,540423,2025-08-29,2,Hamburger SV,FC St. Pauli 1910,home,0,2,-2,loss,0
Bundesliga,BL1,2025,540423,2025-08-29,2,FC St. Pauli 1910,Hamburger SV,away,2,0,2,win,3
Bundesliga,BL1,2025,540416,2025-08-30,2,RB Leipzig,1. FC Heidenheim 1846,home,2,0,2,win,3
Bundesliga,BL1,2025,540416,2025-08-30,2,1. FC Heidenheim 1846,RB Leipzig,away,0,2,-2,loss,0
Bundesliga,BL1,2025,540417,2025-08-30,2,SV Werder Bremen,Bayer 04 Leverkusen,home,3,3,0,draw,1
Bundesliga,BL1,2025,540417,2025-08-30,2,Bayer 04 Leverkusen,SV Werder Bremen,away,3,3,0,draw,1
Bundesliga,BL1,2025,540418,2025-08-30,2,VfB Stuttgart,Borussia Mönchengladbach,home,1,0,1,win,3
Bundesliga,BL1,2025,540418,2025-08-30,2,Borussia Mönchengladbach,VfB Stuttgart,away,0,1,-1,loss,0
Bundesliga,BL1,2025,540421,2025-08-30,2,TSG 1899 Hoffenheim,Eintracht Frankfurt,home,1,3,-2,loss,0
Bundesliga,BL1,2025,540421,2025-08-30,2,Eintracht Frankfurt,TSG 1899 Hoffenheim,away,3,1,2,win,3
Bundesliga,BL1,2025,540420,2025-08-30,2,FC Augsburg,FC Bayern München,home,2,3,-1,loss,0
Bundesliga,BL1,2025,540420,2025-08-30,2,FC Bayern München,FC Augsburg,away,3,2,1,win,3
Bundesliga,BL1,2025,540419,2025-08-31,2,VfL Wolfsburg,1. FSV Mainz 05,home,1,1,0,draw,1
Bundesliga,BL1,2025,540419,2025-08-31,2,1. FSV Mainz 05,VfL Wolfsburg,away,1,1,0,draw,1
Bundesliga,BL1,2025,540415,2025-08-31,2,Borussia Dortmund,1. FC Union Berlin,home,3,0,3,win,3
Bundesliga,BL1,2025,540415,2025-08-31,2,1. FC Union Berlin,Borussia Dortmund,away,0,3,-3,loss,0
Bundesliga,BL1,2025,540422,2025-08-31,2,1. FC Köln,SC Freiburg,home,4,1,3,win,3
Bundesliga,BL1,2025,540422,2025-08-31,2,SC Freiburg,1. FC Köln,away,1,4,-3,loss,0
Bundesliga,BL1,2025,540425,2025-09-12,3,Bayer 04 Leverkusen,Eintracht Frankfurt,home,3,1,2,win,3
Bundesliga,BL1,2025,540425,2025-09-12,3,Eintracht Frankfurt,Bayer 04 Leverkusen,away,1,3,-2,loss,0
Bundesliga,BL1,2025,540426,2025-09-13,3,SC Freiburg,VfB Stuttgart,home,3,1,2,win,3
Bundesliga,BL1,2025,540426,2025-09-13,3,VfB Stuttgart,SC Freiburg,away,1,3,-2,loss,0
Bundesliga,BL1,2025,540427,2025-09-13,3,1. FSV Mainz 05,RB Leipzig,home,0,1,-1,loss,0
Bundesliga,BL1,2025,540427,2025-09-13,3,RB Leipzig,1. FSV Mainz 05,away,1,0,1,win,3
Bundesliga,BL1,2025,540429,2025-09-13,3,VfL Wolfsburg,1. FC Köln,home,3,3,0,draw,1
Bundesliga,BL1,2025,540429,2025-09-13,3,1. FC Köln,VfL Wolfsburg,away,3,3,0,draw,1
Bundesliga,BL1,2025,540430,2025-09-13,3,1. FC Union Berlin,TSG 1899 Hoffenheim,home,2,4,-2,loss,0
Bundesliga,BL1,2025,540430,2025-09-13,3,TSG 1899 Hoffenheim,1. FC Union Berlin,away,4,2,2,win,3
Bundesliga,BL1,2025,540432,2025-09-13,3,1. FC Heidenheim 1846,Borussia Dortmund,home,0,2,-2,loss,0
Bundesliga,BL1,2025,540432,2025-09-13,3,Borussia Dortmund,1. FC Heidenheim 1846,away,2,0,2,win,3
Bundesliga,BL1,2025,540424,2025-09-13,3,FC Bayern München,Hamburger SV,home,5,0,5,win,3
Bundesliga,BL1,2025,540424,2025-09-13,3,Hamburger SV,FC Bayern München,away,0,5,-5,loss,0
Bundesliga,BL1,2025,540431,2025-09-14,3,FC St. Pauli 1910,FC Augsburg,home,2,1,1,win,3
Bundesliga,BL1,2025,540431,2025-09-14,3,FC Augsburg,FC St. Pauli 1910,away,1,2,-1,loss,0
Bundesliga,BL1,2025,540428,2025-09-14,3,Borussia Mönchengladbach,SV Werder Bremen,home,0,4,-4,loss,0
Bundesliga,BL1,2025,540428,2025-09-14,3,SV Werder Bremen,Borussia Mönchengladbach,away,4,0,4,win,3
Bundesliga,BL1,2025,540438,2025-09-19,4,VfB Stuttgart,FC St. Pauli 1910,home,2,0,2,win,3
Bundesliga,BL1,2025,540438,2025-09-19,4,FC St. Pauli 1910,VfB Stuttgart,away,0,2,-2,loss,0
Bundesliga,BL1,2025,540437,2025-09-20,4,SV Werder Bremen,SC Freiburg,home,0,3,-3,loss,0
Bundesliga,BL1,2025,540437,2025-09-20,4,SC Freiburg,SV Werder Bremen,away,3,0,3,win,3
Bundesliga,BL1,2025,540439,2025-09-20,4,FC Augsburg,1. FSV Mainz 05,home,1,4,-3,loss,0
Bundesliga,BL1,2025,540439,2025-09-20,4,1. FSV Mainz 05,FC Augsburg,away,4,1,3,win,3
Bundesliga,BL1,2025,540440,2025-09-20,4,TSG 1899 Hoffenheim,FC Bayern München,home,1,4,-3,loss,0
Bundesliga,BL1,2025,540440,2025-09-20,4,FC Bayern München,TSG 1899 Hoffenheim,away,4,1,3,win,3
Bundesliga,BL1,2025,540441,2025-09-20,4,Hamburger SV,1. FC Heidenheim 1846,home,2,1,1,win,3
Bundesliga,BL1,2025,540441,2025-09-20,4,1. FC Heidenheim 1846,Hamburger SV,away,1,2,-1,loss,0
Bundesliga,BL1,2025,540436,2025-09-20,4,RB Leipzig,1. FC Köln,home,3,1,2,win,3
Bundesliga,BL1,2025,540436,2025-09-20,4,1. FC Köln,RB Leipzig,away,1,3,-2,loss,0
Bundesliga,BL1,2025,540434,2025-09-21,4,Eintracht Frankfurt,1. FC Union Berlin,home,3,4,-1,loss,0
Bundesliga,BL1,2025,540434,2025-09-21,4,1. FC Union Berlin,Eintracht Frankfurt,away,4,3,1,win,3
Bundesliga,BL1,2025,540433,2025-09-21,4,Bayer 04 Leverkusen,Borussia Mönchengladbach,home,1,1,0,draw,1
Bundesliga,BL1,2025,540433,2025-09-21,4,Borussia Mönchengladbach,Bayer 04 Leverkusen,away,1,1,0,draw,1
Bundesliga,BL1,2025,540435,2025-09-21,4,Borussia Dortmund,VfL Wolfsburg,home,1,0,1,win,3
Bundesliga,BL1,2025,540435,2025-09-21,4,VfL Wolfsburg,Borussia Dortmund,away,0,1,-1,loss,0
Bundesliga,BL1,2025,540442,2025-09-26,5,FC Bayern München,SV Werder Bremen,home,4,0,4,win,3
Bundesliga,BL1,2025,540442,2025-09-26,5,SV Werder Bremen,FC Bayern München,away,0,4,-4,loss,0
Bundesliga,BL1,2025,540444,2025-09-27,5,1. FSV Mainz 05,Borussia Dortmund,home,0,2,-2,loss,0
Bundesliga,BL1,2025,540444,2025-09-27,5,Borussia Dortmund,1. FSV Mainz 05,away,2,0,2,win,3
Bundesliga,BL1,2025,540446,2025-09-27,5,VfL Wolfsburg,RB Leipzig,home,0,1,-1,loss,0
Bundesliga,BL1,2025,540446,2025-09-27,5,RB Leipzig,VfL Wolfsburg,away,1,0,1,win,3
Bundesliga,BL1,2025,540448,2025-09-27,5,FC St. Pauli 1910,Bayer 04 Leverkusen,home,1,2,-1,loss,0
Bundesliga,BL1,2025,540448,2025-09-27,5,Bayer 04 Leverkusen,FC St. Pauli 1910,away,2,1,1,win,3
Bundesliga,BL1,2025,540449,2025-09-27,5,1. FC Heidenheim 1846,FC Augsburg,home,2,1,1,win,3
Bundesliga,BL1,2025,540449,2025-09-27,5,FC Augsburg,1. FC Heidenheim 1846,away,1,2,-1,loss,0
Bundesliga,BL1,2025,540445,2025-09-27,5,Borussia Mönchengladbach,Eintracht Frankfurt,home,4,6,-2,loss,0
Bundesliga,BL1,2025,540445,2025-09-27,5,Eintracht Frankfurt,Borussia Mönchengladbach,away,6,4,2,win,3
Bundesliga,BL1,2025,540443,2025-09-28,5,SC Freiburg,TSG 1899 Hoffenheim,home,1,1,0,draw,1
Bundesliga,BL1,2025,540443,2025-09-28,5,TSG 1899 Hoffenheim,SC Freiburg,away,1,1,0,draw,1
Bundesliga,BL1,2025,540450,2025-09-28,5,1. FC Köln,VfB Stuttgart,home,1,2,-1,loss,0
Bundesliga,BL1,2025,540450,2025-09-28,5,VfB Stuttgart,1. FC Köln,away,2,1,1,win,3
Bundesliga,BL1,2025,540447,2025-09-28,5,1. FC Union Berlin,Hamburger SV,home,0,0,0,draw,1
Bundesliga,BL1,2025,540447,2025-09-28,5,Hamburger SV,1. FC Union Berlin,away,0,0,0,draw,1
Bundesliga,BL1,2025,540458,2025-10-03,6,TSG 1899 Hoffenheim,1. FC Köln,home,0,1,-1,loss,0
Bundesliga,BL1,2025,540458,2025-10-03,6,1. FC Köln,TSG 1899 Hoffenheim,away,1,0,1,win,3
Bundesliga,BL1,2025,540451,2025-10-04,6,Bayer 04 Leverkusen,1. FC Union Berlin,home,2,0,2,win,3
Bundesliga,BL1,2025,540451,2025-10-04,6,1. FC Union Berlin,Bayer 04 Leverkusen,away,0,2,-2,loss,0
Bundesliga,BL1,2025,540453,2025-10-04,6,Borussia Dortmund,RB Leipzig,home,1,1,0,draw,1
Bundesliga,BL1,2025,540453,2025-10-04,6,RB Leipzig,Borussia Dortmund,away,1,1,0,draw,1
Bundesliga,BL1,2025,540454,2025-10-04,6,SV Werder Bremen,FC St. Pauli 1910,home,1,0,1,win,3
Bundesliga,BL1,2025,540454,2025-10-04,6,FC St. Pauli 1910,SV Werder Bremen,away,0,1,-1,loss,0
Bundesliga,BL1,2025,540457,2025-10-04,6,FC Augsburg,VfL Wolfsburg,home,3,1,2,win,3
Bundesliga,BL1,2025,540457,2025-10-04,6,VfL Wolfsburg,FC Augsburg,away,1,3,-2,loss,0
Bundesliga,BL1,2025,540452,2025-10-04,6,Eintracht Frankfurt,FC Bayern München,home,0,3,-3,loss,0
Bundesliga,BL1,2025,540452,2025-10-04,6,FC Bayern München,Eintracht Frankfurt,away,3,0,3,win,3
Bundesliga,BL1,2025,540455,2025-10-05,6,VfB Stuttgart,1. FC Heidenheim 1846,home,1,0,1,win,3
Bundesliga,BL1,2025,540455,2025-10-05,6,1. FC Heidenheim 1846,VfB Stuttgart,away,0,1,-1,loss,0
Bundesliga,BL1,2025,540459,2025-10-05,6,Hamburger SV,1. FSV Mainz 05,home,4,0,4,win,3
Bundesliga,BL1,2025,540459,2025-10-05,6,1. FSV Mainz 05,Hamburger SV,away,0,4,-4,loss,0
Bundesliga,BL1,2025,540456,2025-10-05,6,Borussia Mönchengladbach,SC Freiburg,home,0,0,0,draw,1
Bundesliga,BL1,2025,540456,2025-10-05,6,SC Freiburg,Borussia Mönchengladbach,away,0,0,0,draw,1
Bundesliga,BL1,2025,540465,2025-10-17,7,1. FC Union Berlin,Borussia Mönchengladbach,home,3,1,2,win,3
Bundesliga,BL1,2025,540465,2025-10-17,7,Borussia Mönchengladbach,1. FC Union Berlin,away,1,3,-2,loss,0
Bundesliga,BL1,2025,540462,2025-10-18,7,1. FSV Mainz 05,Bayer 04 Leverkusen,home,3,4,-1,loss,0
Bundesliga,BL1,2025,540462,2025-10-18,7,Bayer 04 Leverkusen,1. FSV Mainz 05,away,4,3,1,win,3
Bundesliga,BL1,2025,540463,2025-10-18,7,RB Leipzig,Hamburger SV,home,2,1,1,win,3
Bundesliga,BL1,2025,540463,2025-10-18,7,Hamburger SV,RB Leipzig,away,1,2,-1,loss,0
Bundesliga,BL1,2025,540464,2025-10-18,7,VfL Wolfsburg,VfB Stuttgart,home,0,3,-3,loss,0
Bundesliga,BL1,2025,540464,2025-10-18,7,VfB Stuttgart,VfL Wolfsburg,away,3,0,3,win,3
Bundesliga,BL1,2025,540467,2025-10-18,7,1. FC Heidenheim 1846,SV Werder Bremen,home,2,2,0,draw,1
Bundesliga,BL1,2025,540467,2025-10-18,7,SV Werder Bremen,1. FC Heidenheim 1846,away,2,2,0,draw,1
Bundesliga,BL1,2025,540468,2025-10-18,7,1. FC Köln,FC Augsburg,home,1,1,0,draw,1
Bundesliga,BL1,2025,540468,2025-10-18,7,FC Augsburg,1. FC Köln,away,1,1,0,draw,1
Bundesliga,BL1,2025,540460,2025-10-18,7,FC Bayern München,Borussia Dortmund,home,2,1,1,win,3
Bundesliga,BL1,2025,540460,2025-10-18,7,Borussia Dortmund,FC Bayern München,away,1,2,-1,loss,0
Bundesliga,BL1,2025,540461,2025-10-19,7,SC Freiburg,Eintracht Frankfurt,home,2,2,0,draw,1
Bundesliga,BL1,2025,540461,2025-10-19,7,Eintracht Frankfurt,SC Freiburg,away,2,2,0,draw,1
Bundesliga,BL1,2025,540466,2025-10-19,7,FC St. Pauli 1910,TSG 1899 Hoffenheim,home,0,3,-3,loss,0
Bundesliga,BL1,2025,540466,2025-10-19,7,TSG 1899 Hoffenheim,FC St. Pauli 1910,away,3,0,3,win,3
Bundesliga,BL1,2025,540472,2025-10-24,8,SV Werder Bremen,1. FC Union Berlin,home,1,0,1,win,3
Bundesliga,BL1,2025,540472,2025-10-24,8,1. FC Union Berlin,SV Werder Bremen,away,0,1,-1,loss,0
Bundesliga,BL1,2025,540470,2025-10-25,8,Eintracht Frankfurt,FC St. Pauli 1910,home,2,0,2,win,3
Bundesliga,BL1,2025,540470,2025-10-25,8,FC St. Pauli 1910,Eintracht Frankfurt,away,0,2,-2,loss,0
Bundesliga,BL1,2025,540475,2025-10-25,8,FC Augsburg,RB Leipzig,home,0,6,-6,loss,0
Bundesliga,BL1,2025,540475,2025-10-25,8,RB Leipzig,FC Augsburg,away,6,0,6,win,3
Bundesliga,BL1,2025,540476,2025-10-25,8,TSG 1899 Hoffenheim,1. FC Heidenheim 1846,home,3,1,2,win,3
Bundesliga,BL1,2025,540476,2025-10-25,8,1. FC Heidenheim 1846,TSG 1899 Hoffenheim,away,1,3,-2,loss,0
Bundesliga,BL1,2025,540477,2025-10-25,8,Hamburger SV,VfL Wolfsburg,home,0,1,-1,loss,0
Bundesliga,BL1,2025,540477,2025-10-25,8,VfL Wolfsburg,Hamburger SV,away,1,0,1,win,3
Bundesliga,BL1,2025,540474,2025-10-25,8,Borussia Mönchengladbach,FC Bayern München,home,0,3,-3,loss,0
Bundesliga,BL1,2025,540474,2025-10-25,8,FC Bayern München,Borussia Mönchengladbach,away,3,0,3,win,3
Bundesliga,BL1,2025,540471,2025-10-25,8,Borussia Dortmund,1. FC Köln,home,1,0,1,win,3
Bundesliga,BL1,2025,540471,2025-10-25,8,1. FC Köln,Borussia Dortmund,away,0,1,-1,loss,0
Bundesliga,BL1,2025,540469,2025-10-26,8,Bayer 04 Leverkusen,SC Freiburg,home,2,0,2,win,3
Bundesliga,BL1,2025,540469,2025-10-26,8,SC Freiburg,Bayer 04 Leverkusen,away,0,2,-2,loss,0
Bundesliga,BL1,2025,540473,2025-10-26,8,VfB Stuttgart,1. FSV Mainz 05,home,2,1,1,win,3
Bundesliga,BL1,2025,540473,2025-10-26,8,1. FSV Mainz 05,VfB Stuttgart,away,1,2,-1,loss,0
Bundesliga,BL1,2025,540482,2025-10-31,9,FC Augsburg,Borussia Dortmund,home,0,1,-1,loss,0
Bundesliga,BL1,2025,540482,2025-10-31,9,Borussia Dortmund,FC Augsburg,away,1,0,1,win,3
Bundesliga,BL1,2025,540479,2025-11-01,9,1. FSV Mainz 05,SV Werder Bremen,home,1,1,0,draw,1
Bundesliga,BL1,2025,540479,2025-11-01,9,SV Werder Bremen,1. FSV Mainz 05,away,1,1,0,draw,1
Bundesliga,BL1,2025,540480,2025-11-01,9,RB Leipzig,VfB Stuttgart,home,3,1,2,win,3
Bundesliga,BL1,2025,540480,2025-11-01,9,VfB Stuttgart,RB Leipzig,away,1,3,-2,loss,0
Bundesliga,BL1,2025,540483,2025-11-01,9,1. FC Union Berlin,SC Freiburg,home,0,0,0,draw,1
Bundesliga,BL1,2025,540483,2025-11-01,9,SC Freiburg,1. FC Union Berlin,away,0,0,0,draw,1
Bundesliga,BL1,2025,540484,2025-11-01,9,FC St. Pauli 1910,Borussia Mönchengladbach,home,0,4,-4,loss,0
Bundesliga,BL1,2025,540484,2025-11-01,9,Borussia Mönchengladbach,FC St. Pauli 1910,away,4,0,4,win,3
Bundesliga,BL1,2025,540485,2025-11-01,9,1. FC Heidenheim 1846,Eintracht Frankfurt,home,1,1,0,draw,1
Bundesliga,BL1,2025,540485,2025-11-01,9,Eintracht Frankfurt,1. FC Heidenheim 1846,away,1,1,0,draw,1
Bundesliga,BL1,2025,540478,2025-11-01,9,FC Bayern München,Bayer 04 Leverkusen,home,3,0,3,win,3
Bundesliga,BL1,2025,540478,2025-11-01,9,Bayer 04 Leverkusen,FC Bayern München,away,0,3,-3,loss,0
Bundesliga,BL1,2025,540486,2025-11-02,9,1. FC Köln,Hamburger SV,home,4,1,3,win,3
Bundesliga,BL1,2025,540486,2025-11-02,9,Hamburger SV,1. FC Köln,away,1,4,-3,loss,0
Bundesliga,BL1,2025,540481,2025-11-02,9,VfL Wolfsburg,TSG 1899 Hoffenheim,home,2,3,-1,loss,0
Bundesliga,BL1,2025,540481,2025-11-02,9,TSG 1899 Hoffenheim,VfL Wolfsburg,away,3,2,1,win,3
Bundesliga,BL1,2025,540490,2025-11-07,10,SV Werder Bremen,VfL Wolfsburg,home,2,1,1,win,3
Bundesliga,BL1,2025,540490,2025-11-07,10,VfL Wolfsburg,SV Werder Bremen,away,1,2,-1,loss,0
Bundesliga,BL1,2025,540487,2025-11-08,10,Bayer 04 Leverkusen,1. FC Heidenheim 1846,home,6,0,6,win,3
Bundesliga,BL1,2025,540487,2025-11-08,10,1. FC Heidenheim 1846,Bayer 04 Leverkusen,away,0,6,-6,loss,0
Bundesliga,BL1,2025,540493,2025-11-08,10,1. FC Union Berlin,FC Bayern München,home,2,2,0,draw,1
Bundesliga,BL1,2025,540493,2025-11-08,10,FC Bayern München,1. FC Union Berlin,away,2,2,0,draw,1
Bundesliga,BL1,2025,540494,2025-11-08,10,TSG 1899 Hoffenheim,RB Leipzig,home,3,1,2,win,3
Bundesliga,BL1,2025,540494,2025-11-08,10,RB Leipzig,TSG 1899 Hoffenheim,away,1,3,-2,loss,0
Bundesliga,BL1,2025,540495,2025-11-08,10,Hamburger SV,Borussia Dortmund,home,1,1,0,draw,1
Bundesliga,BL1,2025,540495,2025-11-08,10,Borussia Dortmund,Hamburger SV,away,1,1,0,draw,1
Bundesliga,BL1,2025,540492,2025-11-08,10,Borussia Mönchengladbach,1. FC Köln,home,3,1,2,win,3
Bundesliga,BL1,2025,540492,2025-11-08,10,1. FC Köln,Borussia Mönchengladbach,away,1,3,-2,loss,0
Bundesliga,BL1,2025,540489,2025-11-09,10,SC Freiburg,FC St. Pauli 1910,home,2,1,1,win,3
Bundesliga,BL1,2025,540489,2025-11-09,10,FC St. Pauli 1910,SC Freiburg,away,1,2,-1,loss,0
Bundesliga,BL1,2025,540491,2025-11-09,10,VfB Stuttgart,FC Augsburg,home,3,2,1,win,3
Bundesliga,BL1,2025,540491,2025-11-09,10,FC Augsburg,VfB Stuttgart,away,2,3,-1,loss,0
Bundesliga,BL1,2025,540488,2025-11-09,10,Eintracht Frankfurt,1. FSV Mainz 05,home,1,0,1,win,3
Bundesliga,BL1,2025,540488,2025-11-09,10,1. FSV Mainz 05,Eintracht Frankfurt,away,0,1,-1,loss,0
Bundesliga,BL1,2025,540498,2025-11-21,11,1. FSV Mainz 05,TSG 1899 Hoffenheim,home,1,1,0,draw,1
Bundesliga,BL1,2025,540498,2025-11-21,11,TSG 1899 Hoffenheim,1. FSV Mainz 05,away,1,1,0,draw,1
Bundesliga,BL1,2025,540496,2025-11-22,11,FC Bayern München,SC Freiburg,home,6,2,4,win,3
Bundesliga,BL1,2025,540496,2025-11-22,11,SC Freiburg,FC Bayern München,away,2,6,-4,loss,0
Bundesliga,BL1,2025,540497,2025-11-22,11,Borussia Dortmund,VfB Stuttgart,home,3,3,0,draw,1
Bundesliga,BL1,2025,540497,2025-11-22,11,VfB Stuttgart,Borussia Dortmund,away,3,3,0,draw,1
Bundesliga,BL1,2025,540500,2025-11-22,11,VfL Wolfsburg,Bayer 04 Leverkusen,home,1,3,-2,loss,0
Bundesliga,BL1,2025,540500,2025-11-22,11,Bayer 04 Leverkusen,VfL Wolfsburg,away,3,1,2,win,3
Bundesliga,BL1,2025,540501,2025-11-22,11,FC Augsburg,Hamburger SV,home,1,0,1,win,3
Bundesliga,BL1,2025,540501,2025-11-22,11,Hamburger SV,FC Augsburg,away,0,1,-1,loss,0
Bundesliga,BL1,2025,540503,2025-11-22,11,1. FC Heidenheim 1846,Borussia Mönchengladbach,home,0,3,-3,loss,0
Bundesliga,BL1,2025,540503,2025-11-22,11,Borussia Mönchengladbach,1. FC Heidenheim 1846,away,3,0,3,win,3
Bundesliga,BL1,2025,540504,2025-11-22,11,1. FC Köln,Eintracht Frankfurt,home,3,4,-1,loss,0
Bundesliga,BL1,2025,540504,2025-11-22,11,Eintracht Frankfurt,1. FC Köln,away,4,3,1,win,3
Bundesliga,BL1,2025,540499,2025-11-23,11,RB Leipzig,SV Werder Bremen,home,2,0,2,win,3
Bundesliga,BL1,2025,540499,2025-11-23,11,SV Werder Bremen,RB Leipzig,away,0,2,-2,loss,0
Bundesliga,BL1,2025,540502,2025-11-23,11,FC St. Pauli 1910,1. FC Union Berlin,home,0,1,-1,loss,0
Bundesliga,BL1,2025,540502,2025-11-23,11,1. FC Union Berlin,FC St. Pauli 1910,away,1,0,1,win,3
Bundesliga,BL1,2025,540510,2025-11-28,12,Borussia Mönchengladbach,RB Leipzig,home,0,0,0,draw,1
Bundesliga,BL1,2025,540510,2025-11-28,12,RB Leipzig,Borussia Mönchengladbach,away,0,0,0,draw,1
Bundesliga,BL1,2025,540505,2025-11-29,12,FC Bayern München,FC St. Pauli 1910,home,3,1,2,win,3
Bundesliga,BL1,2025,540505,2025-11-29,12,FC St. Pauli 1910,FC Bayern München,away,1,3,-2,loss,0
Bundesliga,BL1,2025,540509,2025-11-29,12,SV Werder Bremen,1. FC Köln,home,1,1,0,draw,1
Bundesliga,BL1,2025,540509,2025-11-29,12,1. FC Köln,SV Werder Bremen,away,1,1,0,draw,1
Bundesliga,BL1,2025,540511,2025-11-29,12,1. FC Union Berlin,1. FC Heidenheim 1846,home,1,2,-1,loss,0
Bundesliga,BL1,2025,540511,2025-11-29,12,1. FC Heidenheim 1846,1. FC Union Berlin,away,2,1,1,win,3
Bundesliga,BL1,2025,540512,2025-11-29,12,TSG 1899 Hoffenheim,FC Augsburg,home,3,0,3,win,3
Bundesliga,BL1,2025,540512,2025-11-29,12,FC Augsburg,TSG 1899 Hoffenheim,away,0,3,-3,loss,0
Bundesliga,BL1,2025,540506,2025-11-29,12,Bayer 04 Leverkusen,Borussia Dortmund,home,1,2,-1,loss,0
Bundesliga,BL1,2025,540506,2025-11-29,12,Borussia Dortmund,Bayer 04 Leverkusen,away,2,1,1,win,3
Bundesliga,BL1,2025,540513,2025-11-30,12,Hamburger SV,VfB Stuttgart,home,2,1,1,win,3
Bundesliga,BL1,2025,540513,2025-11-30,12,VfB Stuttgart,Hamburger SV,away,1,2,-1,loss,0
Bundesliga,BL1,2025,540507,2025-11-30,12,Eintracht Frankfurt,VfL Wolfsburg,home,1,1,0,draw,1
Bundesliga,BL1,2025,540507,2025-11-30,12,VfL Wolfsburg,Eintracht Frankfurt,away,1,1,0,draw,1
Bundesliga,BL1,2025,540508,2025-11-30,12,SC Freiburg,1. FSV Mainz 05,home,4,0,4,win,3
Bundesliga,BL1,2025,540508,2025-11-30,12,1. FSV Mainz 05,SC Freiburg,away,0,4,-4,loss,0
Bundesliga,BL1,2025,540515,2025-12-05,13,1. FSV Mainz 05,Borussia Mönchengladbach,home,0,1,-1,loss,0
Bundesliga,BL1,2025,540515,2025-12-05,13,Borussia Mönchengladbach,1. FSV Mainz 05,away,1,0,1,win,3
Bundesliga,BL1,2025,540517,2025-12-06,13,VfB Stuttgart,FC Bayern München,home,0,5,-5,loss,0
Bundesliga,BL1,2025,540517,2025-12-06,13,FC Bayern München,VfB Stuttgart,away,5,0,5,win,3
Bundesliga,BL1,2025,540518,2025-12-06,13,VfL Wolfsburg,1. FC Union Berlin,home,3,1,2,win,3
Bundesliga,BL1,2025,540518,2025-12-06,13,1. FC Union Berlin,VfL Wolfsburg,away,1,3,-2,loss,0
Bundesliga,BL1,2025,540519,2025-12-06,13,1. FC Heidenheim 1846,SC Freiburg,home,2,1,1,win,3
Bundesliga,BL1,2025,540519,2025-12-06,13,SC Freiburg,1. FC Heidenheim 1846,away,1,2,-1,loss,0
Bundesliga,BL1,2025,540520,2025-12-06,13,1. FC Köln,FC St. Pauli 1910,home,1,1,0,draw,1
Bundesliga,BL1,2025,540520,2025-12-06,13,FC St. Pauli 1910,1. FC Köln,away,1,1,0,draw,1
Bundesliga,BL1,2025,540522,2025-12-06,13,FC Augsburg,Bayer 04 Leverkusen,home,2,0,2,win,3
Bundesliga,BL1,2025,540522,2025-12-06,13,Bayer 04 Leverkusen,FC Augsburg,away,0,2,-2,loss,0
Bundesliga,BL1,2025,540516,2025-12-06,13,RB Leipzig,Eintracht Frankfurt,home,6,0,6,win,3
Bundesliga,BL1,2025,540516,2025-12-06,13,Eintracht Frankfurt,RB Leipzig,away,0,6,-6,loss,0
Bundesliga,BL1,2025,540521,2025-12-07,13,Hamburger SV,SV Werder Bremen,home,3,2,1,win,3
Bundesliga,BL1,2025,540521,2025-12-07,13,SV Werder Bremen,Hamburger SV,away,2,3,-1,loss,0
Bundesliga,BL1,2025,540514,2025-12-07,13,Borussia Dortmund,TSG 1899 Hoffenheim,home,2,0,2,win,3
Bundesliga,BL1,2025,540514,2025-12-07,13,TSG 1899 Hoffenheim,Borussia Dortmund,away,0,2,-2,loss,0
Bundesliga,BL1,2025,540529,2025-12-12,14,1. FC Union Berlin,RB Leipzig,home,3,1,2,win,3
Bundesliga,BL1,2025,540529,2025-12-12,14,RB Leipzig,1. FC Union Berlin,away,1,3,-2,loss,0
Bundesliga,BL1,2025,540525,2025-12-13,14,Eintracht Frankfurt,FC Augsburg,home,1,0,1,win,3
Bundesliga,BL1,2025,540525,2025-12-13,14,FC Augsburg,Eintracht Frankfurt,away,0,1,-1,loss,0
Bundesliga,BL1,2025,540528,2025-12-13,14,Borussia Mönchengladbach,VfL Wolfsburg,home,1,3,-2,loss,0
Bundesliga,BL1,2025,540528,2025-12-13,14,VfL Wolfsburg,Borussia Mönchengladbach,away,3,1,2,win,3
Bundesliga,BL1,2025,540530,2025-12-13,14,FC St. Pauli 1910,1. FC Heidenheim 1846,home,2,1,1,win,3
Bundesliga,BL1,2025,540530,2025-12-13,14,1. FC Heidenheim 1846,FC St. Pauli 1910,away,1,2,-1,loss,0
Bundesliga,BL1,2025,540531,2025-12-13,14,TSG 1899 Hoffenheim,Hamburger SV,home,4,1,3,win,3
Bundesliga,BL1,2025,540531,2025-12-13,14,Hamburger SV,TSG 1899 Hoffenheim,away,1,4,-3,loss,0
Bundesliga,BL1,2025,540524,2025-12-13,14,Bayer 04 Leverkusen,1. FC Köln,home,2,0,2,win,3
Bundesliga,BL1,2025,540524,2025-12-13,14,1. FC Köln,Bayer 04 Leverkusen,away,0,2,-2,loss,0
Bundesliga,BL1,2025,540526,2025-12-14,14,SC Freiburg,Borussia Dortmund,home,1,1,0,draw,1
Bundesliga,BL1,2025,540526,2025-12-14,14,Borussia Dortmund,SC Freiburg,away,1,1,0,draw,1
Bundesliga,BL1,2025,540523,2025-12-14,14,FC Bayern München,1. FSV Mainz 05,home,2,2,0,draw,1
Bundesliga,BL1,2025,540523,2025-12-14,14,1. FSV Mainz 05,FC Bayern München,away,2,2,0,draw,1
Bundesliga,BL1,2025,540527,2025-12-14,14,SV Werder Bremen,VfB Stuttgart,home,0,4,-4,loss,0
Bundesliga,BL1,2025,540527,2025-12-14,14,VfB Stuttgart,SV Werder Bremen,away,4,0,4,win,3
Bundesliga,BL1,2025,540532,2025-12-19,15,Borussia Dortmund,Borussia Mönchengladbach,home,2,0,2,win,3
Bundesliga,BL1,2025,540532,2025-12-19,15,Borussia Mönchengladbach,Borussia Dortmund,away,0,2,-2,loss,0
Bundesliga,BL1,2025,540535,2025-12-20,15,VfB Stuttgart,TSG 1899 Hoffenheim,home,0,0,0,draw,1
Bundesliga,BL1,2025,540535,2025-12-20,15,TSG 1899 Hoffenheim,VfB Stuttgart,away,0,0,0,draw,1
Bundesliga,BL1,2025,540536,2025-12-20,15,VfL Wolfsburg,SC Freiburg,home,3,4,-1,loss,0
Bundesliga,BL1,2025,540536,2025-12-20,15,SC Freiburg,VfL Wolfsburg,away,4,3,1,win,3
Bundesliga,BL1,2025,540537,2025-12-20,15,FC Augsburg,SV Werder Bremen,home,0,0,0,draw,1
Bundesliga,BL1,2025,540537,2025-12-20,15,SV Werder Bremen,FC Augsburg,away,0,0,0,draw,1
Bundesliga,BL1,2025,540539,2025-12-20,15,1. FC Köln,1. FC Union Berlin,home,0,1,-1,loss,0
Bundesliga,BL1,2025,540539,2025-12-20,15,1. FC Union Berlin,1. FC Köln,away,1,0,1,win,3
Bundesliga,BL1,2025,540540,2025-12-20,15,Hamburger SV,Eintracht Frankfurt,home,1,1,0,draw,1
Bundesliga,BL1,2025,540540,2025-12-20,15,Eintracht Frankfurt,Hamburger SV,away,1,1,0,draw,1
Bundesliga,BL1,2025,540534,2025-12-20,15,RB Leipzig,Bayer 04 Leverkusen,home,1,3,-2,loss,0
Bundesliga,BL1,2025,540534,2025-12-20,15,Bayer 04 Leverkusen,RB Leipzig,away,3,1,2,win,3
Bundesliga,BL1,2025,540533,2025-12-21,15,1. FSV Mainz 05,FC St. Pauli 1910,home,0,0,0,draw,1
Bundesliga,BL1,2025,540533,2025-12-21,15,FC St. Pauli 1910,1. FSV Mainz 05,away,0,0,0,draw,1
Bundesliga,BL1,2025,540538,2025-12-21,15,1. FC Heidenheim 1846,FC Bayern München,home,0,4,-4,loss,0
Bundesliga,BL1,2025,540538,2025-12-21,15,FC Bayern München,1. FC Heidenheim 1846,away,4,0,4,win,3
Bundesliga,BL1,2025,540543,2026-01-09,16,Eintracht Frankfurt,Borussia Dortmund,home,3,3,0,draw,1
Bundesliga,BL1,2025,540543,2026-01-09,16,Borussia Dortmund,Eintracht Frankfurt,away,3,3,0,draw,1
Bundesliga,BL1,2025,540544,2026-01-10,16,SC Freiburg,Hamburger SV,home,2,1,1,win,3
Bundesliga,BL1,2025,540544,2026-01-10,16,Hamburger SV,SC Freiburg,away,1,2,-1,loss,0
Bundesliga,BL1,2025,540547,2026-01-10,16,1. FC Union Berlin,1. FSV Mainz 05,home,2,2,0,draw,1
Bundesliga,BL1,2025,540547,2026-01-10,16,1. FSV Mainz 05,1. FC Union Berlin,away,2,2,0,draw,1
Bundesliga,BL1,2025,540549,2026-01-10,16,1. FC Heidenheim 1846,1. FC Köln,home,2,2,0,draw,1
Bundesliga,BL1,2025,540549,2026-01-10,16,1. FC Köln,1. FC Heidenheim 1846,away,2,2,0,draw,1
Bundesliga,BL1,2025,540542,2026-01-10,16,Bayer 04 Leverkusen,VfB Stuttgart,home,1,4,-3,loss,0
Bundesliga,BL1,2025,540542,2026-01-10,16,VfB Stuttgart,Bayer 04 Leverkusen,away,4,1,3,win,3
Bundesliga,BL1,2025,540546,2026-01-11,16,Borussia Mönchengladbach,FC Augsburg,home,4,0,4,win,3
Bundesliga,BL1,2025,540546,2026-01-11,16,FC Augsburg,Borussia Mönchengladbach,away,0,4,-4,loss,0
Bundesliga,BL1,2025,540541,2026-01-11,16,FC Bayern München,VfL Wolfsburg,home,8,1,7,win,3
Bundesliga,BL1,2025,540541,2026-01-11,16,VfL Wolfsburg,FC Bayern München,away,1,8,-7,loss,0
Bundesliga,BL1,2025,540553,2026-01-13,17,VfB Stuttgart,Eintracht Frankfurt,home,3,2,1,win,3
Bundesliga,BL1,2025,540553,2026-01-13,17,Eintracht Frankfurt,VfB Stuttgart,away,2,3,-1,loss,0
Bundesliga,BL1,2025,540550,2026-01-13,17,Borussia Dortmund,SV Werder Bremen,home,3,0,3,win,3
Bundesliga,BL1,2025,540550,2026-01-13,17,SV Werder Bremen,Borussia Dortmund,away,0,3,-3,loss,0
Bundesliga,BL1,2025,540551,2026-01-13,17,1. FSV Mainz 05,1. FC Heidenheim 1846,home,2,1,1,win,3
Bundesliga,BL1,2025,540551,2026-01-13,17,1. FC Heidenheim 1846,1. FSV Mainz 05,away,1,2,-1,loss,0
Bundesliga,BL1,2025,540554,2026-01-14,17,VfL Wolfsburg,FC St. Pauli 1910,home,2,1,1,win,3
Bundesliga,BL1,2025,540554,2026-01-14,17,FC St. Pauli 1910,VfL Wolfsburg,away,1,2,-1,loss,0
Bundesliga,BL1,2025,540552,2026-01-14,17,RB Leipzig,SC Freiburg,home,2,0,2,win,3
Bundesliga,BL1,2025,540552,2026-01-14,17,SC Freiburg,RB Leipzig,away,0,2,-2,loss,0
Bundesliga,BL1,2025,540556,2026-01-14,17,TSG 1899 Hoffenheim,Borussia Mönchengladbach,home,5,1,4,win,3
Bundesliga,BL1,2025,540556,2026-01-14,17,Borussia Mönchengladbach,TSG 1899 Hoffenheim,away,1,5,-4,loss,0
Bundesliga,BL1,2025,540557,2026-01-14,17,1. FC Köln,FC Bayern München,home,1,3,-2,loss,0
Bundesliga,BL1,2025,540557,2026-01-14,17,FC Bayern München,1. FC Köln,away,3,1,2,win,3
Bundesliga,BL1,2025,540555,2026-01-15,17,FC Augsburg,1. FC Union Berlin,home,1,1,0,draw,1
Bundesliga,BL1,2025,540555,2026-01-15,17,1. FC Union Berlin,FC Augsburg,away,1,1,0,draw,1
Bundesliga,BL1,2025,540560,2026-01-16,18,SV Werder Bremen,Eintracht Frankfurt,home,3,3,0,draw,1
Bundesliga,BL1,2025,540560,2026-01-16,18,Eintracht Frankfurt,SV Werder Bremen,away,3,3,0,draw,1
Bundesliga,BL1,2025,540561,2026-01-17,18,TSG 1899 Hoffenheim,Bayer 04 Leverkusen,home,1,0,1,win,3
Bundesliga,BL1,2025,540561,2026-01-17,18,Bayer 04 Leverkusen,TSG 1899 Hoffenheim,away,0,1,-1,loss,0
Bundesliga,BL1,2025,540563,2026-01-17,18,1. FC Köln,1. FSV Mainz 05,home,2,1,1,win,3
Bundesliga,BL1,2025,540563,2026-01-17,18,1. FSV Mainz 05,1. FC Köln,away,1,2,-1,loss,0
Bundesliga,BL1,2025,540564,2026-01-17,18,Hamburger SV,Borussia Mönchengladbach,home,0,0,0,draw,1
Bundesliga,BL1,2025,540564,2026-01-17,18,Borussia Mönchengladbach,Hamburger SV,away,0,0,0,draw,1
Bundesliga,BL1,2025,540566,2026-01-17,18,Borussia Dortmund,FC St. Pauli 1910,home,3,2,1,win,3
Bundesliga,BL1,2025,540566,2026-01-17,18,FC St. Pauli 1910,Borussia Dortmund,away,2,3,-1,loss,0
Bundesliga,BL1,2025,540567,2026-01-17,18,VfL Wolfsburg,1. FC Heidenheim 1846,home,1,1,0,draw,1
Bundesliga,BL1,2025,540567,2026-01-17,18,1. FC Heidenheim 1846,VfL Wolfsburg,away,1,1,0,draw,1
Bundesliga,BL1,2025,540559,2026-01-17,18,RB Leipzig,FC Bayern München,home,1,5,-4,loss,0
Bundesliga,BL1,2025,540559,2026-01-17,18,FC Bayern München,RB Leipzig,away,5,1,4,win,3
Bundesliga,BL1,2025,540565,2026-01-18,18,VfB Stuttgart,1. FC Union Berlin,home,1,1,0,draw,1
Bundesliga,BL1,2025,540565,2026-01-18,18,1. FC Union Berlin,VfB Stuttgart,away,1,1,0,draw,1
Bundesliga,BL1,2025,540562,2026-01-18,18,FC Augsburg,SC Freiburg,home,2,2,0,draw,1
Bundesliga,BL1,2025,540562,2026-01-18,18,SC Freiburg,FC Augsburg,away,2,2,0,draw,1
Bundesliga,BL1,2025,540576,2026-01-23,19,FC St. Pauli 1910,Hamburger SV,home,0,0,0,draw,1
Bundesliga,BL1,2025,540576,2026-01-23,19,Hamburger SV,FC St. Pauli 1910,away,0,0,0,draw,1
Bundesliga,BL1,2025,540569,2026-01-24,19,1. FC Heidenheim 1846,RB Leipzig,home,0,3,-3,loss,0
Bundesliga,BL1,2025,540569,2026-01-24,19,RB Leipzig,1. FC Heidenheim 1846,away,3,0,3,win,3
Bundesliga,BL1,2025,540570,2026-01-24,19,Bayer 04 Leverkusen,SV Werder Bremen,home,1,0,1,win,3
Bundesliga,BL1,2025,540570,2026-01-24,19,SV Werder Bremen,Bayer 04 Leverkusen,away,0,1,-1,loss,0
Bundesliga,BL1,2025,540572,2026-01-24,19,1. FSV Mainz 05,VfL Wolfsburg,home,3,1,2,win,3
Bundesliga,BL1,2025,540572,2026-01-24,19,VfL Wolfsburg,1. FSV Mainz 05,away,1,3,-2,loss,0
Bundesliga,BL1,2025,540573,2026-01-24,19,FC Bayern München,FC Augsburg,home,1,2,-1,loss,0
Bundesliga,BL1,2025,540573,2026-01-24,19,FC Augsburg,FC Bayern München,away,2,1,1,win,3
Bundesliga,BL1,2025,540574,2026-01-24,19,Eintracht Frankfurt,TSG 1899 Hoffenheim,home,1,3,-2,loss,0
Bundesliga,BL1,2025,540574,2026-01-24,19,TSG 1899 Hoffenheim,Eintracht Frankfurt,away,3,1,2,win,3
Bundesliga,BL1,2025,540568,2026-01-24,19,1. FC Union Berlin,Borussia Dortmund,home,0,3,-3,loss,0
Bundesliga,BL1,2025,540568,2026-01-24,19,Borussia Dortmund,1. FC Union Berlin,away,3,0,3,win,3
Bundesliga,BL1,2025,540571,2026-01-25,19,Borussia Mönchengladbach,VfB Stuttgart,home,0,3,-3,loss,0
Bundesliga,BL1,2025,540571,2026-01-25,19,VfB Stuttgart,Borussia Mönchengladbach,away,3,0,3,win,3
Bundesliga,BL1,2025,540575,2026-01-25,19,SC Freiburg,1. FC Köln,home,2,1,1,win,3
Bundesliga,BL1,2025,540575,2026-01-25,19,1. FC Köln,SC Freiburg,away,1,2,-1,loss,0
Bundesliga,BL1,2025,540545,2026-01-27,16,SV Werder Bremen,TSG 1899 Hoffenheim,home,0,2,-2,loss,0
Bundesliga,BL1,2025,540545,2026-01-27,16,TSG 1899 Hoffenheim,SV Werder Bremen,away,2,0,2,win,3
Bundesliga,BL1,2025,540548,2026-01-27,16,FC St. Pauli 1910,RB Leipzig,home,1,1,0,draw,1
Bundesliga,BL1,2025,540548,2026-01-27,16,RB Leipzig,FC St. Pauli 1910,away,1,1,0,draw,1
Bundesliga,BL1,2025,540582,2026-01-30,20,1. FC Köln,VfL Wolfsburg,home,1,0,1,win,3
Bundesliga,BL1,2025,540582,2026-01-30,20,VfL Wolfsburg,1. FC Köln,away,0,1,-1,loss,0
Bundesliga,BL1,2025,540578,2026-01-31,20,Eintracht Frankfurt,Bayer 04 Leverkusen,home,1,3,-2,loss,0
Bundesliga,BL1,2025,540578,2026-01-31,20,Bayer 04 Leverkusen,Eintracht Frankfurt,away,3,1,2,win,3
Bundesliga,BL1,2025,540580,2026-01-31,20,RB Leipzig,1. FSV Mainz 05,home,1,2,-1,loss,0
Bundesliga,BL1,2025,540580,2026-01-31,20,1. FSV Mainz 05,RB Leipzig,away,2,1,1,win,3
Bundesliga,BL1,2025,540581,2026-01-31,20,SV Werder Bremen,Borussia Mönchengladbach,home,1,1,0,draw,1
Bundesliga,BL1,2025,540581,2026-01-31,20,Borussia Mönchengladbach,SV Werder Bremen,away,1,1,0,draw,1
Bundesliga,BL1,2025,540583,2026-01-31,20,TSG 1899 Hoffenheim,1. FC Union Berlin,home,3,1,2,win,3
Bundesliga,BL1,2025,540583,2026-01-31,20,1. FC Union Berlin,TSG 1899 Hoffenheim,away,1,3,-2,loss,0
Bundesliga,BL1,2025,540584,2026-01-31,20,FC Augsburg,FC St. Pauli 1910,home,2,1,1,win,3
Bundesliga,BL1,2025,540584,2026-01-31,20,FC St. Pauli 1910,FC Augsburg,away,1,2,-1,loss,0
Bundesliga,BL1,2025,540577,2026-01-31,20,Hamburger SV,FC Bayern München,home,2,2,0,draw,1
Bundesliga,BL1,2025,540577,2026-01-31,20,FC Bayern München,Hamburger SV,away,2,2,0,draw,1
Bundesliga,BL1,2025,540579,2026-02-01,20,VfB Stuttgart,SC Freiburg,home,1,0,1,win,3
Bundesliga,BL1,2025,540579,2026-02-01,20,SC Freiburg,VfB Stuttgart,away,0,1,-1,loss,0
Bundesliga,BL1,2025,540585,2026-02-01,20,Borussia Dortmund,1. FC Heidenheim 1846,home,3,2,1,win,3
Bundesliga,BL1,2025,540585,2026-02-01,20,1. FC Heidenheim 1846,Borussia Dortmund,away,2,3,-1,loss,0
Bundesliga,BL1,2025,540587,2026-02-06,21,1. FC Union Berlin,Eintracht Frankfurt,home,1,1,0,draw,1
Bundesliga,BL1,2025,540587,2026-02-06,21,Eintracht Frankfurt,1. FC Union Berlin,away,1,1,0,draw,1
Bundesliga,BL1,2025,540588,2026-02-07,21,VfL Wolfsburg,Borussia Dortmund,home,1,2,-1,loss,0
Bundesliga,BL1,2025,540588,2026-02-07,21,Borussia Dortmund,VfL Wolfsburg,away,2,1,1,win,3
Bundesliga,BL1,2025,540590,2026-02-07,21,SC Freiburg,SV Werder Bremen,home,1,0,1,win,3
Bundesliga,BL1,2025,540590,2026-02-07,21,SV Werder Bremen,SC Freiburg,away,0,1,-1,loss,0
Bundesliga,BL1,2025,540591,2026-02-07,21,FC St. Pauli 1910,VfB Stuttgart,home,2,1,1,win,3
Bundesliga,BL1,2025,540591,2026-02-07,21,VfB Stuttgart,FC St. Pauli 1910,away,1,2,-1,loss,0
Bundesliga,BL1,2025,540592,2026-02-07,21,1. FSV Mainz 05,FC Augsburg,home,2,0,2,win,3
Bundesliga,BL1,2025,540592,2026-02-07,21,FC Augsburg,1. FSV Mainz 05,away,0,2,-2,loss,0
Bundesliga,BL1,2025,540594,2026-02-07,21,1. FC Heidenheim 1846,Hamburger SV,home,0,2,-2,loss,0
Bundesliga,BL1,2025,540594,2026-02-07,21,Hamburger SV,1. FC Heidenheim 1846,away,2,0,2,win,3
Bundesliga,BL1,2025,540586,2026-02-07,21,Borussia Mönchengladbach,Bayer 04 Leverkusen,home,1,1,0,draw,1
Bundesliga,BL1,2025,540586,2026-02-07,21,Bayer 04 Leverkusen,Borussia Mönchengladbach,away,1,1,0,draw,1
Bundesliga,BL1,2025,540589,2026-02-08,21,1. FC Köln,RB Leipzig,home,1,2,-1,loss,0
Bundesliga,BL1,2025,540589,2026-02-08,21,RB Leipzig,1. FC Köln,away,2,1,1,win,3
Bundesliga,BL1,2025,540593,2026-02-08,21,FC Bayern München,TSG 1899 Hoffenheim,home,5,1,4,win,3
Bundesliga,BL1,2025,540593,2026-02-08,21,TSG 1899 Hoffenheim,FC Bayern München,away,1,5,-4,loss,0
Bundesliga,BL1,2025,540597,2026-02-13,22,Borussia Dortmund,1. FSV Mainz 05,home,4,0,4,win,3
Bundesliga,BL1,2025,540597,2026-02-13,22,1. FSV Mainz 05,Borussia Dortmund,away,0,4,-4,loss,0
Bundesliga,BL1,2025,540595,2026-02-14,22,SV Werder Bremen,FC Bayern München,home,0,3,-3,loss,0
Bundesliga,BL1,2025,540595,2026-02-14,22,FC Bayern München,SV Werder Bremen,away,3,0,3,win,3
Bundesliga,BL1,2025,540596,2026-02-14,22,TSG 1899 Hoffenheim,SC Freiburg,home,3,0,3,win,3
Bundesliga,BL1,2025,540596,2026-02-14,22,SC Freiburg,TSG 1899 Hoffenheim,away,0,3,-3,loss,0
Bundesliga,BL1,2025,540598,2026-02-14,22,Eintracht Frankfurt,Borussia Mönchengladbach,home,3,0,3,win,3
Bundesliga,BL1,2025,540598,2026-02-14,22,Borussia Mönchengladbach,Eintracht Frankfurt,away,0,3,-3,loss,0
Bundesliga,BL1,2025,540600,2026-02-14,22,Hamburger SV,1. FC Union Berlin,home,3,2,1,win,3
Bundesliga,BL1,2025,540600,2026-02-14,22,1. FC Union Berlin,Hamburger SV,away,2,3,-1,loss,0
Bundesliga,BL1,2025,540601,2026-02-14,22,Bayer 04 Leverkusen,FC St. Pauli 1910,home,4,0,4,win,3
Bundesliga,BL1,2025,540601,2026-02-14,22,FC St. Pauli 1910,Bayer 04 Leverkusen,away,0,4,-4,loss,0
Bundesliga,BL1,2025,540603,2026-02-14,22,VfB Stuttgart,1. FC Köln,home,3,1,2,win,3
Bundesliga,BL1,2025,540603,2026-02-14,22,1. FC Köln,VfB Stuttgart,away,1,3,-2,loss,0
Bundesliga,BL1,2025,540602,2026-02-15,22,FC Augsburg,1. FC Heidenheim 1846,home,1,0,1,win,3
Bundesliga,BL1,2025,540602,2026-02-15,22,1. FC Heidenheim 1846,FC Augsburg,away,0,1,-1,loss,0
Bundesliga,BL1,2025,540599,2026-02-15,22,RB Leipzig,VfL Wolfsburg,home,2,2,0,draw,1
Bundesliga,BL1,2025,540599,2026-02-15,22,VfL Wolfsburg,RB Leipzig,away,2,2,0,draw,1
Bundesliga,BL1,2025,540612,2026-02-20,23,1. FSV Mainz 05,Hamburger SV,home,1,1,0,draw,1
Bundesliga,BL1,2025,540612,2026-02-20,23,Hamburger SV,1. FSV Mainz 05,away,1,1,0,draw,1
Bundesliga,BL1,2025,540604,2026-02-21,23,1. FC Union Berlin,Bayer 04 Leverkusen,home,1,0,1,win,3
Bundesliga,BL1,2025,540604,2026-02-21,23,Bayer 04 Leverkusen,1. FC Union Berlin,away,0,1,-1,loss,0
Bundesliga,BL1,2025,540605,2026-02-21,23,FC Bayern München,Eintracht Frankfurt,home,3,2,1,win,3
Bundesliga,BL1,2025,540605,2026-02-21,23,Eintracht Frankfurt,FC Bayern München,away,2,3,-1,loss,0
Bundesliga,BL1,2025,540610,2026-02-21,23,VfL Wolfsburg,FC Augsburg,home,2,3,-1,loss,0
Bundesliga,BL1,2025,540610,2026-02-21,23,FC Augsburg,VfL Wolfsburg,away,3,2,1,win,3
Bundesliga,BL1,2025,540611,2026-02-21,23,1. FC Köln,TSG 1899 Hoffenheim,home,2,2,0,draw,1
Bundesliga,BL1,2025,540611,2026-02-21,23,TSG 1899 Hoffenheim,1. FC Köln,away,2,2,0,draw,1
Bundesliga,BL1,2025,540606,2026-02-21,23,RB Leipzig,Borussia Dortmund,home,2,2,0,draw,1
Bundesliga,BL1,2025,540606,2026-02-21,23,Borussia Dortmund,RB Leipzig,away,2,2,0,draw,1
Bundesliga,BL1,2025,540609,2026-02-22,23,SC Freiburg,Borussia Mönchengladbach,home,2,1,1,win,3
Bundesliga,BL1,2025,540609,2026-02-22,23,Borussia Mönchengladbach,SC Freiburg,away,1,2,-1,loss,0
Bundesliga,BL1,2025,540607,2026-02-22,23,FC St. Pauli 1910,SV Werder Bremen,home,2,1,1,win,3
Bundesliga,BL1,2025,540607,2026-02-22,23,SV Werder Bremen,FC St. Pauli 1910,away,1,2,-1,loss,0
Bundesliga,BL1,2025,540608,2026-02-22,23,1. FC Heidenheim 1846,VfB Stuttgart,home,3,3,0,draw,1
Bundesliga,BL1,2025,540608,2026-02-22,23,VfB Stuttgart,1. FC Heidenheim 1846,away,3,3,0,draw,1
Bundesliga,BL1,2025,540621,2026-02-27,24,FC Augsburg,1. FC Köln,home,2,0,2,win,3
Bundesliga,BL1,2025,540621,2026-02-27,24,1. FC Köln,FC Augsburg,away,0,2,-2,loss,0
Bundesliga,BL1,2025,540615,2026-02-28,24,Bayer 04 Leverkusen,1. FSV Mainz 05,home,1,1,0,draw,1
Bundesliga,BL1,2025,540615,2026-02-28,24,1. FSV Mainz 05,Bayer 04 Leverkusen,away,1,1,0,draw,1
Bundesliga,BL1,2025,540618,2026-02-28,24,Borussia Mönchengladbach,1. FC Union Berlin,home,1,0,1,win,3
Bundesliga,BL1,2025,540618,2026-02-28,24,1. FC Union Berlin,Borussia Mönchengladbach,away,0,1,-1,loss,0
Bundesliga,BL1,2025,540619,2026-02-28,24,TSG 1899 Hoffenheim,FC St. Pauli 1910,home,0,1,-1,loss,0
Bundesliga,BL1,2025,540619,2026-02-28,24,FC St. Pauli 1910,TSG 1899 Hoffenheim,away,1,0,1,win,3
Bundesliga,BL1,2025,540620,2026-02-28,24,SV Werder Bremen,1. FC Heidenheim 1846,home,2,0,2,win,3
Bundesliga,BL1,2025,540620,2026-02-28,24,1. FC Heidenheim 1846,SV Werder Bremen,away,0,2,-2,loss,0
Bundesliga,BL1,2025,540613,2026-02-28,24,Borussia Dortmund,FC Bayern München,home,2,3,-1,loss,0
Bundesliga,BL1,2025,540613,2026-02-28,24,FC Bayern München,Borussia Dortmund,away,3,2,1,win,3
Bundesliga,BL1,2025,540617,2026-03-01,24,VfB Stuttgart,VfL Wolfsburg,home,4,0,4,win,3
Bundesliga,BL1,2025,540617,2026-03-01,24,VfL Wolfsburg,VfB Stuttgart,away,0,4,-4,loss,0
Bundesliga,BL1,2025,540614,2026-03-01,24,Eintracht Frankfurt,SC Freiburg,home,2,0,2,win,3
Bundesliga,BL1,2025,540614,2026-03-01,24,SC Freiburg,Eintracht Frankfurt,away,0,2,-2,loss,0
Bundesliga,BL1,2025,540616,2026-03-01,24,Hamburger SV,RB Leipzig,home,1,2,-1,loss,0
Bundesliga,BL1,2025,540616,2026-03-01,24,RB Leipzig,Hamburger SV,away,2,1,1,win,3
Bundesliga,BL1,2025,540558,2026-03-04,17,Hamburger SV,Bayer 04 Leverkusen,home,0,1,-1,loss,0
Bundesliga,BL1,2025,540558,2026-03-04,17,Bayer 04 Leverkusen,Hamburger SV,away,1,0,1,win,3
Bundesliga,BL1,2025,540627,2026-03-06,25,FC Bayern München,Borussia Mönchengladbach,home,4,1,3,win,3
Bundesliga,BL1,2025,540627,2026-03-06,25,Borussia Mönchengladbach,FC Bayern München,away,1,4,-3,loss,0
Bundesliga,BL1,2025,540622,2026-03-07,25,SC Freiburg,Bayer 04 Leverkusen,home,3,3,0,draw,1
Bundesliga,BL1,2025,540622,2026-03-07,25,Bayer 04 Leverkusen,SC Freiburg,away,3,3,0,draw,1
Bundesliga,BL1,2025,540626,2026-03-07,25,1. FSV Mainz 05,VfB Stuttgart,home,2,2,0,draw,1
Bundesliga,BL1,2025,540626,2026-03-07,25,VfB Stuttgart,1. FSV Mainz 05,away,2,2,0,draw,1
Bundesliga,BL1,2025,540628,2026-03-07,25,RB Leipzig,FC Augsburg,home,2,1,1,win,3
Bundesliga,BL1,2025,540628,2026-03-07,25,FC Augsburg,RB Leipzig,away,1,2,-1,loss,0
Bundesliga,BL1,2025,540629,2026-03-07,25,1. FC Heidenheim 1846,TSG 1899 Hoffenheim,home,2,4,-2,loss,0
Bundesliga,BL1,2025,540629,2026-03-07,25,TSG 1899 Hoffenheim,1. FC Heidenheim 1846,away,4,2,2,win,3
Bundesliga,BL1,2025,540630,2026-03-07,25,VfL Wolfsburg,Hamburger SV,home,1,2,-1,loss,0
Bundesliga,BL1,2025,540630,2026-03-07,25,Hamburger SV,VfL Wolfsburg,away,2,1,1,win,3
Bundesliga,BL1,2025,540624,2026-03-07,25,1. FC Köln,Borussia Dortmund,home,1,2,-1,loss,0
Bundesliga,BL1,2025,540624,2026-03-07,25,Borussia Dortmund,1. FC Köln,away,2,1,1,win,3
Bundesliga,BL1,2025,540623,2026-03-08,25,FC St. Pauli 1910,Eintracht Frankfurt,home,0,0,0,draw,1
Bundesliga,BL1,2025,540623,2026-03-08,25,Eintracht Frankfurt,FC St. Pauli 1910,away,0,0,0,draw,1
Bundesliga,BL1,2025,540625,2026-03-08,25,1. FC Union Berlin,SV Werder Bremen,home,1,4,-3,loss,0
Bundesliga,BL1,2025,540625,2026-03-08,25,SV Werder Bremen,1. FC Union Berlin,away,4,1,3,win,3
Bundesliga,BL1,2025,540637,2026-03-13,26,Borussia Mönchengladbach,FC St. Pauli 1910,home,2,0,2,win,3
Bundesliga,BL1,2025,540637,2026-03-13,26,FC St. Pauli 1910,Borussia Mönchengladbach,away,0,2,-2,loss,0
Bundesliga,BL1,2025,540631,2026-03-14,26,Bayer 04 Leverkusen,FC Bayern München,home,1,1,0,draw,1
Bundesliga,BL1,2025,540631,2026-03-14,26,FC Bayern München,Bayer 04 Leverkusen,away,1,1,0,draw,1
Bundesliga,BL1,2025,540634,2026-03-14,26,TSG 1899 Hoffenheim,VfL Wolfsburg,home,1,1,0,draw,1
Bundesliga,BL1,2025,540634,2026-03-14,26,VfL Wolfsburg,TSG 1899 Hoffenheim,away,1,1,0,draw,1
Bundesliga,BL1,2025,540635,2026-03-14,26,Borussia Dortmund,FC Augsburg,home,2,0,2,win,3
Bundesliga,BL1,2025,540635,2026-03-14,26,FC Augsburg,Borussia Dortmund,away,0,2,-2,loss,0
Bundesliga,BL1,2025,540638,2026-03-14,26,Eintracht Frankfurt,1. FC Heidenheim 1846,home,1,0,1,win,3
Bundesliga,BL1,2025,540638,2026-03-14,26,1. FC Heidenheim 1846,Eintracht Frankfurt,away,0,1,-1,loss,0
Bundesliga,BL1,2025,540639,2026-03-14,26,Hamburger SV,1. FC Köln,home,1,1,0,draw,1
Bundesliga,BL1,2025,540639,2026-03-14,26,1. FC Köln,Hamburger SV,away,1,1,0,draw,1
Bundesliga,BL1,2025,540632,2026-03-15,26,SV Werder Bremen,1. FSV Mainz 05,home,0,2,-2,loss,0
Bundesliga,BL1,2025,540632,2026-03-15,26,1. FSV Mainz 05,SV Werder Bremen,away,2,0,2,win,3
Bundesliga,BL1,2025,540636,2026-03-15,26,SC Freiburg,1. FC Union Berlin,home,0,1,-1,loss,0
Bundesliga,BL1,2025,540636,2026-03-15,26,1. FC Union Berlin,SC Freiburg,away,1,0,1,win,3
Bundesliga,BL1,2025,540633,2026-03-15,26,VfB Stuttgart,RB Leipzig,home,1,0,1,win,3
Bundesliga,BL1,2025,540633,2026-03-15,26,RB Leipzig,VfB Stuttgart,away,0,1,-1,loss,0
Bundesliga,BL1,2025,540647,2026-03-20,27,RB Leipzig,TSG 1899 Hoffenheim,home,5,0,5,win,3
Bundesliga,BL1,2025,540647,2026-03-20,27,TSG 1899 Hoffenheim,RB Leipzig,away,0,5,-5,loss,0
Bundesliga,BL1,2025,540640,2026-03-21,27,1. FC Heidenheim 1846,Bayer 04 Leverkusen,home,3,3,0,draw,1
Bundesliga,BL1,2025,540640,2026-03-21,27,Bayer 04 Leverkusen,1. FC Heidenheim 1846,away,3,3,0,draw,1
Bundesliga,BL1,2025,540643,2026-03-21,27,VfL Wolfsburg,SV Werder Bremen,home,0,1,-1,loss,0
Bundesliga,BL1,2025,540643,2026-03-21,27,SV Werder Bremen,VfL Wolfsburg,away,1,0,1,win,3
Bundesliga,BL1,2025,540645,2026-03-21,27,1. FC Köln,Borussia Mönchengladbach,home,3,3,0,draw,1
Bundesliga,BL1,2025,540645,2026-03-21,27,Borussia Mönchengladbach,1. FC Köln,away,3,3,0,draw,1
Bundesliga,BL1,2025,540646,2026-03-21,27,FC Bayern München,1. FC Union Berlin,home,4,0,4,win,3
Bundesliga,BL1,2025,540646,2026-03-21,27,1. FC Union Berlin,FC Bayern München,away,0,4,-4,loss,0
Bundesliga,BL1,2025,540648,2026-03-21,27,Borussia Dortmund,Hamburger SV,home,3,2,1,win,3
Bundesliga,BL1,2025,540648,2026-03-21,27,Hamburger SV,Borussia Dortmund,away,2,3,-1,loss,0
Bundesliga,BL1,2025,540641,2026-03-22,27,1. FSV Mainz 05,Eintracht Frankfurt,home,2,1,1,win,3
Bundesliga,BL1,2025,540641,2026-03-22,27,Eintracht Frankfurt,1. FSV Mainz 05,away,1,2,-1,loss,0
Bundesliga,BL1,2025,540642,2026-03-22,27,FC St. Pauli 1910,SC Freiburg,home,1,2,-1,loss,0
Bundesliga,BL1,2025,540642,2026-03-22,27,SC Freiburg,FC St. Pauli 1910,away,2,1,1,win,3
Bundesliga,BL1,2025,540644,2026-03-22,27,FC Augsburg,VfB Stuttgart,home,2,5,-3,loss,0
Bundesliga,BL1,2025,540644,2026-03-22,27,VfB Stuttgart,FC Augsburg,away,5,2,3,win,3
Bundesliga,BL1,2025,540649,2026-04-04,28,SC Freiburg,FC Bayern München,home,2,3,-1,loss,0
Bundesliga,BL1,2025,540649,2026-04-04,28,FC Bayern München,SC Freiburg,away,3,2,1,win,3
Bundesliga,BL1,2025,540651,2026-04-04,28,TSG 1899 Hoffenheim,1. FSV Mainz 05,home,1,2,-1,loss,0
Bundesliga,BL1,2025,540651,2026-04-04,28,1. FSV Mainz 05,TSG 1899 Hoffenheim,away,2,1,1,win,3
Bundesliga,BL1,2025,540652,2026-04-04,28,SV Werder Bremen,RB Leipzig,home,1,2,-1,loss,0
Bundesliga,BL1,2025,540652,2026-04-04,28,RB Leipzig,SV Werder Bremen,away,2,1,1,win,3
Bundesliga,BL1,2025,540653,2026-04-04,28,Bayer 04 Leverkusen,VfL Wolfsburg,home,6,3,3,win,3
Bundesliga,BL1,2025,540653,2026-04-04,28,VfL Wolfsburg,Bayer 04 Leverkusen,away,3,6,-3,loss,0
Bundesliga,BL1,2025,540654,2026-04-04,28,Hamburger SV,FC Augsburg,home,1,1,0,draw,1
Bundesliga,BL1,2025,540654,2026-04-04,28,FC Augsburg,Hamburger SV,away,1,1,0,draw,1
Bundesliga,BL1,2025,540656,2026-04-04,28,Borussia Mönchengladbach,1. FC Heidenheim 1846,home,2,2,0,draw,1
Bundesliga,BL1,2025,540656,2026-04-04,28,1. FC Heidenheim 1846,Borussia Mönchengladbach,away,2,2,0,draw,1
Bundesliga,BL1,2025,540650,2026-04-04,28,VfB Stuttgart,Borussia Dortmund,home,0,2,-2,loss,0
Bundesliga,BL1,2025,540650,2026-04-04,28,Borussia Dortmund,VfB Stuttgart,away,2,0,2,win,3
Bundesliga,BL1,2025,540655,2026-04-05,28,1. FC Union Berlin,FC St. Pauli 1910,home,1,1,0,draw,1
Bundesliga,BL1,2025,540655,2026-04-05,28,FC St. Pauli 1910,1. FC Union Berlin,away,1,1,0,draw,1
Bundesliga,BL1,2025,540657,2026-04-05,28,Eintracht Frankfurt,1. FC Köln,home,2,2,0,draw,1
Bundesliga,BL1,2025,540657,2026-04-05,28,1. FC Köln,Eintracht Frankfurt,away,2,2,0,draw,1
Bundesliga,BL1,2025,540665,2026-04-10,29,FC Augsburg,TSG 1899 Hoffenheim,home,2,2,0,draw,1
Bundesliga,BL1,2025,540665,2026-04-10,29,TSG 1899 Hoffenheim,FC Augsburg,away,2,2,0,draw,1
Bundesliga,BL1,2025,540659,2026-04-11,29,Borussia Dortmund,Bayer 04 Leverkusen,home,0,1,-1,loss,0
Bundesliga,BL1,2025,540659,2026-04-11,29,Bayer 04 Leverkusen,Borussia Dortmund,away,1,0,1,win,3
Bundesliga,BL1,2025,540660,2026-04-11,29,VfL Wolfsburg,Eintracht Frankfurt,home,1,2,-1,loss,0
Bundesliga,BL1,2025,540660,2026-04-11,29,Eintracht Frankfurt,VfL Wolfsburg,away,2,1,1,win,3
Bundesliga,BL1,2025,540663,2026-04-11,29,RB Leipzig,Borussia Mönchengladbach,home,1,0,1,win,3
Bundesliga,BL1,2025,540663,2026-04-11,29,Borussia Mönchengladbach,RB Leipzig,away,0,1,-1,loss,0
Bundesliga,BL1,2025,540664,2026-04-11,29,1. FC Heidenheim 1846,1. FC Union Berlin,home,3,1,2,win,3
Bundesliga,BL1,2025,540664,2026-04-11,29,1. FC Union Berlin,1. FC Heidenheim 1846,away,1,3,-2,loss,0
Bundesliga,BL1,2025,540658,2026-04-11,29,FC St. Pauli 1910,FC Bayern München,home,0,5,-5,loss,0
Bundesliga,BL1,2025,540658,2026-04-11,29,FC Bayern München,FC St. Pauli 1910,away,5,0,5,win,3
Bundesliga,BL1,2025,540662,2026-04-12,29,1. FC Köln,SV Werder Bremen,home,3,1,2,win,3
Bundesliga,BL1,2025,540662,2026-04-12,29,SV Werder Bremen,1. FC Köln,away,1,3,-2,loss,0
Bundesliga,BL1,2025,540666,2026-04-12,29,VfB Stuttgart,Hamburger SV,home,4,0,4,win,3
Bundesliga,BL1,2025,540666,2026-04-12,29,Hamburger SV,VfB Stuttgart,away,0,4,-4,loss,0
Bundesliga,BL1,2025,540661,2026-04-12,29,1. FSV Mainz 05,SC Freiburg,home,0,1,-1,loss,0
Bundesliga,BL1,2025,540661,2026-04-12,29,SC Freiburg,1. FSV Mainz 05,away,1,0,1,win,3
Bundesliga,BL1,2025,540673,2026-04-17,30,FC St. Pauli 1910,1. FC Köln,home,1,1,0,draw,1
Bundesliga,BL1,2025,540673,2026-04-17,30,1. FC Köln,FC St. Pauli 1910,away,1,1,0,draw,1
Bundesliga,BL1,2025,540674,2026-04-18,30,SV Werder Bremen,Hamburger SV,home,3,1,2,win,3
Bundesliga,BL1,2025,540674,2026-04-18,30,Hamburger SV,SV Werder Bremen,away,1,3,-2,loss,0
Bundesliga,BL1,2025,540675,2026-04-18,30,Bayer 04 Leverkusen,FC Augsburg,home,1,2,-1,loss,0
Bundesliga,BL1,2025,540675,2026-04-18,30,FC Augsburg,Bayer 04 Leverkusen,away,2,1,1,win,3
Bundesliga,BL1,2025,540667,2026-04-18,30,TSG 1899 Hoffenheim,Borussia Dortmund,home,2,1,1,win,3
Bundesliga,BL1,2025,540667,2026-04-18,30,Borussia Dortmund,TSG 1899 Hoffenheim,away,1,2,-1,loss,0
Bundesliga,BL1,2025,540671,2026-04-18,30,1. FC Union Berlin,VfL Wolfsburg,home,1,2,-1,loss,0
Bundesliga,BL1,2025,540671,2026-04-18,30,VfL Wolfsburg,1. FC Union Berlin,away,2,1,1,win,3
Bundesliga,BL1,2025,540669,2026-04-18,30,Eintracht Frankfurt,RB Leipzig,home,1,3,-2,loss,0
Bundesliga,BL1,2025,540669,2026-04-18,30,RB Leipzig,Eintracht Frankfurt,away,3,1,2,win,3
Bundesliga,BL1,2025,540672,2026-04-19,30,SC Freiburg,1. FC Heidenheim 1846,home,2,1,1,win,3
Bundesliga,BL1,2025,540672,2026-04-19,30,1. FC Heidenheim 1846,SC Freiburg,away,1,2,-1,loss,0
Bundesliga,BL1,2025,540670,2026-04-19,30,FC Bayern München,VfB Stuttgart,home,4,2,2,win,3
Bundesliga,BL1,2025,540670,2026-04-19,30,VfB Stuttgart,FC Bayern München,away,2,4,-2,loss,0
Bundesliga,BL1,2025,540668,2026-04-19,30,Borussia Mönchengladbach,1. FSV Mainz 05,home,1,1,0,draw,1
Bundesliga,BL1,2025,540668,2026-04-19,30,1. FSV Mainz 05,Borussia Mönchengladbach,away,1,1,0,draw,1
Bundesliga,BL1,2025,540682,2026-04-24,31,RB Leipzig,1. FC Union Berlin,home,3,1,2,win,3
Bundesliga,BL1,2025,540682,2026-04-24,31,1. FC Union Berlin,RB Leipzig,away,1,3,-2,loss,0
Bundesliga,BL1,2025,540676,2026-04-25,31,1. FSV Mainz 05,FC Bayern München,home,3,4,-1,loss,0
Bundesliga,BL1,2025,540676,2026-04-25,31,FC Bayern München,1. FSV Mainz 05,away,4,3,1,win,3
Bundesliga,BL1,2025,540677,2026-04-25,31,1. FC Köln,Bayer 04 Leverkusen,home,1,2,-1,loss,0
Bundesliga,BL1,2025,540677,2026-04-25,31,Bayer 04 Leverkusen,1. FC Köln,away,2,1,1,win,3
Bundesliga,BL1,2025,540678,2026-04-25,31,FC Augsburg,Eintracht Frankfurt,home,1,1,0,draw,1
Bundesliga,BL1,2025,540678,2026-04-25,31,Eintracht Frankfurt,FC Augsburg,away,1,1,0,draw,1
Bundesliga,BL1,2025,540681,2026-04-25,31,VfL Wolfsburg,Borussia Mönchengladbach,home,0,0,0,draw,1
Bundesliga,BL1,2025,540681,2026-04-25,31,Borussia Mönchengladbach,VfL Wolfsburg,away,0,0,0,draw,1
Bundesliga,BL1,2025,540683,2026-04-25,31,1. FC Heidenheim 1846,FC St. Pauli 1910,home,2,0,2,win,3
Bundesliga,BL1,2025,540683,2026-04-25,31,FC St. Pauli 1910,1. FC Heidenheim 1846,away,0,2,-2,loss,0
Bundesliga,BL1,2025,540684,2026-04-25,31,Hamburger SV,TSG 1899 Hoffenheim,home,1,2,-1,loss,0
Bundesliga,BL1,2025,540684,2026-04-25,31,TSG 1899 Hoffenheim,Hamburger SV,away,2,1,1,win,3
Bundesliga,BL1,2025,540680,2026-04-26,31,VfB Stuttgart,SV Werder Bremen,home,1,1,0,draw,1
Bundesliga,BL1,2025,540680,2026-04-26,31,SV Werder Bremen,VfB Stuttgart,away,1,1,0,draw,1
Bundesliga,BL1,2025,540679,2026-04-26,31,Borussia Dortmund,SC Freiburg,home,4,0,4,win,3
Bundesliga,BL1,2025,540679,2026-04-26,31,SC Freiburg,Borussia Dortmund,away,0,4,-4,loss,0
Bundesliga,BL1,2025,540688,2026-05-02,32,TSG 1899 Hoffenheim,VfB Stuttgart,home,3,3,0,draw,1
Bundesliga,BL1,2025,540688,2026-05-02,32,VfB Stuttgart,TSG 1899 Hoffenheim,away,3,3,0,draw,1
Bundesliga,BL1,2025,540690,2026-05-02,32,SV Werder Bremen,FC Augsburg,home,1,3,-2,loss,0
Bundesliga,BL1,2025,540690,2026-05-02,32,FC Augsburg,SV Werder Bremen,away,3,1,2,win,3
Bundesliga,BL1,2025,540691,2026-05-02,32,FC Bayern München,1. FC Heidenheim 1846,home,3,3,0,draw,1
Bundesliga,BL1,2025,540691,2026-05-02,32,1. FC Heidenheim 1846,FC Bayern München,away,3,3,0,draw,1
Bundesliga,BL1,2025,540692,2026-05-02,32,1. FC Union Berlin,1. FC Köln,home,2,2,0,draw,1
Bundesliga,BL1,2025,540692,2026-05-02,32,1. FC Köln,1. FC Union Berlin,away,2,2,0,draw,1
Bundesliga,BL1,2025,540693,2026-05-02,32,Eintracht Frankfurt,Hamburger SV,home,1,2,-1,loss,0
Bundesliga,BL1,2025,540693,2026-05-02,32,Hamburger SV,Eintracht Frankfurt,away,2,1,1,win,3
Bundesliga,BL1,2025,540687,2026-05-02,32,Bayer 04 Leverkusen,RB Leipzig,home,4,1,3,win,3
Bundesliga,BL1,2025,540687,2026-05-02,32,RB Leipzig,Bayer 04 Leverkusen,away,1,4,-3,loss,0
Bundesliga,BL1,2025,540686,2026-05-03,32,FC St. Pauli 1910,1. FSV Mainz 05,home,1,2,-1,loss,0
Bundesliga,BL1,2025,540686,2026-05-03,32,1. FSV Mainz 05,FC St. Pauli 1910,away,2,1,1,win,3
Bundesliga,BL1,2025,540685,2026-05-03,32,Borussia Mönchengladbach,Borussia Dortmund,home,1,0,1,win,3
Bundesliga,BL1,2025,540685,2026-05-03,32,Borussia Dortmund,Borussia Mönchengladbach,away,0,1,-1,loss,0
Bundesliga,BL1,2025,540689,2026-05-03,32,SC Freiburg,VfL Wolfsburg,home,1,1,0,draw,1
Bundesliga,BL1,2025,540689,2026-05-03,32,VfL Wolfsburg,SC Freiburg,away,1,1,0,draw,1
Bundesliga,BL1,2025,540696,2026-05-08,33,Borussia Dortmund,Eintracht Frankfurt,home,3,2,1,win,3
Bundesliga,BL1,2025,540696,2026-05-08,33,Eintracht Frankfurt,Borussia Dortmund,away,2,3,-1,loss,0
Bundesliga,BL1,2025,540695,2026-05-09,33,VfB Stuttgart,Bayer 04 Leverkusen,home,3,1,2,win,3
Bundesliga,BL1,2025,540695,2026-05-09,33,Bayer 04 Leverkusen,VfB Stuttgart,away,1,3,-2,loss,0
Bundesliga,BL1,2025,540698,2026-05-09,33,TSG 1899 Hoffenheim,SV Werder Bremen,home,1,0,1,win,3
Bundesliga,BL1,2025,540698,2026-05-09,33,SV Werder Bremen,TSG 1899 Hoffenheim,away,0,1,-1,loss,0
Bundesliga,BL1,2025,540699,2026-05-09,33,FC Augsburg,Borussia Mönchengladbach,home,3,1,2,win,3
Bundesliga,BL1,2025,540699,2026-05-09,33,Borussia Mönchengladbach,FC Augsburg,away,1,3,-2,loss,0
Bundesliga,BL1,2025,540701,2026-05-09,33,RB Leipzig,FC St. Pauli 1910,home,2,1,1,win,3
Bundesliga,BL1,2025,540701,2026-05-09,33,FC St. Pauli 1910,RB Leipzig,away,1,2,-1,loss,0
Bundesliga,BL1,2025,540694,2026-05-09,33,VfL Wolfsburg,FC Bayern München,home,0,1,-1,loss,0
Bundesliga,BL1,2025,540694,2026-05-09,33,FC Bayern München,VfL Wolfsburg,away,1,0,1,win,3
Bundesliga,BL1,2025,540697,2026-05-10,33,Hamburger SV,SC Freiburg,home,3,2,1,win,3
Bundesliga,BL1,2025,540697,2026-05-10,33,SC Freiburg,Hamburger SV,away,2,3,-1,loss,0
Bundesliga,BL1,2025,540702,2026-05-10,33,1. FC Köln,1. FC Heidenheim 1846,home,1,3,-2,loss,0
Bundesliga,BL1,2025,540702,2026-05-10,33,1. FC Heidenheim 1846,1. FC Köln,away,3,1,2,win,3
Bundesliga,BL1,2025,540700,2026-05-10,33,1. FSV Mainz 05,1. FC Union Berlin,home,1,3,-2,loss,0
Bundesliga,BL1,2025,540700,2026-05-10,33,1. FC Union Berlin,1. FSV Mainz 05,away,3,1,2,win,3
Bundesliga,BL1,2025,540703,2026-05-16,34,SV Werder Bremen,Borussia Dortmund,home,0,2,-2,loss,0
Bundesliga,BL1,2025,540703,2026-05-16,34,Borussia Dortmund,SV Werder Bremen,away,2,0,2,win,3
Bundesliga,BL1,2025,540704,2026-05-16,34,1. FC Heidenheim 1846,1. FSV Mainz 05,home,0,2,-2,loss,0
Bundesliga,BL1,2025,540704,2026-05-16,34,1. FSV Mainz 05,1. FC Heidenheim 1846,away,2,0,2,win,3
Bundesliga,BL1,2025,540705,2026-05-16,34,SC Freiburg,RB Leipzig,home,4,1,3,win,3
Bundesliga,BL1,2025,540705,2026-05-16,34,RB Leipzig,SC Freiburg,away,1,4,-3,loss,0
Bundesliga,BL1,2025,540706,2026-05-16,34,Eintracht Frankfurt,VfB Stuttgart,home,2,2,0,draw,1
Bundesliga,BL1,2025,540706,2026-05-16,34,VfB Stuttgart,Eintracht Frankfurt,away,2,2,0,draw,1
Bundesliga,BL1,2025,540707,2026-05-16,34,FC St. Pauli 1910,VfL Wolfsburg,home,1,3,-2,loss,0
Bundesliga,BL1,2025,540707,2026-05-16,34,VfL Wolfsburg,FC St. Pauli 1910,away,3,1,2,win,3
Bundesliga,BL1,2025,540708,2026-05-16,34,1. FC Union Berlin,FC Augsburg,home,4,0,4,win,3
Bundesliga,BL1,2025,540708,2026-05-16,34,FC Augsburg,1. FC Union Berlin,away,0,4,-4,loss,0
Bundesliga,BL1,2025,540709,2026-05-16,34,Borussia Mönchengladbach,TSG 1899 Hoffenheim,home,4,0,4,win,3
Bundesliga,BL1,2025,540709,2026-05-16,34,TSG 1899 Hoffenheim,Borussia Mönchengladbach,away,0,4,-4,loss,0
Bundesliga,BL1,2025,540710,2026-05-16,34,FC Bayern München,1. FC Köln,home,5,1,4,win,3
Bundesliga,BL1,2025,540710,2026-05-16,34,1. FC Köln,FC Bayern München,away,1,5,-4,loss,0
Bundesliga,BL1,2025,540711,2026-05-16,34,Bayer 04 Leverkusen,Hamburger SV,home,1,1,0,draw,1
Bundesliga,BL1,2025,540711,2026-05-16,34,Hamburger SV,Bayer 04 Leverkusen,away,1,1,0,draw,1
Serie A,SA,2025,536819,2025-08-23,1,Genoa CFC,US Lecce,home,0,0,0,draw,1
Serie A,SA,2025,536819,2025-08-23,1,US Lecce,Genoa CFC,away,0,0,0,draw,1
Serie A,SA,2025,536823,2025-08-23,1,US Sassuolo Calcio,SSC Napoli,home,0,2,-2,loss,0
Serie A,SA,2025,536823,2025-08-23,1,SSC Napoli,US Sassuolo Calcio,away,2,0,2,win,3
Serie A,SA,2025,536815,2025-08-23,1,AC Milan,US Cremonese,home,1,2,-1,loss,0
Serie A,SA,2025,536815,2025-08-23,1,US Cremonese,AC Milan,away,2,1,1,win,3
Serie A,SA,2025,536816,2025-08-23,1,AS Roma,Bologna FC 1909,home,1,0,1,win,3
Serie A,SA,2025,536816,2025-08-23,1,Bologna FC 1909,AS Roma,away,0,1,-1,loss,0
Serie A,SA,2025,536818,2025-08-24,1,Cagliari Calcio,ACF Fiorentina,home,1,1,0,draw,1
Serie A,SA,2025,536818,2025-08-24,1,ACF Fiorentina,Cagliari Calcio,away,1,1,0,draw,1
Serie A,SA,2025,536820,2025-08-24,1,Como 1907,SS Lazio,home,2,0,2,win,3
Serie A,SA,2025,536820,2025-08-24,1,SS Lazio,Como 1907,away,0,2,-2,loss,0
Serie A,SA,2025,536817,2025-08-24,1,Atalanta BC,AC Pisa 1909,home,1,1,0,draw,1
Serie A,SA,2025,536817,2025-08-24,1,AC Pisa 1909,Atalanta BC,away,1,1,0,draw,1
Serie A,SA,2025,536822,2025-08-24,1,Juventus FC,Parma Calcio 1913,home,2,0,2,win,3
Serie A,SA,2025,536822,2025-08-24,1,Parma Calcio 1913,Juventus FC,away,0,2,-2,loss,0
Serie A,SA,2025,536824,2025-08-25,1,Udinese Calcio,Hellas Verona FC,home,1,1,0,draw,1
Serie A,SA,2025,536824,2025-08-25,1,Hellas Verona FC,Udinese Calcio,away,1,1,0,draw,1
Serie A,SA,2025,536821,2025-08-25,1,FC Internazionale Milano,Torino FC,home,5,0,5,win,3
Serie A,SA,2025,536821,2025-08-25,1,Torino FC,FC Internazionale Milano,away,0,5,-5,loss,0
Serie A,SA,2025,536833,2025-08-29,2,US Cremonese,US Sassuolo Calcio,home,3,2,1,win,3
Serie A,SA,2025,536833,2025-08-29,2,US Sassuolo Calcio,US Cremonese,away,2,3,-1,loss,0
Serie A,SA,2025,536834,2025-08-29,2,US Lecce,AC Milan,home,0,2,-2,loss,0
Serie A,SA,2025,536834,2025-08-29,2,AC Milan,US Lecce,away,2,0,2,win,3
Serie A,SA,2025,536826,2025-08-30,2,Bologna FC 1909,Como 1907,home,1,0,1,win,3
Serie A,SA,2025,536826,2025-08-30,2,Como 1907,Bologna FC 1909,away,0,1,-1,loss,0
Serie A,SA,2025,536830,2025-08-30,2,Parma Calcio 1913,Atalanta BC,home,1,1,0,draw,1
Serie A,SA,2025,536830,2025-08-30,2,Atalanta BC,Parma Calcio 1913,away,1,1,0,draw,1
Serie A,SA,2025,536832,2025-08-30,2,SSC Napoli,Cagliari Calcio,home,1,0,1,win,3
Serie A,SA,2025,536832,2025-08-30,2,Cagliari Calcio,SSC Napoli,away,0,1,-1,loss,0
Serie A,SA,2025,536831,2025-08-30,2,AC Pisa 1909,AS Roma,home,0,1,-1,loss,0
Serie A,SA,2025,536831,2025-08-30,2,AS Roma,AC Pisa 1909,away,1,0,1,win,3
Serie A,SA,2025,536825,2025-08-31,2,Genoa CFC,Juventus FC,home,0,1,-1,loss,0
Serie A,SA,2025,536825,2025-08-31,2,Juventus FC,Genoa CFC,away,1,0,1,win,3
Serie A,SA,2025,536827,2025-08-31,2,Torino FC,ACF Fiorentina,home,0,0,0,draw,1
Serie A,SA,2025,536827,2025-08-31,2,ACF Fiorentina,Torino FC,away,0,0,0,draw,1
Serie A,SA,2025,536828,2025-08-31,2,FC Internazionale Milano,Udinese Calcio,home,1,2,-1,loss,0
Serie A,SA,2025,536828,2025-08-31,2,Udinese Calcio,FC Internazionale Milano,away,2,1,1,win,3
Serie A,SA,2025,536829,2025-08-31,2,SS Lazio,Hellas Verona FC,home,4,0,4,win,3
Serie A,SA,2025,536829,2025-08-31,2,Hellas Verona FC,SS Lazio,away,0,4,-4,loss,0
Serie A,SA,2025,536839,2025-09-13,3,Cagliari Calcio,Parma Calcio 1913,home,2,0,2,win,3
Serie A,SA,2025,536839,2025-09-13,3,Parma Calcio 1913,Cagliari Calcio,away,0,2,-2,loss,0
Serie A,SA,2025,536842,2025-09-13,3,Juventus FC,FC Internazionale Milano,home,4,3,1,win,3
Serie A,SA,2025,536842,2025-09-13,3,FC Internazionale Milano,Juventus FC,away,3,4,-1,loss,0
Serie A,SA,2025,536835,2025-09-13,3,ACF Fiorentina,SSC Napoli,home,1,3,-2,loss,0
Serie A,SA,2025,536835,2025-09-13,3,SSC Napoli,ACF Fiorentina,away,3,1,2,win,3
Serie A,SA,2025,536837,2025-09-14,3,AS Roma,Torino FC,home,0,1,-1,loss,0
Serie A,SA,2025,536837,2025-09-14,3,Torino FC,AS Roma,away,1,0,1,win,3
Serie A,SA,2025,536838,2025-09-14,3,Atalanta BC,US Lecce,home,4,1,3,win,3
Serie A,SA,2025,536838,2025-09-14,3,US Lecce,Atalanta BC,away,1,4,-3,loss,0
Serie A,SA,2025,536843,2025-09-14,3,AC Pisa 1909,Udinese Calcio,home,0,1,-1,loss,0
Serie A,SA,2025,536843,2025-09-14,3,Udinese Calcio,AC Pisa 1909,away,1,0,1,win,3
Serie A,SA,2025,536844,2025-09-14,3,US Sassuolo Calcio,SS Lazio,home,1,0,1,win,3
Serie A,SA,2025,536844,2025-09-14,3,SS Lazio,US Sassuolo Calcio,away,0,1,-1,loss,0
Serie A,SA,2025,536836,2025-09-14,3,AC Milan,Bologna FC 1909,home,1,0,1,win,3
Serie A,SA,2025,536836,2025-09-14,3,Bologna FC 1909,AC Milan,away,0,1,-1,loss,0
Serie A,SA,2025,536841,2025-09-15,3,Hellas Verona FC,US Cremonese,home,0,0,0,draw,1
Serie A,SA,2025,536841,2025-09-15,3,US Cremonese,Hellas Verona FC,away,0,0,0,draw,1
Serie A,SA,2025,536840,2025-09-15,3,Como 1907,Genoa CFC,home,1,1,0,draw,1
Serie A,SA,2025,536840,2025-09-15,3,Genoa CFC,Como 1907,away,1,1,0,draw,1
Serie A,SA,2025,536854,2025-09-19,4,US Lecce,Cagliari Calcio,home,1,2,-1,loss,0
Serie A,SA,2025,536854,2025-09-19,4,Cagliari Calcio,US Lecce,away,2,1,1,win,3
Serie A,SA,2025,536846,2025-09-20,4,Bologna FC 1909,Genoa CFC,home,2,1,1,win,3
Serie A,SA,2025,536846,2025-09-20,4,Genoa CFC,Bologna FC 1909,away,1,2,-1,loss,0
Serie A,SA,2025,536848,2025-09-20,4,Hellas Verona FC,Juventus FC,home,1,1,0,draw,1
Serie A,SA,2025,536848,2025-09-20,4,Juventus FC,Hellas Verona FC,away,1,1,0,draw,1
Serie A,SA,2025,536852,2025-09-20,4,Udinese Calcio,AC Milan,home,0,3,-3,loss,0
Serie A,SA,2025,536852,2025-09-20,4,AC Milan,Udinese Calcio,away,3,0,3,win,3
Serie A,SA,2025,536850,2025-09-21,4,SS Lazio,AS Roma,home,0,1,-1,loss,0
Serie A,SA,2025,536850,2025-09-21,4,AS Roma,SS Lazio,away,1,0,1,win,3
Serie A,SA,2025,536847,2025-09-21,4,Torino FC,Atalanta BC,home,0,3,-3,loss,0
Serie A,SA,2025,536847,2025-09-21,4,Atalanta BC,Torino FC,away,3,0,3,win,3
Serie A,SA,2025,536853,2025-09-21,4,US Cremonese,Parma Calcio 1913,home,0,0,0,draw,1
Serie A,SA,2025,536853,2025-09-21,4,Parma Calcio 1913,US Cremonese,away,0,0,0,draw,1
Serie A,SA,2025,536845,2025-09-21,4,ACF Fiorentina,Como 1907,home,1,2,-1,loss,0
Serie A,SA,2025,536845,2025-09-21,4,Como 1907,ACF Fiorentina,away,2,1,1,win,3
Serie A,SA,2025,536849,2025-09-21,4,FC Internazionale Milano,US Sassuolo Calcio,home,2,1,1,win,3
Serie A,SA,2025,536849,2025-09-21,4,US Sassuolo Calcio,FC Internazionale Milano,away,1,2,-1,loss,0
Serie A,SA,2025,536851,2025-09-22,4,SSC Napoli,AC Pisa 1909,home,3,2,1,win,3
Serie A,SA,2025,536851,2025-09-22,4,AC Pisa 1909,SSC Napoli,away,2,3,-1,loss,0
Serie A,SA,2025,536859,2025-09-27,5,Como 1907,US Cremonese,home,1,1,0,draw,1
Serie A,SA,2025,536859,2025-09-27,5,US Cremonese,Como 1907,away,1,1,0,draw,1
Serie A,SA,2025,536860,2025-09-27,5,Juventus FC,Atalanta BC,home,1,1,0,draw,1
Serie A,SA,2025,536860,2025-09-27,5,Atalanta BC,Juventus FC,away,1,1,0,draw,1
Serie A,SA,2025,536857,2025-09-27,5,Cagliari Calcio,FC Internazionale Milano,home,0,2,-2,loss,0
Serie A,SA,2025,536857,2025-09-27,5,FC Internazionale Milano,Cagliari Calcio,away,2,0,2,win,3
Serie A,SA,2025,536863,2025-09-28,5,US Sassuolo Calcio,Udinese Calcio,home,3,1,2,win,3
Serie A,SA,2025,536863,2025-09-28,5,Udinese Calcio,US Sassuolo Calcio,away,1,3,-2,loss,0
Serie A,SA,2025,536856,2025-09-28,5,AS Roma,Hellas Verona FC,home,2,0,2,win,3
Serie A,SA,2025,536856,2025-09-28,5,Hellas Verona FC,AS Roma,away,0,2,-2,loss,0
Serie A,SA,2025,536862,2025-09-28,5,AC Pisa 1909,ACF Fiorentina,home,0,0,0,draw,1
Serie A,SA,2025,536862,2025-09-28,5,ACF Fiorentina,AC Pisa 1909,away,0,0,0,draw,1
Serie A,SA,2025,536864,2025-09-28,5,US Lecce,Bologna FC 1909,home,2,2,0,draw,1
Serie A,SA,2025,536864,2025-09-28,5,Bologna FC 1909,US Lecce,away,2,2,0,draw,1
Serie A,SA,2025,536855,2025-09-28,5,AC Milan,SSC Napoli,home,2,1,1,win,3
Serie A,SA,2025,536855,2025-09-28,5,SSC Napoli,AC Milan,away,1,2,-1,loss,0
Serie A,SA,2025,536861,2025-09-29,5,Parma Calcio 1913,Torino FC,home,2,1,1,win,3
Serie A,SA,2025,536861,2025-09-29,5,Torino FC,Parma Calcio 1913,away,1,2,-1,loss,0
Serie A,SA,2025,536858,2025-09-29,5,Genoa CFC,SS Lazio,home,0,3,-3,loss,0
Serie A,SA,2025,536858,2025-09-29,5,SS Lazio,Genoa CFC,away,3,0,3,win,3
Serie A,SA,2025,536868,2025-10-03,6,Hellas Verona FC,US Sassuolo Calcio,home,0,1,-1,loss,0
Serie A,SA,2025,536868,2025-10-03,6,US Sassuolo Calcio,Hellas Verona FC,away,1,0,1,win,3
Serie A,SA,2025,536871,2025-10-04,6,SS Lazio,Torino FC,home,3,3,0,draw,1
Serie A,SA,2025,536871,2025-10-04,6,Torino FC,SS Lazio,away,3,3,0,draw,1
Serie A,SA,2025,536872,2025-10-04,6,Parma Calcio 1913,US Lecce,home,0,1,-1,loss,0
Serie A,SA,2025,536872,2025-10-04,6,US Lecce,Parma Calcio 1913,away,1,0,1,win,3
Serie A,SA,2025,536869,2025-10-04,6,FC Internazionale Milano,US Cremonese,home,4,1,3,win,3
Serie A,SA,2025,536869,2025-10-04,6,US Cremonese,FC Internazionale Milano,away,1,4,-3,loss,0
Serie A,SA,2025,536866,2025-10-04,6,Atalanta BC,Como 1907,home,1,1,0,draw,1
Serie A,SA,2025,536866,2025-10-04,6,Como 1907,Atalanta BC,away,1,1,0,draw,1
Serie A,SA,2025,536874,2025-10-05,6,Udinese Calcio,Cagliari Calcio,home,1,1,0,draw,1
Serie A,SA,2025,536874,2025-10-05,6,Cagliari Calcio,Udinese Calcio,away,1,1,0,draw,1
Serie A,SA,2025,536865,2025-10-05,6,ACF Fiorentina,AS Roma,home,1,2,-1,loss,0
Serie A,SA,2025,536865,2025-10-05,6,AS Roma,ACF Fiorentina,away,2,1,1,win,3
Serie A,SA,2025,536867,2025-10-05,6,Bologna FC 1909,AC Pisa 1909,home,4,0,4,win,3
Serie A,SA,2025,536867,2025-10-05,6,AC Pisa 1909,Bologna FC 1909,away,0,4,-4,loss,0
Serie A,SA,2025,536873,2025-10-05,6,SSC Napoli,Genoa CFC,home,2,1,1,win,3
Serie A,SA,2025,536873,2025-10-05,6,Genoa CFC,SSC Napoli,away,1,2,-1,loss,0
Serie A,SA,2025,536870,2025-10-05,6,Juventus FC,AC Milan,home,0,0,0,draw,1
Serie A,SA,2025,536870,2025-10-05,6,AC Milan,Juventus FC,away,0,0,0,draw,1
Serie A,SA,2025,536882,2025-10-18,7,AC Pisa 1909,Hellas Verona FC,home,0,0,0,draw,1
Serie A,SA,2025,536882,2025-10-18,7,Hellas Verona FC,AC Pisa 1909,away,0,0,0,draw,1
Serie A,SA,2025,536884,2025-10-18,7,US Lecce,US Sassuolo Calcio,home,0,0,0,draw,1
Serie A,SA,2025,536884,2025-10-18,7,US Sassuolo Calcio,US Lecce,away,0,0,0,draw,1
Serie A,SA,2025,536881,2025-10-18,7,Torino FC,SSC Napoli,home,1,0,1,win,3
Serie A,SA,2025,536881,2025-10-18,7,SSC Napoli,Torino FC,away,0,1,-1,loss,0
Serie A,SA,2025,536876,2025-10-18,7,AS Roma,FC Internazionale Milano,home,0,1,-1,loss,0
Serie A,SA,2025,536876,2025-10-18,7,FC Internazionale Milano,AS Roma,away,1,0,1,win,3
Serie A,SA,2025,536880,2025-10-19,7,Como 1907,Juventus FC,home,2,0,2,win,3
Serie A,SA,2025,536880,2025-10-19,7,Juventus FC,Como 1907,away,0,2,-2,loss,0
Serie A,SA,2025,536878,2025-10-19,7,Cagliari Calcio,Bologna FC 1909,home,0,2,-2,loss,0
Serie A,SA,2025,536878,2025-10-19,7,Bologna FC 1909,Cagliari Calcio,away,2,0,2,win,3
Serie A,SA,2025,536879,2025-10-19,7,Genoa CFC,Parma Calcio 1913,home,0,0,0,draw,1
Serie A,SA,2025,536879,2025-10-19,7,Parma Calcio 1913,Genoa CFC,away,0,0,0,draw,1
Serie A,SA,2025,536877,2025-10-19,7,Atalanta BC,SS Lazio,home,0,0,0,draw,1
Serie A,SA,2025,536877,2025-10-19,7,SS Lazio,Atalanta BC,away,0,0,0,draw,1
Serie A,SA,2025,536875,2025-10-19,7,AC Milan,ACF Fiorentina,home,2,1,1,win,3
Serie A,SA,2025,536875,2025-10-19,7,ACF Fiorentina,AC Milan,away,1,2,-1,loss,0
Serie A,SA,2025,536883,2025-10-20,7,US Cremonese,Udinese Calcio,home,1,1,0,draw,1
Serie A,SA,2025,536883,2025-10-20,7,Udinese Calcio,US Cremonese,away,1,1,0,draw,1
Serie A,SA,2025,536886,2025-10-24,8,AC Milan,AC Pisa 1909,home,2,2,0,draw,1
Serie A,SA,2025,536886,2025-10-24,8,AC Pisa 1909,AC Milan,away,2,2,0,draw,1
Serie A,SA,2025,536890,2025-10-25,8,Parma Calcio 1913,Como 1907,home,0,0,0,draw,1
Serie A,SA,2025,536890,2025-10-25,8,Como 1907,Parma Calcio 1913,away,0,0,0,draw,1
Serie A,SA,2025,536893,2025-10-25,8,Udinese Calcio,US Lecce,home,3,2,1,win,3
Serie A,SA,2025,536893,2025-10-25,8,US Lecce,Udinese Calcio,away,2,3,-1,loss,0
Serie A,SA,2025,536892,2025-10-25,8,SSC Napoli,FC Internazionale Milano,home,3,1,2,win,3
Serie A,SA,2025,536892,2025-10-25,8,FC Internazionale Milano,SSC Napoli,away,1,3,-2,loss,0
Serie A,SA,2025,536894,2025-10-25,8,US Cremonese,Atalanta BC,home,1,1,0,draw,1
Serie A,SA,2025,536894,2025-10-25,8,Atalanta BC,US Cremonese,away,1,1,0,draw,1
Serie A,SA,2025,536887,2025-10-26,8,Torino FC,Genoa CFC,home,2,1,1,win,3
Serie A,SA,2025,536887,2025-10-26,8,Genoa CFC,Torino FC,away,1,2,-1,loss,0
Serie A,SA,2025,536888,2025-10-26,8,Hellas Verona FC,Cagliari Calcio,home,2,2,0,draw,1
Serie A,SA,2025,536888,2025-10-26,8,Cagliari Calcio,Hellas Verona FC,away,2,2,0,draw,1
Serie A,SA,2025,536891,2025-10-26,8,US Sassuolo Calcio,AS Roma,home,0,1,-1,loss,0
Serie A,SA,2025,536891,2025-10-26,8,AS Roma,US Sassuolo Calcio,away,1,0,1,win,3
Serie A,SA,2025,536885,2025-10-26,8,ACF Fiorentina,Bologna FC 1909,home,2,2,0,draw,1
Serie A,SA,2025,536885,2025-10-26,8,Bologna FC 1909,ACF Fiorentina,away,2,2,0,draw,1
Serie A,SA,2025,536889,2025-10-26,8,SS Lazio,Juventus FC,home,1,0,1,win,3
Serie A,SA,2025,536889,2025-10-26,8,Juventus FC,SS Lazio,away,0,1,-1,loss,0
Serie A,SA,2025,536904,2025-10-28,9,US Lecce,SSC Napoli,home,0,1,-1,loss,0
Serie A,SA,2025,536904,2025-10-28,9,SSC Napoli,US Lecce,away,1,0,1,win,3
Serie A,SA,2025,536896,2025-10-28,9,Atalanta BC,AC Milan,home,1,1,0,draw,1
Serie A,SA,2025,536896,2025-10-28,9,AC Milan,Atalanta BC,away,1,1,0,draw,1
Serie A,SA,2025,536895,2025-10-29,9,AS Roma,Parma Calcio 1913,home,2,1,1,win,3
Serie A,SA,2025,536895,2025-10-29,9,Parma Calcio 1913,AS Roma,away,1,2,-1,loss,0
Serie A,SA,2025,536899,2025-10-29,9,Como 1907,Hellas Verona FC,home,3,1,2,win,3
Serie A,SA,2025,536899,2025-10-29,9,Hellas Verona FC,Como 1907,away,1,3,-2,loss,0
Serie A,SA,2025,536902,2025-10-29,9,Juventus FC,Udinese Calcio,home,3,1,2,win,3
Serie A,SA,2025,536902,2025-10-29,9,Udinese Calcio,Juventus FC,away,1,3,-2,loss,0
Serie A,SA,2025,536898,2025-10-29,9,Genoa CFC,US Cremonese,home,0,2,-2,loss,0
Serie A,SA,2025,536898,2025-10-29,9,US Cremonese,Genoa CFC,away,2,0,2,win,3
Serie A,SA,2025,536900,2025-10-29,9,Bologna FC 1909,Torino FC,home,0,0,0,draw,1
Serie A,SA,2025,536900,2025-10-29,9,Torino FC,Bologna FC 1909,away,0,0,0,draw,1
Serie A,SA,2025,536901,2025-10-29,9,FC Internazionale Milano,ACF Fiorentina,home,3,0,3,win,3
Serie A,SA,2025,536901,2025-10-29,9,ACF Fiorentina,FC Internazionale Milano,away,0,3,-3,loss,0
Serie A,SA,2025,536897,2025-10-30,9,Cagliari Calcio,US Sassuolo Calcio,home,1,2,-1,loss,0
Serie A,SA,2025,536897,2025-10-30,9,US Sassuolo Calcio,Cagliari Calcio,away,2,1,1,win,3
Serie A,SA,2025,536903,2025-10-30,9,AC Pisa 1909,SS Lazio,home,0,0,0,draw,1
Serie A,SA,2025,536903,2025-10-30,9,SS Lazio,AC Pisa 1909,away,0,0,0,draw,1
Serie A,SA,2025,536913,2025-11-01,10,Udinese Calcio,Atalanta BC,home,1,0,1,win,3
Serie A,SA,2025,536913,2025-11-01,10,Atalanta BC,Udinese Calcio,away,0,1,-1,loss,0
Serie A,SA,2025,536912,2025-11-01,10,SSC Napoli,Como 1907,home,0,0,0,draw,1
Serie A,SA,2025,536912,2025-11-01,10,Como 1907,SSC Napoli,away,0,0,0,draw,1
Serie A,SA,2025,536914,2025-11-01,10,US Cremonese,Juventus FC,home,1,2,-1,loss,0
Serie A,SA,2025,536914,2025-11-01,10,Juventus FC,US Cremonese,away,2,1,1,win,3
Serie A,SA,2025,536908,2025-11-02,10,Hellas Verona FC,FC Internazionale Milano,home,1,2,-1,loss,0
Serie A,SA,2025,536908,2025-11-02,10,FC Internazionale Milano,Hellas Verona FC,away,2,1,1,win,3
Serie A,SA,2025,536905,2025-11-02,10,ACF Fiorentina,US Lecce,home,0,1,-1,loss,0
Serie A,SA,2025,536905,2025-11-02,10,US Lecce,ACF Fiorentina,away,1,0,1,win,3
Serie A,SA,2025,536907,2025-11-02,10,Torino FC,AC Pisa 1909,home,2,2,0,draw,1
Serie A,SA,2025,536907,2025-11-02,10,AC Pisa 1909,Torino FC,away,2,2,0,draw,1
Serie A,SA,2025,536910,2025-11-02,10,Parma Calcio 1913,Bologna FC 1909,home,1,3,-2,loss,0
Serie A,SA,2025,536910,2025-11-02,10,Bologna FC 1909,Parma Calcio 1913,away,3,1,2,win,3
Serie A,SA,2025,536906,2025-11-02,10,AC Milan,AS Roma,home,1,0,1,win,3
Serie A,SA,2025,536906,2025-11-02,10,AS Roma,AC Milan,away,0,1,-1,loss,0
Serie A,SA,2025,536911,2025-11-03,10,US Sassuolo Calcio,Genoa CFC,home,1,2,-1,loss,0
Serie A,SA,2025,536911,2025-11-03,10,Genoa CFC,US Sassuolo Calcio,away,2,1,1,win,3
Serie A,SA,2025,536909,2025-11-03,10,SS Lazio,Cagliari Calcio,home,2,0,2,win,3
Serie A,SA,2025,536909,2025-11-03,10,Cagliari Calcio,SS Lazio,away,0,2,-2,loss,0
Serie A,SA,2025,536923,2025-11-07,11,AC Pisa 1909,US Cremonese,home,1,0,1,win,3
Serie A,SA,2025,536923,2025-11-07,11,US Cremonese,AC Pisa 1909,away,0,1,-1,loss,0
Serie A,SA,2025,536918,2025-11-08,11,Como 1907,Cagliari Calcio,home,0,0,0,draw,1
Serie A,SA,2025,536918,2025-11-08,11,Cagliari Calcio,Como 1907,away,0,0,0,draw,1
Serie A,SA,2025,536924,2025-11-08,11,US Lecce,Hellas Verona FC,home,0,0,0,draw,1
Serie A,SA,2025,536924,2025-11-08,11,Hellas Verona FC,US Lecce,away,0,0,0,draw,1
Serie A,SA,2025,536921,2025-11-08,11,Juventus FC,Torino FC,home,0,0,0,draw,1
Serie A,SA,2025,536921,2025-11-08,11,Torino FC,Juventus FC,away,0,0,0,draw,1
Serie A,SA,2025,536922,2025-11-08,11,Parma Calcio 1913,AC Milan,home,2,2,0,draw,1
Serie A,SA,2025,536922,2025-11-08,11,AC Milan,Parma Calcio 1913,away,2,2,0,draw,1
Serie A,SA,2025,536916,2025-11-09,11,Atalanta BC,US Sassuolo Calcio,home,0,3,-3,loss,0
Serie A,SA,2025,536916,2025-11-09,11,US Sassuolo Calcio,Atalanta BC,away,3,0,3,win,3
Serie A,SA,2025,536917,2025-11-09,11,Genoa CFC,ACF Fiorentina,home,2,2,0,draw,1
Serie A,SA,2025,536917,2025-11-09,11,ACF Fiorentina,Genoa CFC,away,2,2,0,draw,1
Serie A,SA,2025,536919,2025-11-09,11,Bologna FC 1909,SSC Napoli,home,2,0,2,win,3
Serie A,SA,2025,536919,2025-11-09,11,SSC Napoli,Bologna FC 1909,away,0,2,-2,loss,0
Serie A,SA,2025,536915,2025-11-09,11,AS Roma,Udinese Calcio,home,2,0,2,win,3
Serie A,SA,2025,536915,2025-11-09,11,Udinese Calcio,AS Roma,away,0,2,-2,loss,0
Serie A,SA,2025,536920,2025-11-09,11,FC Internazionale Milano,SS Lazio,home,2,0,2,win,3
Serie A,SA,2025,536920,2025-11-09,11,SS Lazio,FC Internazionale Milano,away,0,2,-2,loss,0
Serie A,SA,2025,536926,2025-11-22,12,Cagliari Calcio,Genoa CFC,home,3,3,0,draw,1
Serie A,SA,2025,536926,2025-11-22,12,Genoa CFC,Cagliari Calcio,away,3,3,0,draw,1
Serie A,SA,2025,536933,2025-11-22,12,Udinese Calcio,Bologna FC 1909,home,0,3,-3,loss,0
Serie A,SA,2025,536933,2025-11-22,12,Bologna FC 1909,Udinese Calcio,away,3,0,3,win,3
Serie A,SA,2025,536925,2025-11-22,12,ACF Fiorentina,Juventus FC,home,1,1,0,draw,1
Serie A,SA,2025,536925,2025-11-22,12,Juventus FC,ACF Fiorentina,away,1,1,0,draw,1
Serie A,SA,2025,536932,2025-11-22,12,SSC Napoli,Atalanta BC,home,3,1,2,win,3
Serie A,SA,2025,536932,2025-11-22,12,Atalanta BC,SSC Napoli,away,1,3,-2,loss,0
Serie A,SA,2025,536928,2025-11-23,12,Hellas Verona FC,Parma Calcio 1913,home,1,2,-1,loss,0
Serie A,SA,2025,536928,2025-11-23,12,Parma Calcio 1913,Hellas Verona FC,away,2,1,1,win,3
Serie A,SA,2025,536934,2025-11-23,12,US Cremonese,AS Roma,home,1,3,-2,loss,0
Serie A,SA,2025,536934,2025-11-23,12,AS Roma,US Cremonese,away,3,1,2,win,3
Serie A,SA,2025,536930,2025-11-23,12,SS Lazio,US Lecce,home,2,0,2,win,3
Serie A,SA,2025,536930,2025-11-23,12,US Lecce,SS Lazio,away,0,2,-2,loss,0
Serie A,SA,2025,536929,2025-11-23,12,FC Internazionale Milano,AC Milan,home,0,1,-1,loss,0
Serie A,SA,2025,536929,2025-11-23,12,AC Milan,FC Internazionale Milano,away,1,0,1,win,3
Serie A,SA,2025,536927,2025-11-24,12,Torino FC,Como 1907,home,1,5,-4,loss,0
Serie A,SA,2025,536927,2025-11-24,12,Como 1907,Torino FC,away,5,1,4,win,3
Serie A,SA,2025,536931,2025-11-24,12,US Sassuolo Calcio,AC Pisa 1909,home,2,2,0,draw,1
Serie A,SA,2025,536931,2025-11-24,12,AC Pisa 1909,US Sassuolo Calcio,away,2,2,0,draw,1
Serie A,SA,2025,536939,2025-11-28,13,Como 1907,US Sassuolo Calcio,home,2,0,2,win,3
Serie A,SA,2025,536939,2025-11-28,13,US Sassuolo Calcio,Como 1907,away,0,2,-2,loss,0
Serie A,SA,2025,536938,2025-11-29,13,Genoa CFC,Hellas Verona FC,home,2,1,1,win,3
Serie A,SA,2025,536938,2025-11-29,13,Hellas Verona FC,Genoa CFC,away,1,2,-1,loss,0
Serie A,SA,2025,536942,2025-11-29,13,Parma Calcio 1913,Udinese Calcio,home,0,2,-2,loss,0
Serie A,SA,2025,536942,2025-11-29,13,Udinese Calcio,Parma Calcio 1913,away,2,0,2,win,3
Serie A,SA,2025,536941,2025-11-29,13,Juventus FC,Cagliari Calcio,home,2,1,1,win,3
Serie A,SA,2025,536941,2025-11-29,13,Cagliari Calcio,Juventus FC,away,1,2,-1,loss,0
Serie A,SA,2025,536935,2025-11-29,13,AC Milan,SS Lazio,home,1,0,1,win,3
Serie A,SA,2025,536935,2025-11-29,13,SS Lazio,AC Milan,away,0,1,-1,loss,0
Serie A,SA,2025,536944,2025-11-30,13,US Lecce,Torino FC,home,2,1,1,win,3
Serie A,SA,2025,536944,2025-11-30,13,Torino FC,US Lecce,away,1,2,-1,loss,0
Serie A,SA,2025,536943,2025-11-30,13,AC Pisa 1909,FC Internazionale Milano,home,0,2,-2,loss,0
Serie A,SA,2025,536943,2025-11-30,13,FC Internazionale Milano,AC Pisa 1909,away,2,0,2,win,3
Serie A,SA,2025,536937,2025-11-30,13,Atalanta BC,ACF Fiorentina,home,2,0,2,win,3
Serie A,SA,2025,536937,2025-11-30,13,ACF Fiorentina,Atalanta BC,away,0,2,-2,loss,0
Serie A,SA,2025,536936,2025-11-30,13,AS Roma,SSC Napoli,home,0,1,-1,loss,0
Serie A,SA,2025,536936,2025-11-30,13,SSC Napoli,AS Roma,away,1,0,1,win,3
Serie A,SA,2025,536940,2025-12-01,13,Bologna FC 1909,US Cremonese,home,1,3,-2,loss,0
Serie A,SA,2025,536940,2025-12-01,13,US Cremonese,Bologna FC 1909,away,3,1,2,win,3
Serie A,SA,2025,536951,2025-12-06,14,US Sassuolo Calcio,ACF Fiorentina,home,3,1,2,win,3
Serie A,SA,2025,536951,2025-12-06,14,ACF Fiorentina,US Sassuolo Calcio,away,1,3,-2,loss,0
Serie A,SA,2025,536948,2025-12-06,14,FC Internazionale Milano,Como 1907,home,4,0,4,win,3
Serie A,SA,2025,536948,2025-12-06,14,Como 1907,FC Internazionale Milano,away,0,4,-4,loss,0
Serie A,SA,2025,536947,2025-12-06,14,Hellas Verona FC,Atalanta BC,home,3,1,2,win,3
Serie A,SA,2025,536947,2025-12-06,14,Atalanta BC,Hellas Verona FC,away,1,3,-2,loss,0
Serie A,SA,2025,536954,2025-12-07,14,US Cremonese,US Lecce,home,2,0,2,win,3
Serie A,SA,2025,536954,2025-12-07,14,US Lecce,US Cremonese,away,0,2,-2,loss,0
Serie A,SA,2025,536945,2025-12-07,14,Cagliari Calcio,AS Roma,home,1,0,1,win,3
Serie A,SA,2025,536945,2025-12-07,14,AS Roma,Cagliari Calcio,away,0,1,-1,loss,0
Serie A,SA,2025,536949,2025-12-07,14,SS Lazio,Bologna FC 1909,home,1,1,0,draw,1
Serie A,SA,2025,536949,2025-12-07,14,Bologna FC 1909,SS Lazio,away,1,1,0,draw,1
Serie A,SA,2025,536952,2025-12-07,14,SSC Napoli,Juventus FC,home,2,1,1,win,3
Serie A,SA,2025,536952,2025-12-07,14,Juventus FC,SSC Napoli,away,1,2,-1,loss,0
Serie A,SA,2025,536950,2025-12-08,14,AC Pisa 1909,Parma Calcio 1913,home,0,1,-1,loss,0
Serie A,SA,2025,536950,2025-12-08,14,Parma Calcio 1913,AC Pisa 1909,away,1,0,1,win,3
Serie A,SA,2025,536953,2025-12-08,14,Udinese Calcio,Genoa CFC,home,1,2,-1,loss,0
Serie A,SA,2025,536953,2025-12-08,14,Genoa CFC,Udinese Calcio,away,2,1,1,win,3
Serie A,SA,2025,536946,2025-12-08,14,Torino FC,AC Milan,home,2,3,-1,loss,0
Serie A,SA,2025,536946,2025-12-08,14,AC Milan,Torino FC,away,3,2,1,win,3
Serie A,SA,2025,536964,2025-12-12,15,US Lecce,AC Pisa 1909,home,1,0,1,win,3
Serie A,SA,2025,536964,2025-12-12,15,AC Pisa 1909,US Lecce,away,0,1,-1,loss,0
Serie A,SA,2025,536961,2025-12-13,15,Torino FC,US Cremonese,home,1,0,1,win,3
Serie A,SA,2025,536961,2025-12-13,15,US Cremonese,Torino FC,away,0,1,-1,loss,0
Serie A,SA,2025,536962,2025-12-13,15,Parma Calcio 1913,SS Lazio,home,0,1,-1,loss,0
Serie A,SA,2025,536962,2025-12-13,15,SS Lazio,Parma Calcio 1913,away,1,0,1,win,3
Serie A,SA,2025,536958,2025-12-13,15,Atalanta BC,Cagliari Calcio,home,2,1,1,win,3
Serie A,SA,2025,536958,2025-12-13,15,Cagliari Calcio,Atalanta BC,away,1,2,-1,loss,0
Serie A,SA,2025,536956,2025-12-14,15,AC Milan,US Sassuolo Calcio,home,2,2,0,draw,1
Serie A,SA,2025,536956,2025-12-14,15,US Sassuolo Calcio,AC Milan,away,2,2,0,draw,1
Serie A,SA,2025,536955,2025-12-14,15,ACF Fiorentina,Hellas Verona FC,home,1,2,-1,loss,0
Serie A,SA,2025,536955,2025-12-14,15,Hellas Verona FC,ACF Fiorentina,away,2,1,1,win,3
Serie A,SA,2025,536963,2025-12-14,15,Udinese Calcio,SSC Napoli,home,1,0,1,win,3
Serie A,SA,2025,536963,2025-12-14,15,SSC Napoli,Udinese Calcio,away,0,1,-1,loss,0
Serie A,SA,2025,536959,2025-12-14,15,Genoa CFC,FC Internazionale Milano,home,1,2,-1,loss,0
Serie A,SA,2025,536959,2025-12-14,15,FC Internazionale Milano,Genoa CFC,away,2,1,1,win,3
Serie A,SA,2025,536960,2025-12-14,15,Bologna FC 1909,Juventus FC,home,0,1,-1,loss,0
Serie A,SA,2025,536960,2025-12-14,15,Juventus FC,Bologna FC 1909,away,1,0,1,win,3
Serie A,SA,2025,536957,2025-12-15,15,AS Roma,Como 1907,home,1,0,1,win,3
Serie A,SA,2025,536957,2025-12-15,15,Como 1907,AS Roma,away,0,1,-1,loss,0
Serie A,SA,2025,536972,2025-12-20,16,SS Lazio,US Cremonese,home,0,0,0,draw,1
Serie A,SA,2025,536972,2025-12-20,16,US Cremonese,SS Lazio,away,0,0,0,draw,1
Serie A,SA,2025,536971,2025-12-20,16,Juventus FC,AS Roma,home,2,1,1,win,3
Serie A,SA,2025,536971,2025-12-20,16,AS Roma,Juventus FC,away,1,2,-1,loss,0
Serie A,SA,2025,536966,2025-12-21,16,Cagliari Calcio,AC Pisa 1909,home,2,2,0,draw,1
Serie A,SA,2025,536966,2025-12-21,16,AC Pisa 1909,Cagliari Calcio,away,2,2,0,draw,1
Serie A,SA,2025,536973,2025-12-21,16,US Sassuolo Calcio,Torino FC,home,0,1,-1,loss,0
Serie A,SA,2025,536973,2025-12-21,16,Torino FC,US Sassuolo Calcio,away,1,0,1,win,3
Serie A,SA,2025,536965,2025-12-21,16,ACF Fiorentina,Udinese Calcio,home,5,1,4,win,3
Serie A,SA,2025,536965,2025-12-21,16,Udinese Calcio,ACF Fiorentina,away,1,5,-4,loss,0
Serie A,SA,2025,536967,2025-12-21,16,Genoa CFC,Atalanta BC,home,0,1,-1,loss,0
Serie A,SA,2025,536967,2025-12-21,16,Atalanta BC,Genoa CFC,away,1,0,1,win,3
Serie A,SA,2025,536980,2025-12-27,17,Parma Calcio 1913,ACF Fiorentina,home,1,0,1,win,3
Serie A,SA,2025,536980,2025-12-27,17,ACF Fiorentina,Parma Calcio 1913,away,0,1,-1,loss,0
Serie A,SA,2025,536979,2025-12-27,17,Torino FC,Cagliari Calcio,home,1,2,-1,loss,0
Serie A,SA,2025,536979,2025-12-27,17,Cagliari Calcio,Torino FC,away,2,1,1,win,3
Serie A,SA,2025,536984,2025-12-27,17,US Lecce,Como 1907,home,0,3,-3,loss,0
Serie A,SA,2025,536984,2025-12-27,17,Como 1907,US Lecce,away,3,0,3,win,3
Serie A,SA,2025,536982,2025-12-27,17,Udinese Calcio,SS Lazio,home,1,1,0,draw,1
Serie A,SA,2025,536982,2025-12-27,17,SS Lazio,Udinese Calcio,away,1,1,0,draw,1
Serie A,SA,2025,536981,2025-12-27,17,AC Pisa 1909,Juventus FC,home,0,2,-2,loss,0
Serie A,SA,2025,536981,2025-12-27,17,Juventus FC,AC Pisa 1909,away,2,0,2,win,3
Serie A,SA,2025,536975,2025-12-28,17,AC Milan,Hellas Verona FC,home,3,0,3,win,3
Serie A,SA,2025,536975,2025-12-28,17,Hellas Verona FC,AC Milan,away,0,3,-3,loss,0
Serie A,SA,2025,536983,2025-12-28,17,US Cremonese,SSC Napoli,home,0,2,-2,loss,0
Serie A,SA,2025,536983,2025-12-28,17,SSC Napoli,US Cremonese,away,2,0,2,win,3
Serie A,SA,2025,536978,2025-12-28,17,Bologna FC 1909,US Sassuolo Calcio,home,1,1,0,draw,1
Serie A,SA,2025,536978,2025-12-28,17,US Sassuolo Calcio,Bologna FC 1909,away,1,1,0,draw,1
Serie A,SA,2025,536977,2025-12-28,17,Atalanta BC,FC Internazionale Milano,home,0,1,-1,loss,0
Serie A,SA,2025,536977,2025-12-28,17,FC Internazionale Milano,Atalanta BC,away,1,0,1,win,3
Serie A,SA,2025,536976,2025-12-29,17,AS Roma,Genoa CFC,home,3,1,2,win,3
Serie A,SA,2025,536976,2025-12-29,17,Genoa CFC,AS Roma,away,1,3,-2,loss,0
Serie A,SA,2025,536987,2026-01-02,18,Cagliari Calcio,AC Milan,home,0,1,-1,loss,0
Serie A,SA,2025,536987,2026-01-02,18,AC Milan,Cagliari Calcio,away,1,0,1,win,3
Serie A,SA,2025,536989,2026-01-03,18,Como 1907,Udinese Calcio,home,1,0,1,win,3
Serie A,SA,2025,536989,2026-01-03,18,Udinese Calcio,Como 1907,away,0,1,-1,loss,0
Serie A,SA,2025,536988,2026-01-03,18,Genoa CFC,AC Pisa 1909,home,1,1,0,draw,1
Serie A,SA,2025,536988,2026-01-03,18,AC Pisa 1909,Genoa CFC,away,1,1,0,draw,1
Serie A,SA,2025,536994,2026-01-03,18,US Sassuolo Calcio,Parma Calcio 1913,home,1,1,0,draw,1
Serie A,SA,2025,536994,2026-01-03,18,Parma Calcio 1913,US Sassuolo Calcio,away,1,1,0,draw,1
Serie A,SA,2025,536992,2026-01-03,18,Juventus FC,US Lecce,home,1,1,0,draw,1
Serie A,SA,2025,536992,2026-01-03,18,US Lecce,Juventus FC,away,1,1,0,draw,1
Serie A,SA,2025,536986,2026-01-03,18,Atalanta BC,AS Roma,home,1,0,1,win,3
Serie A,SA,2025,536986,2026-01-03,18,AS Roma,Atalanta BC,away,0,1,-1,loss,0
Serie A,SA,2025,536993,2026-01-04,18,SS Lazio,SSC Napoli,home,0,2,-2,loss,0
Serie A,SA,2025,536993,2026-01-04,18,SSC Napoli,SS Lazio,away,2,0,2,win,3
Serie A,SA,2025,536985,2026-01-04,18,ACF Fiorentina,US Cremonese,home,1,0,1,win,3
Serie A,SA,2025,536985,2026-01-04,18,US Cremonese,ACF Fiorentina,away,0,1,-1,loss,0
Serie A,SA,2025,536990,2026-01-04,18,Hellas Verona FC,Torino FC,home,0,3,-3,loss,0
Serie A,SA,2025,536990,2026-01-04,18,Torino FC,Hellas Verona FC,away,3,0,3,win,3
Serie A,SA,2025,536991,2026-01-04,18,FC Internazionale Milano,Bologna FC 1909,home,3,1,2,win,3
Serie A,SA,2025,536991,2026-01-04,18,Bologna FC 1909,FC Internazionale Milano,away,1,3,-2,loss,0
Serie A,SA,2025,537000,2026-01-06,19,AC Pisa 1909,Como 1907,home,0,3,-3,loss,0
Serie A,SA,2025,537000,2026-01-06,19,Como 1907,AC Pisa 1909,away,3,0,3,win,3
Serie A,SA,2025,537004,2026-01-06,19,US Lecce,AS Roma,home,0,2,-2,loss,0
Serie A,SA,2025,537004,2026-01-06,19,AS Roma,US Lecce,away,2,0,2,win,3
Serie A,SA,2025,537001,2026-01-06,19,US Sassuolo Calcio,Juventus FC,home,0,3,-3,loss,0
Serie A,SA,2025,537001,2026-01-06,19,Juventus FC,US Sassuolo Calcio,away,3,0,3,win,3
Serie A,SA,2025,536996,2026-01-07,19,Bologna FC 1909,Atalanta BC,home,0,2,-2,loss,0
Serie A,SA,2025,536996,2026-01-07,19,Atalanta BC,Bologna FC 1909,away,2,0,2,win,3
Serie A,SA,2025,537002,2026-01-07,19,SSC Napoli,Hellas Verona FC,home,2,2,0,draw,1
Serie A,SA,2025,537002,2026-01-07,19,Hellas Verona FC,SSC Napoli,away,2,2,0,draw,1
Serie A,SA,2025,536997,2026-01-07,19,Torino FC,Udinese Calcio,home,1,2,-1,loss,0
Serie A,SA,2025,536997,2026-01-07,19,Udinese Calcio,Torino FC,away,2,1,1,win,3
Serie A,SA,2025,536998,2026-01-07,19,SS Lazio,ACF Fiorentina,home,2,2,0,draw,1
Serie A,SA,2025,536998,2026-01-07,19,ACF Fiorentina,SS Lazio,away,2,2,0,draw,1
Serie A,SA,2025,536999,2026-01-07,19,Parma Calcio 1913,FC Internazionale Milano,home,0,2,-2,loss,0
Serie A,SA,2025,536999,2026-01-07,19,FC Internazionale Milano,Parma Calcio 1913,away,2,0,2,win,3
Serie A,SA,2025,537003,2026-01-08,19,US Cremonese,Cagliari Calcio,home,2,2,0,draw,1
Serie A,SA,2025,537003,2026-01-08,19,Cagliari Calcio,US Cremonese,away,2,2,0,draw,1
Serie A,SA,2025,536995,2026-01-08,19,AC Milan,Genoa CFC,home,1,1,0,draw,1
Serie A,SA,2025,536995,2026-01-08,19,Genoa CFC,AC Milan,away,1,1,0,draw,1
Serie A,SA,2025,537009,2026-01-10,20,Como 1907,Bologna FC 1909,home,1,1,0,draw,1
Serie A,SA,2025,537009,2026-01-10,20,Bologna FC 1909,Como 1907,away,1,1,0,draw,1
Serie A,SA,2025,537013,2026-01-10,20,Udinese Calcio,AC Pisa 1909,home,2,2,0,draw,1
Serie A,SA,2025,537013,2026-01-10,20,AC Pisa 1909,Udinese Calcio,away,2,2,0,draw,1
Serie A,SA,2025,537006,2026-01-10,20,AS Roma,US Sassuolo Calcio,home,2,0,2,win,3
Serie A,SA,2025,537006,2026-01-10,20,US Sassuolo Calcio,AS Roma,away,0,2,-2,loss,0
Serie A,SA,2025,537007,2026-01-10,20,Atalanta BC,Torino FC,home,2,0,2,win,3
Serie A,SA,2025,537007,2026-01-10,20,Torino FC,Atalanta BC,away,0,2,-2,loss,0
Serie A,SA,2025,537014,2026-01-11,20,US Lecce,Parma Calcio 1913,home,1,2,-1,loss,0
Serie A,SA,2025,537014,2026-01-11,20,Parma Calcio 1913,US Lecce,away,2,1,1,win,3
Serie A,SA,2025,537005,2026-01-11,20,ACF Fiorentina,AC Milan,home,1,1,0,draw,1
Serie A,SA,2025,537005,2026-01-11,20,AC Milan,ACF Fiorentina,away,1,1,0,draw,1
Serie A,SA,2025,537010,2026-01-11,20,Hellas Verona FC,SS Lazio,home,0,1,-1,loss,0
Serie A,SA,2025,537010,2026-01-11,20,SS Lazio,Hellas Verona FC,away,1,0,1,win,3
Serie A,SA,2025,537011,2026-01-11,20,FC Internazionale Milano,SSC Napoli,home,2,2,0,draw,1
Serie A,SA,2025,537011,2026-01-11,20,SSC Napoli,FC Internazionale Milano,away,2,2,0,draw,1
Serie A,SA,2025,537008,2026-01-12,20,Genoa CFC,Cagliari Calcio,home,3,0,3,win,3
Serie A,SA,2025,537008,2026-01-12,20,Cagliari Calcio,Genoa CFC,away,0,3,-3,loss,0
Serie A,SA,2025,537012,2026-01-12,20,Juventus FC,US Cremonese,home,5,0,5,win,3
Serie A,SA,2025,537012,2026-01-12,20,US Cremonese,Juventus FC,away,0,5,-5,loss,0
Serie A,SA,2025,536974,2026-01-14,16,SSC Napoli,Parma Calcio 1913,home,0,0,0,draw,1
Serie A,SA,2025,536974,2026-01-14,16,Parma Calcio 1913,SSC Napoli,away,0,0,0,draw,1
Serie A,SA,2025,536970,2026-01-14,16,FC Internazionale Milano,US Lecce,home,1,0,1,win,3
Serie A,SA,2025,536970,2026-01-14,16,US Lecce,FC Internazionale Milano,away,0,1,-1,loss,0
Serie A,SA,2025,536969,2026-01-15,16,Hellas Verona FC,Bologna FC 1909,home,2,3,-1,loss,0
Serie A,SA,2025,536969,2026-01-15,16,Bologna FC 1909,Hellas Verona FC,away,3,2,1,win,3
Serie A,SA,2025,536968,2026-01-15,16,Como 1907,AC Milan,home,1,3,-2,loss,0
Serie A,SA,2025,536968,2026-01-15,16,AC Milan,Como 1907,away,3,1,2,win,3
Serie A,SA,2025,537021,2026-01-16,21,AC Pisa 1909,Atalanta BC,home,1,1,0,draw,1
Serie A,SA,2025,537021,2026-01-16,21,Atalanta BC,AC Pisa 1909,away,1,1,0,draw,1
Serie A,SA,2025,537023,2026-01-17,21,Udinese Calcio,FC Internazionale Milano,home,0,1,-1,loss,0
Serie A,SA,2025,537023,2026-01-17,21,FC Internazionale Milano,Udinese Calcio,away,1,0,1,win,3
Serie A,SA,2025,537022,2026-01-17,21,SSC Napoli,US Sassuolo Calcio,home,1,0,1,win,3
Serie A,SA,2025,537022,2026-01-17,21,US Sassuolo Calcio,SSC Napoli,away,0,1,-1,loss,0
Serie A,SA,2025,537016,2026-01-17,21,Cagliari Calcio,Juventus FC,home,1,0,1,win,3
Serie A,SA,2025,537016,2026-01-17,21,Juventus FC,Cagliari Calcio,away,0,1,-1,loss,0
Serie A,SA,2025,537020,2026-01-18,21,Parma Calcio 1913,Genoa CFC,home,0,0,0,draw,1
Serie A,SA,2025,537020,2026-01-18,21,Genoa CFC,Parma Calcio 1913,away,0,0,0,draw,1
Serie A,SA,2025,537017,2026-01-18,21,Bologna FC 1909,ACF Fiorentina,home,1,2,-1,loss,0
Serie A,SA,2025,537017,2026-01-18,21,ACF Fiorentina,Bologna FC 1909,away,2,1,1,win,3
Serie A,SA,2025,537018,2026-01-18,21,Torino FC,AS Roma,home,0,2,-2,loss,0
Serie A,SA,2025,537018,2026-01-18,21,AS Roma,Torino FC,away,2,0,2,win,3
Serie A,SA,2025,537015,2026-01-18,21,AC Milan,US Lecce,home,1,0,1,win,3
Serie A,SA,2025,537015,2026-01-18,21,US Lecce,AC Milan,away,0,1,-1,loss,0
Serie A,SA,2025,537024,2026-01-19,21,US Cremonese,Hellas Verona FC,home,0,0,0,draw,1
Serie A,SA,2025,537024,2026-01-19,21,Hellas Verona FC,US Cremonese,away,0,0,0,draw,1
Serie A,SA,2025,537019,2026-01-19,21,SS Lazio,Como 1907,home,0,3,-3,loss,0
Serie A,SA,2025,537019,2026-01-19,21,Como 1907,SS Lazio,away,3,0,3,win,3
Serie A,SA,2025,537031,2026-01-23,22,FC Internazionale Milano,AC Pisa 1909,home,6,2,4,win,3
Serie A,SA,2025,537031,2026-01-23,22,AC Pisa 1909,FC Internazionale Milano,away,2,6,-4,loss,0
Serie A,SA,2025,537029,2026-01-24,22,Como 1907,Torino FC,home,6,0,6,win,3
Serie A,SA,2025,537029,2026-01-24,22,Torino FC,Como 1907,away,0,6,-6,loss,0
Serie A,SA,2025,537025,2026-01-24,22,ACF Fiorentina,Cagliari Calcio,home,1,2,-1,loss,0
Serie A,SA,2025,537025,2026-01-24,22,Cagliari Calcio,ACF Fiorentina,away,2,1,1,win,3
Serie A,SA,2025,537034,2026-01-24,22,US Lecce,SS Lazio,home,0,0,0,draw,1
Serie A,SA,2025,537034,2026-01-24,22,SS Lazio,US Lecce,away,0,0,0,draw,1
Serie A,SA,2025,537033,2026-01-25,22,US Sassuolo Calcio,US Cremonese,home,1,0,1,win,3
Serie A,SA,2025,537033,2026-01-25,22,US Cremonese,US Sassuolo Calcio,away,0,1,-1,loss,0
Serie A,SA,2025,537027,2026-01-25,22,Atalanta BC,Parma Calcio 1913,home,4,0,4,win,3
Serie A,SA,2025,537027,2026-01-25,22,Parma Calcio 1913,Atalanta BC,away,0,4,-4,loss,0
Serie A,SA,2025,537028,2026-01-25,22,Genoa CFC,Bologna FC 1909,home,3,2,1,win,3
Serie A,SA,2025,537028,2026-01-25,22,Bologna FC 1909,Genoa CFC,away,2,3,-1,loss,0
Serie A,SA,2025,537032,2026-01-25,22,Juventus FC,SSC Napoli,home,3,0,3,win,3
Serie A,SA,2025,537032,2026-01-25,22,SSC Napoli,Juventus FC,away,0,3,-3,loss,0
Serie A,SA,2025,537026,2026-01-25,22,AS Roma,AC Milan,home,1,1,0,draw,1
Serie A,SA,2025,537026,2026-01-25,22,AC Milan,AS Roma,away,1,1,0,draw,1
Serie A,SA,2025,537030,2026-01-26,22,Hellas Verona FC,Udinese Calcio,home,1,3,-2,loss,0
Serie A,SA,2025,537030,2026-01-26,22,Udinese Calcio,Hellas Verona FC,away,3,1,2,win,3
Serie A,SA,2025,537039,2026-01-30,23,SS Lazio,Genoa CFC,home,3,2,1,win,3
Serie A,SA,2025,537039,2026-01-30,23,Genoa CFC,SS Lazio,away,2,3,-1,loss,0
Serie A,SA,2025,537041,2026-01-31,23,AC Pisa 1909,US Sassuolo Calcio,home,1,3,-2,loss,0
Serie A,SA,2025,537041,2026-01-31,23,US Sassuolo Calcio,AC Pisa 1909,away,3,1,2,win,3
Serie A,SA,2025,537042,2026-01-31,23,SSC Napoli,ACF Fiorentina,home,2,1,1,win,3
Serie A,SA,2025,537042,2026-01-31,23,ACF Fiorentina,SSC Napoli,away,1,2,-1,loss,0
Serie A,SA,2025,537035,2026-01-31,23,Cagliari Calcio,Hellas Verona FC,home,4,0,4,win,3
Serie A,SA,2025,537035,2026-01-31,23,Hellas Verona FC,Cagliari Calcio,away,0,4,-4,loss,0
Serie A,SA,2025,537038,2026-02-01,23,Torino FC,US Lecce,home,1,0,1,win,3
Serie A,SA,2025,537038,2026-02-01,23,US Lecce,Torino FC,away,0,1,-1,loss,0
Serie A,SA,2025,537036,2026-02-01,23,Como 1907,Atalanta BC,home,0,0,0,draw,1
Serie A,SA,2025,537036,2026-02-01,23,Atalanta BC,Como 1907,away,0,0,0,draw,1
Serie A,SA,2025,537044,2026-02-01,23,US Cremonese,FC Internazionale Milano,home,0,2,-2,loss,0
Serie A,SA,2025,537044,2026-02-01,23,FC Internazionale Milano,US Cremonese,away,2,0,2,win,3
Serie A,SA,2025,537040,2026-02-01,23,Parma Calcio 1913,Juventus FC,home,1,4,-3,loss,0
Serie A,SA,2025,537040,2026-02-01,23,Juventus FC,Parma Calcio 1913,away,4,1,3,win,3
Serie A,SA,2025,537043,2026-02-02,23,Udinese Calcio,AS Roma,home,1,0,1,win,3
Serie A,SA,2025,537043,2026-02-02,23,AS Roma,Udinese Calcio,away,0,1,-1,loss,0
Serie A,SA,2025,537037,2026-02-03,23,Bologna FC 1909,AC Milan,home,0,3,-3,loss,0
Serie A,SA,2025,537037,2026-02-03,23,AC Milan,Bologna FC 1909,away,3,0,3,win,3
Serie A,SA,2025,537051,2026-02-06,24,Hellas Verona FC,AC Pisa 1909,home,0,0,0,draw,1
Serie A,SA,2025,537051,2026-02-06,24,AC Pisa 1909,Hellas Verona FC,away,0,0,0,draw,1
Serie A,SA,2025,537049,2026-02-07,24,Genoa CFC,SSC Napoli,home,2,3,-1,loss,0
Serie A,SA,2025,537049,2026-02-07,24,SSC Napoli,Genoa CFC,away,3,2,1,win,3
Serie A,SA,2025,537045,2026-02-07,24,ACF Fiorentina,Torino FC,home,2,2,0,draw,1
Serie A,SA,2025,537045,2026-02-07,24,Torino FC,ACF Fiorentina,away,2,2,0,draw,1
Serie A,SA,2025,537050,2026-02-08,24,Bologna FC 1909,Parma Calcio 1913,home,0,1,-1,loss,0
Serie A,SA,2025,537050,2026-02-08,24,Parma Calcio 1913,Bologna FC 1909,away,1,0,1,win,3
Serie A,SA,2025,537054,2026-02-08,24,US Lecce,Udinese Calcio,home,2,1,1,win,3
Serie A,SA,2025,537054,2026-02-08,24,Udinese Calcio,US Lecce,away,1,2,-1,loss,0
Serie A,SA,2025,537053,2026-02-08,24,US Sassuolo Calcio,FC Internazionale Milano,home,0,5,-5,loss,0
Serie A,SA,2025,537053,2026-02-08,24,FC Internazionale Milano,US Sassuolo Calcio,away,5,0,5,win,3
Serie A,SA,2025,537052,2026-02-08,24,Juventus FC,SS Lazio,home,2,2,0,draw,1
Serie A,SA,2025,537052,2026-02-08,24,SS Lazio,Juventus FC,away,2,2,0,draw,1
Serie A,SA,2025,537048,2026-02-09,24,Atalanta BC,US Cremonese,home,2,1,1,win,3
Serie A,SA,2025,537048,2026-02-09,24,US Cremonese,Atalanta BC,away,1,2,-1,loss,0
Serie A,SA,2025,537047,2026-02-09,24,AS Roma,Cagliari Calcio,home,2,0,2,win,3
Serie A,SA,2025,537047,2026-02-09,24,Cagliari Calcio,AS Roma,away,0,2,-2,loss,0
Serie A,SA,2025,537061,2026-02-13,25,AC Pisa 1909,AC Milan,home,1,2,-1,loss,0
Serie A,SA,2025,537061,2026-02-13,25,AC Milan,AC Pisa 1909,away,2,1,1,win,3
Serie A,SA,2025,537056,2026-02-14,25,Como 1907,ACF Fiorentina,home,1,2,-1,loss,0
Serie A,SA,2025,537056,2026-02-14,25,ACF Fiorentina,Como 1907,away,2,1,1,win,3
Serie A,SA,2025,537059,2026-02-14,25,SS Lazio,Atalanta BC,home,0,2,-2,loss,0
Serie A,SA,2025,537059,2026-02-14,25,Atalanta BC,SS Lazio,away,2,0,2,win,3
Serie A,SA,2025,537058,2026-02-14,25,FC Internazionale Milano,Juventus FC,home,3,2,1,win,3
Serie A,SA,2025,537058,2026-02-14,25,Juventus FC,FC Internazionale Milano,away,2,3,-1,loss,0
Serie A,SA,2025,537063,2026-02-15,25,Udinese Calcio,US Sassuolo Calcio,home,1,2,-1,loss,0
Serie A,SA,2025,537063,2026-02-15,25,US Sassuolo Calcio,Udinese Calcio,away,2,1,1,win,3
Serie A,SA,2025,537060,2026-02-15,25,Parma Calcio 1913,Hellas Verona FC,home,2,1,1,win,3
Serie A,SA,2025,537060,2026-02-15,25,Hellas Verona FC,Parma Calcio 1913,away,1,2,-1,loss,0
Serie A,SA,2025,537064,2026-02-15,25,US Cremonese,Genoa CFC,home,0,0,0,draw,1
Serie A,SA,2025,537064,2026-02-15,25,Genoa CFC,US Cremonese,away,0,0,0,draw,1
Serie A,SA,2025,537057,2026-02-15,25,Torino FC,Bologna FC 1909,home,1,2,-1,loss,0
Serie A,SA,2025,537057,2026-02-15,25,Bologna FC 1909,Torino FC,away,2,1,1,win,3
Serie A,SA,2025,537062,2026-02-15,25,SSC Napoli,AS Roma,home,2,2,0,draw,1
Serie A,SA,2025,537062,2026-02-15,25,AS Roma,SSC Napoli,away,2,2,0,draw,1
Serie A,SA,2025,537055,2026-02-16,25,Cagliari Calcio,US Lecce,home,0,2,-2,loss,0
Serie A,SA,2025,537055,2026-02-16,25,US Lecce,Cagliari Calcio,away,2,0,2,win,3
Serie A,SA,2025,537046,2026-02-18,24,AC Milan,Como 1907,home,1,1,0,draw,1
Serie A,SA,2025,537046,2026-02-18,24,Como 1907,AC Milan,away,1,1,0,draw,1
Serie A,SA,2025,537073,2026-02-20,26,US Sassuolo Calcio,Hellas Verona FC,home,3,0,3,win,3
Serie A,SA,2025,537073,2026-02-20,26,Hellas Verona FC,US Sassuolo Calcio,away,0,3,-3,loss,0
Serie A,SA,2025,537072,2026-02-21,26,Juventus FC,Como 1907,home,0,2,-2,loss,0
Serie A,SA,2025,537072,2026-02-21,26,Como 1907,Juventus FC,away,2,0,2,win,3
Serie A,SA,2025,537074,2026-02-21,26,US Lecce,FC Internazionale Milano,home,0,2,-2,loss,0
Serie A,SA,2025,537074,2026-02-21,26,FC Internazionale Milano,US Lecce,away,2,0,2,win,3
Serie A,SA,2025,537069,2026-02-21,26,Cagliari Calcio,SS Lazio,home,0,0,0,draw,1
Serie A,SA,2025,537069,2026-02-21,26,SS Lazio,Cagliari Calcio,away,0,0,0,draw,1
Serie A,SA,2025,537070,2026-02-22,26,Genoa CFC,Torino FC,home,3,0,3,win,3
Serie A,SA,2025,537070,2026-02-22,26,Torino FC,Genoa CFC,away,0,3,-3,loss,0
Serie A,SA,2025,537068,2026-02-22,26,Atalanta BC,SSC Napoli,home,2,1,1,win,3
Serie A,SA,2025,537068,2026-02-22,26,SSC Napoli,Atalanta BC,away,1,2,-1,loss,0
Serie A,SA,2025,537066,2026-02-22,26,AC Milan,Parma Calcio 1913,home,0,1,-1,loss,0
Serie A,SA,2025,537066,2026-02-22,26,Parma Calcio 1913,AC Milan,away,1,0,1,win,3
Serie A,SA,2025,537067,2026-02-22,26,AS Roma,US Cremonese,home,3,0,3,win,3
Serie A,SA,2025,537067,2026-02-22,26,US Cremonese,AS Roma,away,0,3,-3,loss,0
Serie A,SA,2025,537065,2026-02-23,26,ACF Fiorentina,AC Pisa 1909,home,1,0,1,win,3
Serie A,SA,2025,537065,2026-02-23,26,AC Pisa 1909,ACF Fiorentina,away,0,1,-1,loss,0
Serie A,SA,2025,537071,2026-02-23,26,Bologna FC 1909,Udinese Calcio,home,1,0,1,win,3
Serie A,SA,2025,537071,2026-02-23,26,Udinese Calcio,Bologna FC 1909,away,0,1,-1,loss,0
Serie A,SA,2025,537080,2026-02-27,27,Parma Calcio 1913,Cagliari Calcio,home,1,1,0,draw,1
Serie A,SA,2025,537080,2026-02-27,27,Cagliari Calcio,Parma Calcio 1913,away,1,1,0,draw,1
Serie A,SA,2025,537076,2026-02-28,27,Como 1907,US Lecce,home,3,1,2,win,3
Serie A,SA,2025,537076,2026-02-28,27,US Lecce,Como 1907,away,1,3,-2,loss,0
Serie A,SA,2025,537078,2026-02-28,27,Hellas Verona FC,SSC Napoli,home,1,2,-1,loss,0
Serie A,SA,2025,537078,2026-02-28,27,SSC Napoli,Hellas Verona FC,away,2,1,1,win,3
Serie A,SA,2025,537079,2026-02-28,27,FC Internazionale Milano,Genoa CFC,home,2,0,2,win,3
Serie A,SA,2025,537079,2026-02-28,27,Genoa CFC,FC Internazionale Milano,away,0,2,-2,loss,0
Serie A,SA,2025,537084,2026-03-01,27,US Cremonese,AC Milan,home,0,2,-2,loss,0
Serie A,SA,2025,537084,2026-03-01,27,AC Milan,US Cremonese,away,2,0,2,win,3
Serie A,SA,2025,537082,2026-03-01,27,US Sassuolo Calcio,Atalanta BC,home,2,1,1,win,3
Serie A,SA,2025,537082,2026-03-01,27,Atalanta BC,US Sassuolo Calcio,away,1,2,-1,loss,0
Serie A,SA,2025,537077,2026-03-01,27,Torino FC,SS Lazio,home,2,0,2,win,3
Serie A,SA,2025,537077,2026-03-01,27,SS Lazio,Torino FC,away,0,2,-2,loss,0
Serie A,SA,2025,537075,2026-03-01,27,AS Roma,Juventus FC,home,3,3,0,draw,1
Serie A,SA,2025,537075,2026-03-01,27,Juventus FC,AS Roma,away,3,3,0,draw,1
Serie A,SA,2025,537081,2026-03-02,27,AC Pisa 1909,Bologna FC 1909,home,0,1,-1,loss,0
Serie A,SA,2025,537081,2026-03-02,27,Bologna FC 1909,AC Pisa 1909,away,1,0,1,win,3
Serie A,SA,2025,537083,2026-03-02,27,Udinese Calcio,ACF Fiorentina,home,3,0,3,win,3
Serie A,SA,2025,537083,2026-03-02,27,ACF Fiorentina,Udinese Calcio,away,0,3,-3,loss,0
Serie A,SA,2025,537093,2026-03-06,28,SSC Napoli,Torino FC,home,2,1,1,win,3
Serie A,SA,2025,537093,2026-03-06,28,Torino FC,SSC Napoli,away,1,2,-1,loss,0
Serie A,SA,2025,537088,2026-03-07,28,Cagliari Calcio,Como 1907,home,1,2,-1,loss,0
Serie A,SA,2025,537088,2026-03-07,28,Como 1907,Cagliari Calcio,away,2,1,1,win,3
Serie A,SA,2025,537087,2026-03-07,28,Atalanta BC,Udinese Calcio,home,2,2,0,draw,1
Serie A,SA,2025,537087,2026-03-07,28,Udinese Calcio,Atalanta BC,away,2,2,0,draw,1
Serie A,SA,2025,537091,2026-03-07,28,Juventus FC,AC Pisa 1909,home,4,0,4,win,3
Serie A,SA,2025,537091,2026-03-07,28,AC Pisa 1909,Juventus FC,away,0,4,-4,loss,0
Serie A,SA,2025,537094,2026-03-08,28,US Lecce,US Cremonese,home,2,1,1,win,3
Serie A,SA,2025,537094,2026-03-08,28,US Cremonese,US Lecce,away,1,2,-1,loss,0
Serie A,SA,2025,537090,2026-03-08,28,Bologna FC 1909,Hellas Verona FC,home,1,2,-1,loss,0
Serie A,SA,2025,537090,2026-03-08,28,Hellas Verona FC,Bologna FC 1909,away,2,1,1,win,3
Serie A,SA,2025,537085,2026-03-08,28,ACF Fiorentina,Parma Calcio 1913,home,0,0,0,draw,1
Serie A,SA,2025,537085,2026-03-08,28,Parma Calcio 1913,ACF Fiorentina,away,0,0,0,draw,1
Serie A,SA,2025,537089,2026-03-08,28,Genoa CFC,AS Roma,home,2,1,1,win,3
Serie A,SA,2025,537089,2026-03-08,28,AS Roma,Genoa CFC,away,1,2,-1,loss,0
Serie A,SA,2025,537086,2026-03-08,28,AC Milan,FC Internazionale Milano,home,1,0,1,win,3
Serie A,SA,2025,537086,2026-03-08,28,FC Internazionale Milano,AC Milan,away,0,1,-1,loss,0
Serie A,SA,2025,537092,2026-03-09,28,SS Lazio,US Sassuolo Calcio,home,2,1,1,win,3
Serie A,SA,2025,537092,2026-03-09,28,US Sassuolo Calcio,SS Lazio,away,1,2,-1,loss,0
Serie A,SA,2025,537096,2026-03-13,29,Torino FC,Parma Calcio 1913,home,4,1,3,win,3
Serie A,SA,2025,537096,2026-03-13,29,Parma Calcio 1913,Torino FC,away,1,4,-3,loss,0
Serie A,SA,2025,537098,2026-03-14,29,FC Internazionale Milano,Atalanta BC,home,1,1,0,draw,1
Serie A,SA,2025,537098,2026-03-14,29,Atalanta BC,FC Internazionale Milano,away,1,1,0,draw,1
Serie A,SA,2025,537102,2026-03-14,29,SSC Napoli,US Lecce,home,2,1,1,win,3
Serie A,SA,2025,537102,2026-03-14,29,US Lecce,SSC Napoli,away,1,2,-1,loss,0
Serie A,SA,2025,537103,2026-03-14,29,Udinese Calcio,Juventus FC,home,0,1,-1,loss,0
Serie A,SA,2025,537103,2026-03-14,29,Juventus FC,Udinese Calcio,away,1,0,1,win,3
Serie A,SA,2025,537097,2026-03-15,29,Hellas Verona FC,Genoa CFC,home,0,2,-2,loss,0
Serie A,SA,2025,537097,2026-03-15,29,Genoa CFC,Hellas Verona FC,away,2,0,2,win,3
Serie A,SA,2025,537100,2026-03-15,29,AC Pisa 1909,Cagliari Calcio,home,3,1,2,win,3
Serie A,SA,2025,537100,2026-03-15,29,Cagliari Calcio,AC Pisa 1909,away,1,3,-2,loss,0
Serie A,SA,2025,537101,2026-03-15,29,US Sassuolo Calcio,Bologna FC 1909,home,0,1,-1,loss,0
Serie A,SA,2025,537101,2026-03-15,29,Bologna FC 1909,US Sassuolo Calcio,away,1,0,1,win,3
Serie A,SA,2025,537095,2026-03-15,29,Como 1907,AS Roma,home,2,1,1,win,3
Serie A,SA,2025,537095,2026-03-15,29,AS Roma,Como 1907,away,1,2,-1,loss,0
Serie A,SA,2025,537099,2026-03-15,29,SS Lazio,AC Milan,home,1,0,1,win,3
Serie A,SA,2025,537099,2026-03-15,29,AC Milan,SS Lazio,away,0,1,-1,loss,0
Serie A,SA,2025,537104,2026-03-16,29,US Cremonese,ACF Fiorentina,home,1,4,-3,loss,0
Serie A,SA,2025,537104,2026-03-16,29,ACF Fiorentina,US Cremonese,away,4,1,3,win,3
Serie A,SA,2025,537109,2026-03-20,30,Cagliari Calcio,SSC Napoli,home,0,1,-1,loss,0
Serie A,SA,2025,537109,2026-03-20,30,SSC Napoli,Cagliari Calcio,away,1,0,1,win,3
Serie A,SA,2025,537110,2026-03-20,30,Genoa CFC,Udinese Calcio,home,0,2,-2,loss,0
Serie A,SA,2025,537110,2026-03-20,30,Udinese Calcio,Genoa CFC,away,2,0,2,win,3
Serie A,SA,2025,537114,2026-03-21,30,Parma Calcio 1913,US Cremonese,home,0,2,-2,loss,0
Serie A,SA,2025,537114,2026-03-21,30,US Cremonese,Parma Calcio 1913,away,2,0,2,win,3
Serie A,SA,2025,537106,2026-03-21,30,AC Milan,Torino FC,home,3,2,1,win,3
Serie A,SA,2025,537106,2026-03-21,30,Torino FC,AC Milan,away,2,3,-1,loss,0
Serie A,SA,2025,537113,2026-03-21,30,Juventus FC,US Sassuolo Calcio,home,1,1,0,draw,1
Serie A,SA,2025,537113,2026-03-21,30,US Sassuolo Calcio,Juventus FC,away,1,1,0,draw,1
Serie A,SA,2025,537111,2026-03-22,30,Como 1907,AC Pisa 1909,home,5,0,5,win,3
Serie A,SA,2025,537111,2026-03-22,30,AC Pisa 1909,Como 1907,away,0,5,-5,loss,0
Serie A,SA,2025,537108,2026-03-22,30,Atalanta BC,Hellas Verona FC,home,1,0,1,win,3
Serie A,SA,2025,537108,2026-03-22,30,Hellas Verona FC,Atalanta BC,away,0,1,-1,loss,0
Serie A,SA,2025,537112,2026-03-22,30,Bologna FC 1909,SS Lazio,home,0,2,-2,loss,0
Serie A,SA,2025,537112,2026-03-22,30,SS Lazio,Bologna FC 1909,away,2,0,2,win,3
Serie A,SA,2025,537107,2026-03-22,30,AS Roma,US Lecce,home,1,0,1,win,3
Serie A,SA,2025,537107,2026-03-22,30,US Lecce,AS Roma,away,0,1,-1,loss,0
Serie A,SA,2025,537105,2026-03-22,30,ACF Fiorentina,FC Internazionale Milano,home,1,1,0,draw,1
Serie A,SA,2025,537105,2026-03-22,30,FC Internazionale Milano,ACF Fiorentina,away,1,1,0,draw,1
Serie A,SA,2025,537120,2026-04-04,31,US Sassuolo Calcio,Cagliari Calcio,home,2,1,1,win,3
Serie A,SA,2025,537120,2026-04-04,31,Cagliari Calcio,US Sassuolo Calcio,away,1,2,-1,loss,0
Serie A,SA,2025,537115,2026-04-04,31,Hellas Verona FC,ACF Fiorentina,home,0,1,-1,loss,0
Serie A,SA,2025,537115,2026-04-04,31,ACF Fiorentina,Hellas Verona FC,away,1,0,1,win,3
Serie A,SA,2025,537118,2026-04-04,31,SS Lazio,Parma Calcio 1913,home,1,1,0,draw,1
Serie A,SA,2025,537118,2026-04-04,31,Parma Calcio 1913,SS Lazio,away,1,1,0,draw,1
Serie A,SA,2025,537123,2026-04-05,31,US Cremonese,Bologna FC 1909,home,1,2,-1,loss,0
Serie A,SA,2025,537123,2026-04-05,31,Bologna FC 1909,US Cremonese,away,2,1,1,win,3
Serie A,SA,2025,537119,2026-04-05,31,AC Pisa 1909,Torino FC,home,0,1,-1,loss,0
Serie A,SA,2025,537119,2026-04-05,31,Torino FC,AC Pisa 1909,away,1,0,1,win,3
Serie A,SA,2025,537116,2026-04-05,31,FC Internazionale Milano,AS Roma,home,5,2,3,win,3
Serie A,SA,2025,537116,2026-04-05,31,AS Roma,FC Internazionale Milano,away,2,5,-3,loss,0
Serie A,SA,2025,537122,2026-04-06,31,Udinese Calcio,Como 1907,home,0,0,0,draw,1
Serie A,SA,2025,537122,2026-04-06,31,Como 1907,Udinese Calcio,away,0,0,0,draw,1
Serie A,SA,2025,537124,2026-04-06,31,US Lecce,Atalanta BC,home,0,3,-3,loss,0
Serie A,SA,2025,537124,2026-04-06,31,Atalanta BC,US Lecce,away,3,0,3,win,3
Serie A,SA,2025,537117,2026-04-06,31,Juventus FC,Genoa CFC,home,2,0,2,win,3
Serie A,SA,2025,537117,2026-04-06,31,Genoa CFC,Juventus FC,away,0,2,-2,loss,0
Serie A,SA,2025,537121,2026-04-06,31,SSC Napoli,AC Milan,home,1,0,1,win,3
Serie A,SA,2025,537121,2026-04-06,31,AC Milan,SSC Napoli,away,0,1,-1,loss,0
Serie A,SA,2025,537127,2026-04-10,32,AS Roma,AC Pisa 1909,home,3,0,3,win,3
Serie A,SA,2025,537127,2026-04-10,32,AC Pisa 1909,AS Roma,away,0,3,-3,loss,0
Serie A,SA,2025,537129,2026-04-11,32,Cagliari Calcio,US Cremonese,home,1,0,1,win,3
Serie A,SA,2025,537129,2026-04-11,32,US Cremonese,Cagliari Calcio,away,0,1,-1,loss,0
Serie A,SA,2025,537133,2026-04-11,32,Torino FC,Hellas Verona FC,home,2,1,1,win,3
Serie A,SA,2025,537133,2026-04-11,32,Hellas Verona FC,Torino FC,away,1,2,-1,loss,0
Serie A,SA,2025,537126,2026-04-11,32,AC Milan,Udinese Calcio,home,0,3,-3,loss,0
Serie A,SA,2025,537126,2026-04-11,32,Udinese Calcio,AC Milan,away,3,0,3,win,3
Serie A,SA,2025,537128,2026-04-11,32,Atalanta BC,Juventus FC,home,0,1,-1,loss,0
Serie A,SA,2025,537128,2026-04-11,32,Juventus FC,Atalanta BC,away,1,0,1,win,3
Serie A,SA,2025,537130,2026-04-12,32,Genoa CFC,US Sassuolo Calcio,home,2,1,1,win,3
Serie A,SA,2025,537130,2026-04-12,32,US Sassuolo Calcio,Genoa CFC,away,1,2,-1,loss,0
Serie A,SA,2025,537134,2026-04-12,32,Parma Calcio 1913,SSC Napoli,home,1,1,0,draw,1
Serie A,SA,2025,537134,2026-04-12,32,SSC Napoli,Parma Calcio 1913,away,1,1,0,draw,1
Serie A,SA,2025,537132,2026-04-12,32,Bologna FC 1909,US Lecce,home,2,0,2,win,3
Serie A,SA,2025,537132,2026-04-12,32,US Lecce,Bologna FC 1909,away,0,2,-2,loss,0
Serie A,SA,2025,537131,2026-04-12,32,Como 1907,FC Internazionale Milano,home,3,4,-1,loss,0
Serie A,SA,2025,537131,2026-04-12,32,FC Internazionale Milano,Como 1907,away,4,3,1,win,3
Serie A,SA,2025,537125,2026-04-13,32,ACF Fiorentina,SS Lazio,home,1,0,1,win,3
Serie A,SA,2025,537125,2026-04-13,32,SS Lazio,ACF Fiorentina,away,0,1,-1,loss,0
Serie A,SA,2025,537140,2026-04-17,33,US Sassuolo Calcio,Como 1907,home,2,1,1,win,3
Serie A,SA,2025,537140,2026-04-17,33,Como 1907,US Sassuolo Calcio,away,1,2,-1,loss,0
Serie A,SA,2025,537137,2026-04-17,33,FC Internazionale Milano,Cagliari Calcio,home,3,0,3,win,3
Serie A,SA,2025,537137,2026-04-17,33,Cagliari Calcio,FC Internazionale Milano,away,0,3,-3,loss,0
Serie A,SA,2025,537142,2026-04-18,33,Udinese Calcio,Parma Calcio 1913,home,0,1,-1,loss,0
Serie A,SA,2025,537142,2026-04-18,33,Parma Calcio 1913,Udinese Calcio,away,1,0,1,win,3
Serie A,SA,2025,537141,2026-04-18,33,SSC Napoli,SS Lazio,home,0,2,-2,loss,0
Serie A,SA,2025,537141,2026-04-18,33,SS Lazio,SSC Napoli,away,2,0,2,win,3
Serie A,SA,2025,537135,2026-04-18,33,AS Roma,Atalanta BC,home,1,1,0,draw,1
Serie A,SA,2025,537135,2026-04-18,33,Atalanta BC,AS Roma,away,1,1,0,draw,1
Serie A,SA,2025,537143,2026-04-19,33,US Cremonese,Torino FC,home,0,0,0,draw,1
Serie A,SA,2025,537143,2026-04-19,33,Torino FC,US Cremonese,away,0,0,0,draw,1
Serie A,SA,2025,537136,2026-04-19,33,Hellas Verona FC,AC Milan,home,0,1,-1,loss,0
Serie A,SA,2025,537136,2026-04-19,33,AC Milan,Hellas Verona FC,away,1,0,1,win,3
Serie A,SA,2025,537139,2026-04-19,33,AC Pisa 1909,Genoa CFC,home,1,2,-1,loss,0
Serie A,SA,2025,537139,2026-04-19,33,Genoa CFC,AC Pisa 1909,away,2,1,1,win,3
Serie A,SA,2025,537138,2026-04-19,33,Juventus FC,Bologna FC 1909,home,2,0,2,win,3
Serie A,SA,2025,537138,2026-04-19,33,Bologna FC 1909,Juventus FC,away,0,2,-2,loss,0
Serie A,SA,2025,537144,2026-04-20,33,US Lecce,ACF Fiorentina,home,1,1,0,draw,1
Serie A,SA,2025,537144,2026-04-20,33,ACF Fiorentina,US Lecce,away,1,1,0,draw,1
Serie A,SA,2025,537154,2026-04-24,34,SSC Napoli,US Cremonese,home,4,0,4,win,3
Serie A,SA,2025,537154,2026-04-24,34,US Cremonese,SSC Napoli,away,0,4,-4,loss,0
Serie A,SA,2025,537153,2026-04-25,34,Parma Calcio 1913,AC Pisa 1909,home,1,0,1,win,3
Serie A,SA,2025,537153,2026-04-25,34,AC Pisa 1909,Parma Calcio 1913,away,0,1,-1,loss,0
Serie A,SA,2025,537149,2026-04-25,34,Bologna FC 1909,AS Roma,home,0,2,-2,loss,0
Serie A,SA,2025,537149,2026-04-25,34,AS Roma,Bologna FC 1909,away,2,0,2,win,3
Serie A,SA,2025,537151,2026-04-25,34,Hellas Verona FC,US Lecce,home,0,0,0,draw,1
Serie A,SA,2025,537151,2026-04-25,34,US Lecce,Hellas Verona FC,away,0,0,0,draw,1
Serie A,SA,2025,537145,2026-04-26,34,ACF Fiorentina,US Sassuolo Calcio,home,0,0,0,draw,1
Serie A,SA,2025,537145,2026-04-26,34,US Sassuolo Calcio,ACF Fiorentina,away,0,0,0,draw,1
Serie A,SA,2025,537148,2026-04-26,34,Genoa CFC,Como 1907,home,0,2,-2,loss,0
Serie A,SA,2025,537148,2026-04-26,34,Como 1907,Genoa CFC,away,2,0,2,win,3
Serie A,SA,2025,537150,2026-04-26,34,Torino FC,FC Internazionale Milano,home,2,2,0,draw,1
Serie A,SA,2025,537150,2026-04-26,34,FC Internazionale Milano,Torino FC,away,2,2,0,draw,1
Serie A,SA,2025,537146,2026-04-26,34,AC Milan,Juventus FC,home,0,0,0,draw,1
Serie A,SA,2025,537146,2026-04-26,34,Juventus FC,AC Milan,away,0,0,0,draw,1
Serie A,SA,2025,537147,2026-04-27,34,Cagliari Calcio,Atalanta BC,home,3,2,1,win,3
Serie A,SA,2025,537147,2026-04-27,34,Atalanta BC,Cagliari Calcio,away,2,3,-1,loss,0
Serie A,SA,2025,537152,2026-04-27,34,SS Lazio,Udinese Calcio,home,3,3,0,draw,1
Serie A,SA,2025,537152,2026-04-27,34,Udinese Calcio,SS Lazio,away,3,3,0,draw,1
Serie A,SA,2025,537161,2026-05-01,35,AC Pisa 1909,US Lecce,home,1,2,-1,loss,0
Serie A,SA,2025,537161,2026-05-01,35,US Lecce,AC Pisa 1909,away,2,1,1,win,3
Serie A,SA,2025,537163,2026-05-02,35,Udinese Calcio,Torino FC,home,2,0,2,win,3
Serie A,SA,2025,537163,2026-05-02,35,Torino FC,Udinese Calcio,away,0,2,-2,loss,0
Serie A,SA,2025,537157,2026-05-02,35,Como 1907,SSC Napoli,home,0,0,0,draw,1
Serie A,SA,2025,537157,2026-05-02,35,SSC Napoli,Como 1907,away,0,0,0,draw,1
Serie A,SA,2025,537156,2026-05-02,35,Atalanta BC,Genoa CFC,home,0,0,0,draw,1
Serie A,SA,2025,537156,2026-05-02,35,Genoa CFC,Atalanta BC,away,0,0,0,draw,1
Serie A,SA,2025,537158,2026-05-03,35,Bologna FC 1909,Cagliari Calcio,home,0,0,0,draw,1
Serie A,SA,2025,537158,2026-05-03,35,Cagliari Calcio,Bologna FC 1909,away,0,0,0,draw,1
Serie A,SA,2025,537162,2026-05-03,35,US Sassuolo Calcio,AC Milan,home,2,0,2,win,3
Serie A,SA,2025,537162,2026-05-03,35,AC Milan,US Sassuolo Calcio,away,0,2,-2,loss,0
Serie A,SA,2025,537160,2026-05-03,35,Juventus FC,Hellas Verona FC,home,1,1,0,draw,1
Serie A,SA,2025,537160,2026-05-03,35,Hellas Verona FC,Juventus FC,away,1,1,0,draw,1
Serie A,SA,2025,537159,2026-05-03,35,FC Internazionale Milano,Parma Calcio 1913,home,2,0,2,win,3
Serie A,SA,2025,537159,2026-05-03,35,Parma Calcio 1913,FC Internazionale Milano,away,0,2,-2,loss,0
Serie A,SA,2025,537164,2026-05-04,35,US Cremonese,SS Lazio,home,1,2,-1,loss,0
Serie A,SA,2025,537164,2026-05-04,35,SS Lazio,US Cremonese,away,2,1,1,win,3
Serie A,SA,2025,537155,2026-05-04,35,AS Roma,ACF Fiorentina,home,4,0,4,win,3
Serie A,SA,2025,537155,2026-05-04,35,ACF Fiorentina,AS Roma,away,0,4,-4,loss,0
Serie A,SA,2025,537168,2026-05-08,36,Torino FC,US Sassuolo Calcio,home,2,1,1,win,3
Serie A,SA,2025,537168,2026-05-08,36,US Sassuolo Calcio,Torino FC,away,1,2,-1,loss,0
Serie A,SA,2025,537167,2026-05-09,36,Cagliari Calcio,Udinese Calcio,home,0,2,-2,loss,0
Serie A,SA,2025,537167,2026-05-09,36,Udinese Calcio,Cagliari Calcio,away,2,0,2,win,3
Serie A,SA,2025,537170,2026-05-09,36,SS Lazio,FC Internazionale Milano,home,0,3,-3,loss,0
Serie A,SA,2025,537170,2026-05-09,36,FC Internazionale Milano,SS Lazio,away,3,0,3,win,3
Serie A,SA,2025,537174,2026-05-09,36,US Lecce,Juventus FC,home,0,1,-1,loss,0
Serie A,SA,2025,537174,2026-05-09,36,Juventus FC,US Lecce,away,1,0,1,win,3
Serie A,SA,2025,537169,2026-05-10,36,Hellas Verona FC,Como 1907,home,0,1,-1,loss,0
Serie A,SA,2025,537169,2026-05-10,36,Como 1907,Hellas Verona FC,away,1,0,1,win,3
Serie A,SA,2025,537165,2026-05-10,36,ACF Fiorentina,Genoa CFC,home,0,0,0,draw,1
Serie A,SA,2025,537165,2026-05-10,36,Genoa CFC,ACF Fiorentina,away,0,0,0,draw,1
Serie A,SA,2025,537173,2026-05-10,36,US Cremonese,AC Pisa 1909,home,3,0,3,win,3
Serie A,SA,2025,537173,2026-05-10,36,AC Pisa 1909,US Cremonese,away,0,3,-3,loss,0
Serie A,SA,2025,537171,2026-05-10,36,Parma Calcio 1913,AS Roma,home,2,3,-1,loss,0
Serie A,SA,2025,537171,2026-05-10,36,AS Roma,Parma Calcio 1913,away,3,2,1,win,3
Serie A,SA,2025,537166,2026-05-10,36,AC Milan,Atalanta BC,home,2,3,-1,loss,0
Serie A,SA,2025,537166,2026-05-10,36,Atalanta BC,AC Milan,away,3,2,1,win,3
Serie A,SA,2025,537172,2026-05-11,36,SSC Napoli,Bologna FC 1909,home,2,3,-1,loss,0
Serie A,SA,2025,537172,2026-05-11,36,Bologna FC 1909,SSC Napoli,away,3,2,1,win,3
Serie A,SA,2025,537175,2026-05-17,37,AS Roma,SS Lazio,home,2,0,2,win,3
Serie A,SA,2025,537175,2026-05-17,37,SS Lazio,AS Roma,away,0,2,-2,loss,0
Serie A,SA,2025,537178,2026-05-17,37,Genoa CFC,AC Milan,home,1,2,-1,loss,0
Serie A,SA,2025,537178,2026-05-17,37,AC Milan,Genoa CFC,away,2,1,1,win,3
Serie A,SA,2025,537179,2026-05-17,37,Como 1907,Parma Calcio 1913,home,1,0,1,win,3
Serie A,SA,2025,537179,2026-05-17,37,Parma Calcio 1913,Como 1907,away,0,1,-1,loss,0
Serie A,SA,2025,537181,2026-05-17,37,Juventus FC,ACF Fiorentina,home,0,2,-2,loss,0
Serie A,SA,2025,537181,2026-05-17,37,ACF Fiorentina,Juventus FC,away,2,0,2,win,3
Serie A,SA,2025,537182,2026-05-17,37,AC Pisa 1909,SSC Napoli,home,0,3,-3,loss,0
Serie A,SA,2025,537182,2026-05-17,37,SSC Napoli,AC Pisa 1909,away,3,0,3,win,3
Serie A,SA,2025,537180,2026-05-17,37,FC Internazionale Milano,Hellas Verona FC,home,1,1,0,draw,1
Serie A,SA,2025,537180,2026-05-17,37,Hellas Verona FC,FC Internazionale Milano,away,1,1,0,draw,1
Serie A,SA,2025,537176,2026-05-17,37,Atalanta BC,Bologna FC 1909,home,0,1,-1,loss,0
Serie A,SA,2025,537176,2026-05-17,37,Bologna FC 1909,Atalanta BC,away,1,0,1,win,3
Serie A,SA,2025,537177,2026-05-17,37,Cagliari Calcio,Torino FC,home,2,1,1,win,3
Serie A,SA,2025,537177,2026-05-17,37,Torino FC,Cagliari Calcio,away,1,2,-1,loss,0
Serie A,SA,2025,537183,2026-05-17,37,US Sassuolo Calcio,US Lecce,home,2,3,-1,loss,0
Serie A,SA,2025,537183,2026-05-17,37,US Lecce,US Sassuolo Calcio,away,3,2,1,win,3
Serie A,SA,2025,537184,2026-05-17,37,Udinese Calcio,US Cremonese,home,0,1,-1,loss,0
Serie A,SA,2025,537184,2026-05-17,37,US Cremonese,Udinese Calcio,away,1,0,1,win,3
Serie A,SA,2025,537185,2026-05-22,38,ACF Fiorentina,Atalanta BC,home,1,1,0,draw,1
Serie A,SA,2025,537185,2026-05-22,38,Atalanta BC,ACF Fiorentina,away,1,1,0,draw,1
Serie A,SA,2025,537187,2026-05-23,38,Bologna FC 1909,FC Internazionale Milano,home,3,3,0,draw,1
Serie A,SA,2025,537187,2026-05-23,38,FC Internazionale Milano,Bologna FC 1909,away,3,3,0,draw,1
Serie A,SA,2025,537190,2026-05-23,38,SS Lazio,AC Pisa 1909,home,2,1,1,win,3
Serie A,SA,2025,537190,2026-05-23,38,AC Pisa 1909,SS Lazio,away,1,2,-1,loss,0
Serie A,SA,2025,537191,2026-05-24,38,Parma Calcio 1913,US Sassuolo Calcio,home,1,0,1,win,3
Serie A,SA,2025,537191,2026-05-24,38,US Sassuolo Calcio,Parma Calcio 1913,away,0,1,-1,loss,0
Serie A,SA,2025,537192,2026-05-24,38,SSC Napoli,Udinese Calcio,home,1,0,1,win,3
Serie A,SA,2025,537192,2026-05-24,38,Udinese Calcio,SSC Napoli,away,0,1,-1,loss,0
Serie A,SA,2025,537186,2026-05-24,38,AC Milan,Cagliari Calcio,home,1,2,-1,loss,0
Serie A,SA,2025,537186,2026-05-24,38,Cagliari Calcio,AC Milan,away,2,1,1,win,3
Serie A,SA,2025,537189,2026-05-24,38,Hellas Verona FC,AS Roma,home,0,2,-2,loss,0
Serie A,SA,2025,537189,2026-05-24,38,AS Roma,Hellas Verona FC,away,2,0,2,win,3
Serie A,SA,2025,537193,2026-05-24,38,US Cremonese,Como 1907,home,1,4,-3,loss,0
Serie A,SA,2025,537193,2026-05-24,38,Como 1907,US Cremonese,away,4,1,3,win,3
Serie A,SA,2025,537194,2026-05-24,38,US Lecce,Genoa CFC,home,1,0,1,win,3
Serie A,SA,2025,537194,2026-05-24,38,Genoa CFC,US Lecce,away,0,1,-1,loss,0
Serie A,SA,2025,537188,2026-05-24,38,Torino FC,Juventus FC,home,2,2,0,draw,1
Serie A,SA,2025,537188,2026-05-24,38,Juventus FC,Torino FC,away,2,2,0,draw,1
Ligue 1,FL1,2025,542414,2025-08-15,1,Stade Rennais FC 1901,Olympique de Marseille,home,1,0,1,win,3
Ligue 1,FL1,2025,542414,2025-08-15,1,Olympique de Marseille,Stade Rennais FC 1901,away,0,1,-1,loss,0
Ligue 1,FL1,2025,542411,2025-08-16,1,Racing Club de Lens,Olympique Lyonnais,home,0,1,-1,loss,0
Ligue 1,FL1,2025,542411,2025-08-16,1,Olympique Lyonnais,Racing Club de Lens,away,1,0,1,win,3
Ligue 1,FL1,2025,542407,2025-08-16,1,AS Monaco FC,Le Havre AC,home,3,1,2,win,3
Ligue 1,FL1,2025,542407,2025-08-16,1,Le Havre AC,AS Monaco FC,away,1,3,-2,loss,0
Ligue 1,FL1,2025,542410,2025-08-16,1,OGC Nice,Toulouse FC,home,0,1,-1,loss,0
Ligue 1,FL1,2025,542410,2025-08-16,1,Toulouse FC,OGC Nice,away,1,0,1,win,3
Ligue 1,FL1,2025,542413,2025-08-17,1,Stade Brestois 29,Lille OSC,home,3,3,0,draw,1
Ligue 1,FL1,2025,542413,2025-08-17,1,Lille OSC,Stade Brestois 29,away,3,3,0,draw,1
Ligue 1,FL1,2025,542406,2025-08-17,1,AJ Auxerre,FC Lorient,home,1,0,1,win,3
Ligue 1,FL1,2025,542406,2025-08-17,1,FC Lorient,AJ Auxerre,away,0,1,-1,loss,0
Ligue 1,FL1,2025,542408,2025-08-17,1,FC Metz,RC Strasbourg Alsace,home,0,1,-1,loss,0
Ligue 1,FL1,2025,542408,2025-08-17,1,RC Strasbourg Alsace,FC Metz,away,1,0,1,win,3
Ligue 1,FL1,2025,542412,2025-08-17,1,Angers SCO,Paris FC,home,1,0,1,win,3
Ligue 1,FL1,2025,542412,2025-08-17,1,Paris FC,Angers SCO,away,0,1,-1,loss,0
Ligue 1,FL1,2025,542409,2025-08-17,1,FC Nantes,Paris Saint-Germain FC,home,0,1,-1,loss,0
Ligue 1,FL1,2025,542409,2025-08-17,1,Paris Saint-Germain FC,FC Nantes,away,1,0,1,win,3
Ligue 1,FL1,2025,542422,2025-08-22,2,Paris Saint-Germain FC,Angers SCO,home,1,0,1,win,3
Ligue 1,FL1,2025,542422,2025-08-22,2,Angers SCO,Paris Saint-Germain FC,away,0,1,-1,loss,0
Ligue 1,FL1,2025,542420,2025-08-23,2,Olympique de Marseille,Paris FC,home,5,2,3,win,3
Ligue 1,FL1,2025,542420,2025-08-23,2,Paris FC,Olympique de Marseille,away,2,5,-3,loss,0
Ligue 1,FL1,2025,542418,2025-08-23,2,OGC Nice,AJ Auxerre,home,3,1,2,win,3
Ligue 1,FL1,2025,542418,2025-08-23,2,AJ Auxerre,OGC Nice,away,1,3,-2,loss,0
Ligue 1,FL1,2025,542419,2025-08-23,2,Olympique Lyonnais,FC Metz,home,3,0,3,win,3
Ligue 1,FL1,2025,542419,2025-08-23,2,FC Metz,Olympique Lyonnais,away,0,3,-3,loss,0
Ligue 1,FL1,2025,542416,2025-08-24,2,FC Lorient,Stade Rennais FC 1901,home,4,0,4,win,3
Ligue 1,FL1,2025,542416,2025-08-24,2,Stade Rennais FC 1901,FC Lorient,away,0,4,-4,loss,0
Ligue 1,FL1,2025,542415,2025-08-24,2,Le Havre AC,Racing Club de Lens,home,1,2,-1,loss,0
Ligue 1,FL1,2025,542415,2025-08-24,2,Racing Club de Lens,Le Havre AC,away,2,1,1,win,3
Ligue 1,FL1,2025,542417,2025-08-24,2,Toulouse FC,Stade Brestois 29,home,2,0,2,win,3
Ligue 1,FL1,2025,542417,2025-08-24,2,Stade Brestois 29,Toulouse FC,away,0,2,-2,loss,0
Ligue 1,FL1,2025,542423,2025-08-24,2,RC Strasbourg Alsace,FC Nantes,home,1,0,1,win,3
Ligue 1,FL1,2025,542423,2025-08-24,2,FC Nantes,RC Strasbourg Alsace,away,0,1,-1,loss,0
Ligue 1,FL1,2025,542421,2025-08-24,2,Lille OSC,AS Monaco FC,home,1,0,1,win,3
Ligue 1,FL1,2025,542421,2025-08-24,2,AS Monaco FC,Lille OSC,away,0,1,-1,loss,0
Ligue 1,FL1,2025,542431,2025-08-29,3,Racing Club de Lens,Stade Brestois 29,home,3,1,2,win,3
Ligue 1,FL1,2025,542431,2025-08-29,3,Stade Brestois 29,Racing Club de Lens,away,1,3,-2,loss,0
Ligue 1,FL1,2025,542426,2025-08-30,3,FC Lorient,Lille OSC,home,1,7,-6,loss,0
Ligue 1,FL1,2025,542426,2025-08-30,3,Lille OSC,FC Lorient,away,7,1,6,win,3
Ligue 1,FL1,2025,542427,2025-08-30,3,FC Nantes,AJ Auxerre,home,1,0,1,win,3
Ligue 1,FL1,2025,542427,2025-08-30,3,AJ Auxerre,FC Nantes,away,0,1,-1,loss,0
Ligue 1,FL1,2025,542429,2025-08-30,3,Toulouse FC,Paris Saint-Germain FC,home,3,6,-3,loss,0
Ligue 1,FL1,2025,542429,2025-08-30,3,Paris Saint-Germain FC,Toulouse FC,away,6,3,3,win,3
Ligue 1,FL1,2025,542432,2025-08-31,3,Angers SCO,Stade Rennais FC 1901,home,1,1,0,draw,1
Ligue 1,FL1,2025,542432,2025-08-31,3,Stade Rennais FC 1901,Angers SCO,away,1,1,0,draw,1
Ligue 1,FL1,2025,542424,2025-08-31,3,Le Havre AC,OGC Nice,home,3,1,2,win,3
Ligue 1,FL1,2025,542424,2025-08-31,3,OGC Nice,Le Havre AC,away,1,3,-2,loss,0
Ligue 1,FL1,2025,542425,2025-08-31,3,AS Monaco FC,RC Strasbourg Alsace,home,3,2,1,win,3
Ligue 1,FL1,2025,542425,2025-08-31,3,RC Strasbourg Alsace,AS Monaco FC,away,2,3,-1,loss,0
Ligue 1,FL1,2025,542428,2025-08-31,3,Paris FC,FC Metz,home,3,2,1,win,3
Ligue 1,FL1,2025,542428,2025-08-31,3,FC Metz,Paris FC,away,2,3,-1,loss,0
Ligue 1,FL1,2025,542430,2025-08-31,3,Olympique Lyonnais,Olympique de Marseille,home,1,0,1,win,3
Ligue 1,FL1,2025,542430,2025-08-31,3,Olympique de Marseille,Olympique Lyonnais,away,0,1,-1,loss,0
Ligue 1,FL1,2025,542436,2025-09-12,4,Olympique de Marseille,FC Lorient,home,4,0,4,win,3
Ligue 1,FL1,2025,542436,2025-09-12,4,FC Lorient,Olympique de Marseille,away,0,4,-4,loss,0
Ligue 1,FL1,2025,542435,2025-09-13,4,OGC Nice,FC Nantes,home,1,0,1,win,3
Ligue 1,FL1,2025,542435,2025-09-13,4,FC Nantes,OGC Nice,away,0,1,-1,loss,0
Ligue 1,FL1,2025,542433,2025-09-13,4,AJ Auxerre,AS Monaco FC,home,1,2,-1,loss,0
Ligue 1,FL1,2025,542433,2025-09-13,4,AS Monaco FC,AJ Auxerre,away,2,1,1,win,3
Ligue 1,FL1,2025,542437,2025-09-14,4,Lille OSC,Toulouse FC,home,2,1,1,win,3
Ligue 1,FL1,2025,542437,2025-09-14,4,Toulouse FC,Lille OSC,away,1,2,-1,loss,0
Ligue 1,FL1,2025,542434,2025-09-14,4,FC Metz,Angers SCO,home,1,1,0,draw,1
Ligue 1,FL1,2025,542434,2025-09-14,4,Angers SCO,FC Metz,away,1,1,0,draw,1
Ligue 1,FL1,2025,542438,2025-09-14,4,Paris Saint-Germain FC,Racing Club de Lens,home,2,0,2,win,3
Ligue 1,FL1,2025,542438,2025-09-14,4,Racing Club de Lens,Paris Saint-Germain FC,away,0,2,-2,loss,0
Ligue 1,FL1,2025,542439,2025-09-14,4,RC Strasbourg Alsace,Le Havre AC,home,1,0,1,win,3
Ligue 1,FL1,2025,542439,2025-09-14,4,Le Havre AC,RC Strasbourg Alsace,away,0,1,-1,loss,0
Ligue 1,FL1,2025,542440,2025-09-14,4,Stade Brestois 29,Paris FC,home,1,2,-1,loss,0
Ligue 1,FL1,2025,542440,2025-09-14,4,Paris FC,Stade Brestois 29,away,2,1,1,win,3
Ligue 1,FL1,2025,542441,2025-09-14,4,Stade Rennais FC 1901,Olympique Lyonnais,home,3,1,2,win,3
Ligue 1,FL1,2025,542441,2025-09-14,4,Olympique Lyonnais,Stade Rennais FC 1901,away,1,3,-2,loss,0
Ligue 1,FL1,2025,542448,2025-09-19,5,Olympique Lyonnais,Angers SCO,home,1,0,1,win,3
Ligue 1,FL1,2025,542448,2025-09-19,5,Angers SCO,Olympique Lyonnais,away,0,1,-1,loss,0
Ligue 1,FL1,2025,542445,2025-09-20,5,FC Nantes,Stade Rennais FC 1901,home,2,2,0,draw,1
Ligue 1,FL1,2025,542445,2025-09-20,5,Stade Rennais FC 1901,FC Nantes,away,2,2,0,draw,1
Ligue 1,FL1,2025,542450,2025-09-20,5,Stade Brestois 29,OGC Nice,home,4,1,3,win,3
Ligue 1,FL1,2025,542450,2025-09-20,5,OGC Nice,Stade Brestois 29,away,1,4,-3,loss,0
Ligue 1,FL1,2025,542449,2025-09-20,5,Racing Club de Lens,Lille OSC,home,3,0,3,win,3
Ligue 1,FL1,2025,542449,2025-09-20,5,Lille OSC,Racing Club de Lens,away,0,3,-3,loss,0
Ligue 1,FL1,2025,542446,2025-09-21,5,Paris FC,RC Strasbourg Alsace,home,2,3,-1,loss,0
Ligue 1,FL1,2025,542446,2025-09-21,5,RC Strasbourg Alsace,Paris FC,away,3,2,1,win,3
Ligue 1,FL1,2025,542442,2025-09-21,5,Le Havre AC,FC Lorient,home,1,1,0,draw,1
Ligue 1,FL1,2025,542442,2025-09-21,5,FC Lorient,Le Havre AC,away,1,1,0,draw,1
Ligue 1,FL1,2025,542443,2025-09-21,5,AJ Auxerre,Toulouse FC,home,1,0,1,win,3
Ligue 1,FL1,2025,542443,2025-09-21,5,Toulouse FC,AJ Auxerre,away,0,1,-1,loss,0
Ligue 1,FL1,2025,542444,2025-09-21,5,AS Monaco FC,FC Metz,home,5,2,3,win,3
Ligue 1,FL1,2025,542444,2025-09-21,5,FC Metz,AS Monaco FC,away,2,5,-3,loss,0
Ligue 1,FL1,2025,542447,2025-09-22,5,Olympique de Marseille,Paris Saint-Germain FC,home,1,0,1,win,3
Ligue 1,FL1,2025,542447,2025-09-22,5,Paris Saint-Germain FC,Olympique de Marseille,away,0,1,-1,loss,0
Ligue 1,FL1,2025,542457,2025-09-26,6,RC Strasbourg Alsace,Olympique de Marseille,home,1,2,-1,loss,0
Ligue 1,FL1,2025,542457,2025-09-26,6,Olympique de Marseille,RC Strasbourg Alsace,away,2,1,1,win,3
Ligue 1,FL1,2025,542451,2025-09-27,6,FC Lorient,AS Monaco FC,home,3,1,2,win,3
Ligue 1,FL1,2025,542451,2025-09-27,6,AS Monaco FC,FC Lorient,away,1,3,-2,loss,0
Ligue 1,FL1,2025,542453,2025-09-27,6,Toulouse FC,FC Nantes,home,2,2,0,draw,1
Ligue 1,FL1,2025,542453,2025-09-27,6,FC Nantes,Toulouse FC,away,2,2,0,draw,1
Ligue 1,FL1,2025,542456,2025-09-27,6,Paris Saint-Germain FC,AJ Auxerre,home,2,0,2,win,3
Ligue 1,FL1,2025,542456,2025-09-27,6,AJ Auxerre,Paris Saint-Germain FC,away,0,2,-2,loss,0
Ligue 1,FL1,2025,542454,2025-09-28,6,OGC Nice,Paris FC,home,1,1,0,draw,1
Ligue 1,FL1,2025,542454,2025-09-28,6,Paris FC,OGC Nice,away,1,1,0,draw,1
Ligue 1,FL1,2025,542452,2025-09-28,6,FC Metz,Le Havre AC,home,0,0,0,draw,1
Ligue 1,FL1,2025,542452,2025-09-28,6,Le Havre AC,FC Metz,away,0,0,0,draw,1
Ligue 1,FL1,2025,542455,2025-09-28,6,Lille OSC,Olympique Lyonnais,home,0,1,-1,loss,0
Ligue 1,FL1,2025,542455,2025-09-28,6,Olympique Lyonnais,Lille OSC,away,1,0,1,win,3
Ligue 1,FL1,2025,542458,2025-09-28,6,Angers SCO,Stade Brestois 29,home,0,2,-2,loss,0
Ligue 1,FL1,2025,542458,2025-09-28,6,Stade Brestois 29,Angers SCO,away,2,0,2,win,3
Ligue 1,FL1,2025,542459,2025-09-28,6,Stade Rennais FC 1901,Racing Club de Lens,home,0,0,0,draw,1
Ligue 1,FL1,2025,542459,2025-09-28,6,Racing Club de Lens,Stade Rennais FC 1901,away,0,0,0,draw,1
Ligue 1,FL1,2025,542464,2025-10-03,7,Paris FC,FC Lorient,home,2,0,2,win,3
Ligue 1,FL1,2025,542464,2025-10-03,7,FC Lorient,Paris FC,away,0,2,-2,loss,0
Ligue 1,FL1,2025,542463,2025-10-04,7,FC Metz,Olympique de Marseille,home,0,3,-3,loss,0
Ligue 1,FL1,2025,542463,2025-10-04,7,Olympique de Marseille,FC Metz,away,3,0,3,win,3
Ligue 1,FL1,2025,542468,2025-10-04,7,Stade Brestois 29,FC Nantes,home,0,0,0,draw,1
Ligue 1,FL1,2025,542468,2025-10-04,7,FC Nantes,Stade Brestois 29,away,0,0,0,draw,1
Ligue 1,FL1,2025,542461,2025-10-04,7,AJ Auxerre,Racing Club de Lens,home,1,2,-1,loss,0
Ligue 1,FL1,2025,542461,2025-10-04,7,Racing Club de Lens,AJ Auxerre,away,2,1,1,win,3
Ligue 1,FL1,2025,542465,2025-10-05,7,Olympique Lyonnais,Toulouse FC,home,1,2,-1,loss,0
Ligue 1,FL1,2025,542465,2025-10-05,7,Toulouse FC,Olympique Lyonnais,away,2,1,1,win,3
Ligue 1,FL1,2025,542467,2025-10-05,7,RC Strasbourg Alsace,Angers SCO,home,5,0,5,win,3
Ligue 1,FL1,2025,542467,2025-10-05,7,Angers SCO,RC Strasbourg Alsace,away,0,5,-5,loss,0
Ligue 1,FL1,2025,542460,2025-10-05,7,Le Havre AC,Stade Rennais FC 1901,home,2,2,0,draw,1
Ligue 1,FL1,2025,542460,2025-10-05,7,Stade Rennais FC 1901,Le Havre AC,away,2,2,0,draw,1
Ligue 1,FL1,2025,542462,2025-10-05,7,AS Monaco FC,OGC Nice,home,2,2,0,draw,1
Ligue 1,FL1,2025,542462,2025-10-05,7,OGC Nice,AS Monaco FC,away,2,2,0,draw,1
Ligue 1,FL1,2025,542466,2025-10-05,7,Lille OSC,Paris Saint-Germain FC,home,1,1,0,draw,1
Ligue 1,FL1,2025,542466,2025-10-05,7,Paris Saint-Germain FC,Lille OSC,away,1,1,0,draw,1
Ligue 1,FL1,2025,542474,2025-10-17,8,Paris Saint-Germain FC,RC Strasbourg Alsace,home,3,3,0,draw,1
Ligue 1,FL1,2025,542474,2025-10-17,8,RC Strasbourg Alsace,Paris Saint-Germain FC,away,3,3,0,draw,1
Ligue 1,FL1,2025,542472,2025-10-18,8,OGC Nice,Olympique Lyonnais,home,3,2,1,win,3
Ligue 1,FL1,2025,542472,2025-10-18,8,Olympique Lyonnais,OGC Nice,away,2,3,-1,loss,0
Ligue 1,FL1,2025,542476,2025-10-18,8,Angers SCO,AS Monaco FC,home,1,1,0,draw,1
Ligue 1,FL1,2025,542476,2025-10-18,8,AS Monaco FC,Angers SCO,away,1,1,0,draw,1
Ligue 1,FL1,2025,542473,2025-10-18,8,Olympique de Marseille,Le Havre AC,home,6,2,4,win,3
Ligue 1,FL1,2025,542473,2025-10-18,8,Le Havre AC,Olympique de Marseille,away,2,6,-4,loss,0
Ligue 1,FL1,2025,542475,2025-10-19,8,Racing Club de Lens,Paris FC,home,2,1,1,win,3
Ligue 1,FL1,2025,542475,2025-10-19,8,Paris FC,Racing Club de Lens,away,1,2,-1,loss,0
Ligue 1,FL1,2025,542469,2025-10-19,8,FC Lorient,Stade Brestois 29,home,3,3,0,draw,1
Ligue 1,FL1,2025,542469,2025-10-19,8,Stade Brestois 29,FC Lorient,away,3,3,0,draw,1
Ligue 1,FL1,2025,542471,2025-10-19,8,Toulouse FC,FC Metz,home,4,0,4,win,3
Ligue 1,FL1,2025,542471,2025-10-19,8,FC Metz,Toulouse FC,away,0,4,-4,loss,0
Ligue 1,FL1,2025,542477,2025-10-19,8,Stade Rennais FC 1901,AJ Auxerre,home,2,2,0,draw,1
Ligue 1,FL1,2025,542477,2025-10-19,8,AJ Auxerre,Stade Rennais FC 1901,away,2,2,0,draw,1
Ligue 1,FL1,2025,542470,2025-10-19,8,FC Nantes,Lille OSC,home,0,2,-2,loss,0
Ligue 1,FL1,2025,542470,2025-10-19,8,Lille OSC,FC Nantes,away,2,0,2,win,3
Ligue 1,FL1,2025,542480,2025-10-24,9,Paris FC,FC Nantes,home,1,2,-1,loss,0
Ligue 1,FL1,2025,542480,2025-10-24,9,FC Nantes,Paris FC,away,2,1,1,win,3
Ligue 1,FL1,2025,542485,2025-10-25,9,Stade Brestois 29,Paris Saint-Germain FC,home,0,3,-3,loss,0
Ligue 1,FL1,2025,542485,2025-10-25,9,Paris Saint-Germain FC,Stade Brestois 29,away,3,0,3,win,3
Ligue 1,FL1,2025,542479,2025-10-25,9,AS Monaco FC,Toulouse FC,home,1,0,1,win,3
Ligue 1,FL1,2025,542479,2025-10-25,9,Toulouse FC,AS Monaco FC,away,0,1,-1,loss,0
Ligue 1,FL1,2025,542483,2025-10-25,9,Racing Club de Lens,Olympique de Marseille,home,2,1,1,win,3
Ligue 1,FL1,2025,542483,2025-10-25,9,Olympique de Marseille,Racing Club de Lens,away,1,2,-1,loss,0
Ligue 1,FL1,2025,542482,2025-10-26,9,Lille OSC,FC Metz,home,6,1,5,win,3
Ligue 1,FL1,2025,542482,2025-10-26,9,FC Metz,Lille OSC,away,1,6,-5,loss,0
Ligue 1,FL1,2025,542478,2025-10-26,9,AJ Auxerre,Le Havre AC,home,0,1,-1,loss,0
Ligue 1,FL1,2025,542478,2025-10-26,9,Le Havre AC,AJ Auxerre,away,1,0,1,win,3
Ligue 1,FL1,2025,542484,2025-10-26,9,Angers SCO,FC Lorient,home,2,0,2,win,3
Ligue 1,FL1,2025,542484,2025-10-26,9,FC Lorient,Angers SCO,away,0,2,-2,loss,0
Ligue 1,FL1,2025,542486,2025-10-26,9,Stade Rennais FC 1901,OGC Nice,home,1,2,-1,loss,0
Ligue 1,FL1,2025,542486,2025-10-26,9,OGC Nice,Stade Rennais FC 1901,away,2,1,1,win,3
Ligue 1,FL1,2025,542481,2025-10-26,9,Olympique Lyonnais,RC Strasbourg Alsace,home,2,1,1,win,3
Ligue 1,FL1,2025,542481,2025-10-26,9,RC Strasbourg Alsace,Olympique Lyonnais,away,1,2,-1,loss,0
Ligue 1,FL1,2025,542487,2025-10-29,10,Le Havre AC,Stade Brestois 29,home,1,0,1,win,3
Ligue 1,FL1,2025,542487,2025-10-29,10,Stade Brestois 29,Le Havre AC,away,0,1,-1,loss,0
Ligue 1,FL1,2025,542488,2025-10-29,10,FC Lorient,Paris Saint-Germain FC,home,1,1,0,draw,1
Ligue 1,FL1,2025,542488,2025-10-29,10,Paris Saint-Germain FC,FC Lorient,away,1,1,0,draw,1
Ligue 1,FL1,2025,542489,2025-10-29,10,FC Metz,Racing Club de Lens,home,2,0,2,win,3
Ligue 1,FL1,2025,542489,2025-10-29,10,Racing Club de Lens,FC Metz,away,0,2,-2,loss,0
Ligue 1,FL1,2025,542493,2025-10-29,10,OGC Nice,Lille OSC,home,2,0,2,win,3
Ligue 1,FL1,2025,542493,2025-10-29,10,Lille OSC,OGC Nice,away,0,2,-2,loss,0
Ligue 1,FL1,2025,542490,2025-10-29,10,FC Nantes,AS Monaco FC,home,3,5,-2,loss,0
Ligue 1,FL1,2025,542490,2025-10-29,10,AS Monaco FC,FC Nantes,away,5,3,2,win,3
Ligue 1,FL1,2025,542491,2025-10-29,10,Paris FC,Olympique Lyonnais,home,3,3,0,draw,1
Ligue 1,FL1,2025,542491,2025-10-29,10,Olympique Lyonnais,Paris FC,away,3,3,0,draw,1
Ligue 1,FL1,2025,542492,2025-10-29,10,Toulouse FC,Stade Rennais FC 1901,home,2,2,0,draw,1
Ligue 1,FL1,2025,542492,2025-10-29,10,Stade Rennais FC 1901,Toulouse FC,away,2,2,0,draw,1
Ligue 1,FL1,2025,542494,2025-10-29,10,Olympique de Marseille,Angers SCO,home,2,2,0,draw,1
Ligue 1,FL1,2025,542494,2025-10-29,10,Angers SCO,Olympique de Marseille,away,2,2,0,draw,1
Ligue 1,FL1,2025,542495,2025-10-29,10,RC Strasbourg Alsace,AJ Auxerre,home,3,0,3,win,3
Ligue 1,FL1,2025,542495,2025-10-29,10,AJ Auxerre,RC Strasbourg Alsace,away,0,3,-3,loss,0
Ligue 1,FL1,2025,542501,2025-11-01,11,Paris Saint-Germain FC,OGC Nice,home,1,0,1,win,3
Ligue 1,FL1,2025,542501,2025-11-01,11,OGC Nice,Paris Saint-Germain FC,away,0,1,-1,loss,0
Ligue 1,FL1,2025,542497,2025-11-01,11,AS Monaco FC,Paris FC,home,0,1,-1,loss,0
Ligue 1,FL1,2025,542497,2025-11-01,11,Paris FC,AS Monaco FC,away,1,0,1,win,3
Ligue 1,FL1,2025,542496,2025-11-01,11,AJ Auxerre,Olympique de Marseille,home,0,1,-1,loss,0
Ligue 1,FL1,2025,542496,2025-11-01,11,Olympique de Marseille,AJ Auxerre,away,1,0,1,win,3
Ligue 1,FL1,2025,542504,2025-11-02,11,Stade Rennais FC 1901,RC Strasbourg Alsace,home,4,1,3,win,3
Ligue 1,FL1,2025,542504,2025-11-02,11,RC Strasbourg Alsace,Stade Rennais FC 1901,away,1,4,-3,loss,0
Ligue 1,FL1,2025,542498,2025-11-02,11,FC Nantes,FC Metz,home,0,2,-2,loss,0
Ligue 1,FL1,2025,542498,2025-11-02,11,FC Metz,FC Nantes,away,2,0,2,win,3
Ligue 1,FL1,2025,542499,2025-11-02,11,Toulouse FC,Le Havre AC,home,0,0,0,draw,1
Ligue 1,FL1,2025,542499,2025-11-02,11,Le Havre AC,Toulouse FC,away,0,0,0,draw,1
Ligue 1,FL1,2025,542500,2025-11-02,11,Lille OSC,Angers SCO,home,1,0,1,win,3
Ligue 1,FL1,2025,542500,2025-11-02,11,Angers SCO,Lille OSC,away,0,1,-1,loss,0
Ligue 1,FL1,2025,542502,2025-11-02,11,Racing Club de Lens,FC Lorient,home,3,0,3,win,3
Ligue 1,FL1,2025,542502,2025-11-02,11,FC Lorient,Racing Club de Lens,away,0,3,-3,loss,0
Ligue 1,FL1,2025,542503,2025-11-02,11,Stade Brestois 29,Olympique Lyonnais,home,0,0,0,draw,1
Ligue 1,FL1,2025,542503,2025-11-02,11,Olympique Lyonnais,Stade Brestois 29,away,0,0,0,draw,1
Ligue 1,FL1,2025,542509,2025-11-07,12,Paris FC,Stade Rennais FC 1901,home,0,1,-1,loss,0
Ligue 1,FL1,2025,542509,2025-11-07,12,Stade Rennais FC 1901,Paris FC,away,1,0,1,win,3
Ligue 1,FL1,2025,542511,2025-11-08,12,Olympique de Marseille,Stade Brestois 29,home,3,0,3,win,3
Ligue 1,FL1,2025,542511,2025-11-08,12,Stade Brestois 29,Olympique de Marseille,away,0,3,-3,loss,0
Ligue 1,FL1,2025,542505,2025-11-08,12,Le Havre AC,FC Nantes,home,1,1,0,draw,1
Ligue 1,FL1,2025,542505,2025-11-08,12,FC Nantes,Le Havre AC,away,1,1,0,draw,1
Ligue 1,FL1,2025,542506,2025-11-08,12,AS Monaco FC,Racing Club de Lens,home,1,4,-3,loss,0
Ligue 1,FL1,2025,542506,2025-11-08,12,Racing Club de Lens,AS Monaco FC,away,4,1,3,win,3
Ligue 1,FL1,2025,542507,2025-11-09,12,FC Lorient,Toulouse FC,home,1,1,0,draw,1
Ligue 1,FL1,2025,542507,2025-11-09,12,Toulouse FC,FC Lorient,away,1,1,0,draw,1
Ligue 1,FL1,2025,542508,2025-11-09,12,FC Metz,OGC Nice,home,2,1,1,win,3
Ligue 1,FL1,2025,542508,2025-11-09,12,OGC Nice,FC Metz,away,1,2,-1,loss,0
Ligue 1,FL1,2025,542512,2025-11-09,12,RC Strasbourg Alsace,Lille OSC,home,2,0,2,win,3
Ligue 1,FL1,2025,542512,2025-11-09,12,Lille OSC,RC Strasbourg Alsace,away,0,2,-2,loss,0
Ligue 1,FL1,2025,542513,2025-11-09,12,Angers SCO,AJ Auxerre,home,2,0,2,win,3
Ligue 1,FL1,2025,542513,2025-11-09,12,AJ Auxerre,Angers SCO,away,0,2,-2,loss,0
Ligue 1,FL1,2025,542510,2025-11-09,12,Olympique Lyonnais,Paris Saint-Germain FC,home,2,3,-1,loss,0
Ligue 1,FL1,2025,542510,2025-11-09,12,Paris Saint-Germain FC,Olympique Lyonnais,away,3,2,1,win,3
Ligue 1,FL1,2025,542517,2025-11-21,13,OGC Nice,Olympique de Marseille,home,1,5,-4,loss,0
Ligue 1,FL1,2025,542517,2025-11-21,13,Olympique de Marseille,OGC Nice,away,5,1,4,win,3
Ligue 1,FL1,2025,542520,2025-11-22,13,Racing Club de Lens,RC Strasbourg Alsace,home,1,0,1,win,3
Ligue 1,FL1,2025,542520,2025-11-22,13,RC Strasbourg Alsace,Racing Club de Lens,away,0,1,-1,loss,0
Ligue 1,FL1,2025,542522,2025-11-22,13,Stade Rennais FC 1901,AS Monaco FC,home,4,1,3,win,3
Ligue 1,FL1,2025,542522,2025-11-22,13,AS Monaco FC,Stade Rennais FC 1901,away,1,4,-3,loss,0
Ligue 1,FL1,2025,542519,2025-11-22,13,Paris Saint-Germain FC,Le Havre AC,home,3,0,3,win,3
Ligue 1,FL1,2025,542519,2025-11-22,13,Le Havre AC,Paris Saint-Germain FC,away,0,3,-3,loss,0
Ligue 1,FL1,2025,542514,2025-11-23,13,AJ Auxerre,Olympique Lyonnais,home,0,0,0,draw,1
Ligue 1,FL1,2025,542514,2025-11-23,13,Olympique Lyonnais,AJ Auxerre,away,0,0,0,draw,1
Ligue 1,FL1,2025,542515,2025-11-23,13,FC Nantes,FC Lorient,home,1,1,0,draw,1
Ligue 1,FL1,2025,542515,2025-11-23,13,FC Lorient,FC Nantes,away,1,1,0,draw,1
Ligue 1,FL1,2025,542516,2025-11-23,13,Toulouse FC,Angers SCO,home,0,1,-1,loss,0
Ligue 1,FL1,2025,542516,2025-11-23,13,Angers SCO,Toulouse FC,away,1,0,1,win,3
Ligue 1,FL1,2025,542521,2025-11-23,13,Stade Brestois 29,FC Metz,home,3,2,1,win,3
Ligue 1,FL1,2025,542521,2025-11-23,13,FC Metz,Stade Brestois 29,away,2,3,-1,loss,0
Ligue 1,FL1,2025,542518,2025-11-23,13,Lille OSC,Paris FC,home,4,2,2,win,3
Ligue 1,FL1,2025,542518,2025-11-23,13,Paris FC,Lille OSC,away,2,4,-2,loss,0
Ligue 1,FL1,2025,542526,2025-11-28,14,FC Metz,Stade Rennais FC 1901,home,0,1,-1,loss,0
Ligue 1,FL1,2025,542526,2025-11-28,14,Stade Rennais FC 1901,FC Metz,away,1,0,1,win,3
Ligue 1,FL1,2025,542524,2025-11-29,14,AS Monaco FC,Paris Saint-Germain FC,home,1,0,1,win,3
Ligue 1,FL1,2025,542524,2025-11-29,14,Paris Saint-Germain FC,AS Monaco FC,away,0,1,-1,loss,0
Ligue 1,FL1,2025,542527,2025-11-29,14,Paris FC,AJ Auxerre,home,1,1,0,draw,1
Ligue 1,FL1,2025,542527,2025-11-29,14,AJ Auxerre,Paris FC,away,1,1,0,draw,1
Ligue 1,FL1,2025,542529,2025-11-29,14,Olympique de Marseille,Toulouse FC,home,2,2,0,draw,1
Ligue 1,FL1,2025,542529,2025-11-29,14,Toulouse FC,Olympique de Marseille,away,2,2,0,draw,1
Ligue 1,FL1,2025,542530,2025-11-30,14,RC Strasbourg Alsace,Stade Brestois 29,home,1,2,-1,loss,0
Ligue 1,FL1,2025,542530,2025-11-30,14,Stade Brestois 29,RC Strasbourg Alsace,away,2,1,1,win,3
Ligue 1,FL1,2025,542523,2025-11-30,14,Le Havre AC,Lille OSC,home,0,1,-1,loss,0
Ligue 1,FL1,2025,542523,2025-11-30,14,Lille OSC,Le Havre AC,away,1,0,1,win,3
Ligue 1,FL1,2025,542525,2025-11-30,14,FC Lorient,OGC Nice,home,3,1,2,win,3
Ligue 1,FL1,2025,542525,2025-11-30,14,OGC Nice,FC Lorient,away,1,3,-2,loss,0
Ligue 1,FL1,2025,542531,2025-11-30,14,Angers SCO,Racing Club de Lens,home,1,2,-1,loss,0
Ligue 1,FL1,2025,542531,2025-11-30,14,Racing Club de Lens,Angers SCO,away,2,1,1,win,3
Ligue 1,FL1,2025,542528,2025-11-30,14,Olympique Lyonnais,FC Nantes,home,3,0,3,win,3
Ligue 1,FL1,2025,542528,2025-11-30,14,FC Nantes,Olympique Lyonnais,away,0,3,-3,loss,0
Ligue 1,FL1,2025,542540,2025-12-05,15,Stade Brestois 29,AS Monaco FC,home,1,0,1,win,3
Ligue 1,FL1,2025,542540,2025-12-05,15,AS Monaco FC,Stade Brestois 29,away,0,1,-1,loss,0
Ligue 1,FL1,2025,542538,2025-12-05,15,Lille OSC,Olympique de Marseille,home,1,0,1,win,3
Ligue 1,FL1,2025,542538,2025-12-05,15,Olympique de Marseille,Lille OSC,away,0,1,-1,loss,0
Ligue 1,FL1,2025,542535,2025-12-06,15,FC Nantes,Racing Club de Lens,home,1,2,-1,loss,0
Ligue 1,FL1,2025,542535,2025-12-06,15,Racing Club de Lens,FC Nantes,away,2,1,1,win,3
Ligue 1,FL1,2025,542536,2025-12-06,15,Toulouse FC,RC Strasbourg Alsace,home,1,0,1,win,3
Ligue 1,FL1,2025,542536,2025-12-06,15,RC Strasbourg Alsace,Toulouse FC,away,0,1,-1,loss,0
Ligue 1,FL1,2025,542539,2025-12-06,15,Paris Saint-Germain FC,Stade Rennais FC 1901,home,5,0,5,win,3
Ligue 1,FL1,2025,542539,2025-12-06,15,Stade Rennais FC 1901,Paris Saint-Germain FC,away,0,5,-5,loss,0
Ligue 1,FL1,2025,542537,2025-12-07,15,OGC Nice,Angers SCO,home,0,1,-1,loss,0
Ligue 1,FL1,2025,542537,2025-12-07,15,Angers SCO,OGC Nice,away,1,0,1,win,3
Ligue 1,FL1,2025,542532,2025-12-07,15,Le Havre AC,Paris FC,home,0,0,0,draw,1
Ligue 1,FL1,2025,542532,2025-12-07,15,Paris FC,Le Havre AC,away,0,0,0,draw,1
Ligue 1,FL1,2025,542533,2025-12-07,15,AJ Auxerre,FC Metz,home,3,1,2,win,3
Ligue 1,FL1,2025,542533,2025-12-07,15,FC Metz,AJ Auxerre,away,1,3,-2,loss,0
Ligue 1,FL1,2025,542534,2025-12-07,15,FC Lorient,Olympique Lyonnais,home,1,0,1,win,3
Ligue 1,FL1,2025,542534,2025-12-07,15,Olympique Lyonnais,FC Lorient,away,0,1,-1,loss,0
Ligue 1,FL1,2025,542548,2025-12-12,16,Angers SCO,FC Nantes,home,4,1,3,win,3
Ligue 1,FL1,2025,542548,2025-12-12,16,FC Nantes,Angers SCO,away,1,4,-3,loss,0
Ligue 1,FL1,2025,542549,2025-12-13,16,Stade Rennais FC 1901,Stade Brestois 29,home,3,1,2,win,3
Ligue 1,FL1,2025,542549,2025-12-13,16,Stade Brestois 29,Stade Rennais FC 1901,away,1,3,-2,loss,0
Ligue 1,FL1,2025,542542,2025-12-13,16,FC Metz,Paris Saint-Germain FC,home,2,3,-1,loss,0
Ligue 1,FL1,2025,542542,2025-12-13,16,Paris Saint-Germain FC,FC Metz,away,3,2,1,win,3
Ligue 1,FL1,2025,542543,2025-12-13,16,Paris FC,Toulouse FC,home,0,3,-3,loss,0
Ligue 1,FL1,2025,542543,2025-12-13,16,Toulouse FC,Paris FC,away,3,0,3,win,3
Ligue 1,FL1,2025,542544,2025-12-14,16,Olympique Lyonnais,Le Havre AC,home,1,0,1,win,3
Ligue 1,FL1,2025,542544,2025-12-14,16,Le Havre AC,Olympique Lyonnais,away,0,1,-1,loss,0
Ligue 1,FL1,2025,542541,2025-12-14,16,AJ Auxerre,Lille OSC,home,3,4,-1,loss,0
Ligue 1,FL1,2025,542541,2025-12-14,16,Lille OSC,AJ Auxerre,away,4,3,1,win,3
Ligue 1,FL1,2025,542546,2025-12-14,16,RC Strasbourg Alsace,FC Lorient,home,0,0,0,draw,1
Ligue 1,FL1,2025,542546,2025-12-14,16,FC Lorient,RC Strasbourg Alsace,away,0,0,0,draw,1
Ligue 1,FL1,2025,542547,2025-12-14,16,Racing Club de Lens,OGC Nice,home,2,0,2,win,3
Ligue 1,FL1,2025,542547,2025-12-14,16,OGC Nice,Racing Club de Lens,away,0,2,-2,loss,0
Ligue 1,FL1,2025,542545,2025-12-14,16,Olympique de Marseille,AS Monaco FC,home,1,0,1,win,3
Ligue 1,FL1,2025,542545,2025-12-14,16,AS Monaco FC,Olympique de Marseille,away,0,1,-1,loss,0
Ligue 1,FL1,2025,542553,2026-01-02,17,Toulouse FC,Racing Club de Lens,home,0,3,-3,loss,0
Ligue 1,FL1,2025,542553,2026-01-02,17,Racing Club de Lens,Toulouse FC,away,3,0,3,win,3
Ligue 1,FL1,2025,542551,2026-01-03,17,AS Monaco FC,Olympique Lyonnais,home,1,3,-2,loss,0
Ligue 1,FL1,2025,542551,2026-01-03,17,Olympique Lyonnais,AS Monaco FC,away,3,1,2,win,3
Ligue 1,FL1,2025,542554,2026-01-03,17,OGC Nice,RC Strasbourg Alsace,home,1,1,0,draw,1
Ligue 1,FL1,2025,542554,2026-01-03,17,RC Strasbourg Alsace,OGC Nice,away,1,1,0,draw,1
Ligue 1,FL1,2025,542556,2026-01-03,17,Lille OSC,Stade Rennais FC 1901,home,0,2,-2,loss,0
Ligue 1,FL1,2025,542556,2026-01-03,17,Stade Rennais FC 1901,Lille OSC,away,2,0,2,win,3
Ligue 1,FL1,2025,542555,2026-01-04,17,Olympique de Marseille,FC Nantes,home,0,2,-2,loss,0
Ligue 1,FL1,2025,542555,2026-01-04,17,FC Nantes,Olympique de Marseille,away,2,0,2,win,3
Ligue 1,FL1,2025,542550,2026-01-04,17,Le Havre AC,Angers SCO,home,2,1,1,win,3
Ligue 1,FL1,2025,542550,2026-01-04,17,Angers SCO,Le Havre AC,away,1,2,-1,loss,0
Ligue 1,FL1,2025,542552,2026-01-04,17,FC Lorient,FC Metz,home,1,1,0,draw,1
Ligue 1,FL1,2025,542552,2026-01-04,17,FC Metz,FC Lorient,away,1,1,0,draw,1
Ligue 1,FL1,2025,542558,2026-01-04,17,Stade Brestois 29,AJ Auxerre,home,2,0,2,win,3
Ligue 1,FL1,2025,542558,2026-01-04,17,AJ Auxerre,Stade Brestois 29,away,0,2,-2,loss,0
Ligue 1,FL1,2025,542557,2026-01-04,17,Paris Saint-Germain FC,Paris FC,home,2,1,1,win,3
Ligue 1,FL1,2025,542557,2026-01-04,17,Paris FC,Paris Saint-Germain FC,away,1,2,-1,loss,0
Ligue 1,FL1,2025,542559,2026-01-16,18,AS Monaco FC,FC Lorient,home,1,3,-2,loss,0
Ligue 1,FL1,2025,542559,2026-01-16,18,FC Lorient,AS Monaco FC,away,3,1,2,win,3
Ligue 1,FL1,2025,542563,2026-01-16,18,Paris Saint-Germain FC,Lille OSC,home,3,0,3,win,3
Ligue 1,FL1,2025,542563,2026-01-16,18,Lille OSC,Paris Saint-Germain FC,away,0,3,-3,loss,0
Ligue 1,FL1,2025,542565,2026-01-17,18,Racing Club de Lens,AJ Auxerre,home,1,0,1,win,3
Ligue 1,FL1,2025,542565,2026-01-17,18,AJ Auxerre,Racing Club de Lens,away,0,1,-1,loss,0
Ligue 1,FL1,2025,542561,2026-01-17,18,Toulouse FC,OGC Nice,home,5,1,4,win,3
Ligue 1,FL1,2025,542561,2026-01-17,18,OGC Nice,Toulouse FC,away,1,5,-4,loss,0
Ligue 1,FL1,2025,542566,2026-01-17,18,Angers SCO,Olympique de Marseille,home,2,5,-3,loss,0
Ligue 1,FL1,2025,542566,2026-01-17,18,Olympique de Marseille,Angers SCO,away,5,2,3,win,3
Ligue 1,FL1,2025,542564,2026-01-18,18,RC Strasbourg Alsace,FC Metz,home,2,1,1,win,3
Ligue 1,FL1,2025,542564,2026-01-18,18,FC Metz,RC Strasbourg Alsace,away,1,2,-1,loss,0
Ligue 1,FL1,2025,542560,2026-01-18,18,FC Nantes,Paris FC,home,1,2,-1,loss,0
Ligue 1,FL1,2025,542560,2026-01-18,18,Paris FC,FC Nantes,away,2,1,1,win,3
Ligue 1,FL1,2025,542567,2026-01-18,18,Stade Rennais FC 1901,Le Havre AC,home,1,1,0,draw,1
Ligue 1,FL1,2025,542567,2026-01-18,18,Le Havre AC,Stade Rennais FC 1901,away,1,1,0,draw,1
Ligue 1,FL1,2025,542562,2026-01-18,18,Olympique Lyonnais,Stade Brestois 29,home,2,1,1,win,3
Ligue 1,FL1,2025,542562,2026-01-18,18,Stade Brestois 29,Olympique Lyonnais,away,1,2,-1,loss,0
Ligue 1,FL1,2025,542569,2026-01-23,19,AJ Auxerre,Paris Saint-Germain FC,home,0,1,-1,loss,0
Ligue 1,FL1,2025,542569,2026-01-23,19,Paris Saint-Germain FC,AJ Auxerre,away,1,0,1,win,3
Ligue 1,FL1,2025,542576,2026-01-24,19,Stade Rennais FC 1901,FC Lorient,home,0,2,-2,loss,0
Ligue 1,FL1,2025,542576,2026-01-24,19,FC Lorient,Stade Rennais FC 1901,away,2,0,2,win,3
Ligue 1,FL1,2025,542568,2026-01-24,19,Le Havre AC,AS Monaco FC,home,0,0,0,draw,1
Ligue 1,FL1,2025,542568,2026-01-24,19,AS Monaco FC,Le Havre AC,away,0,0,0,draw,1
Ligue 1,FL1,2025,542573,2026-01-24,19,Olympique de Marseille,Racing Club de Lens,home,3,1,2,win,3
Ligue 1,FL1,2025,542573,2026-01-24,19,Racing Club de Lens,Olympique de Marseille,away,1,3,-2,loss,0
Ligue 1,FL1,2025,542571,2026-01-25,19,FC Nantes,OGC Nice,home,1,4,-3,loss,0
Ligue 1,FL1,2025,542571,2026-01-25,19,OGC Nice,FC Nantes,away,4,1,3,win,3
Ligue 1,FL1,2025,542570,2026-01-25,19,FC Metz,Olympique Lyonnais,home,2,5,-3,loss,0
Ligue 1,FL1,2025,542570,2026-01-25,19,Olympique Lyonnais,FC Metz,away,5,2,3,win,3
Ligue 1,FL1,2025,542572,2026-01-25,19,Paris FC,Angers SCO,home,0,0,0,draw,1
Ligue 1,FL1,2025,542572,2026-01-25,19,Angers SCO,Paris FC,away,0,0,0,draw,1
Ligue 1,FL1,2025,542575,2026-01-25,19,Stade Brestois 29,Toulouse FC,home,0,2,-2,loss,0
Ligue 1,FL1,2025,542575,2026-01-25,19,Toulouse FC,Stade Brestois 29,away,2,0,2,win,3
Ligue 1,FL1,2025,542574,2026-01-25,19,Lille OSC,RC Strasbourg Alsace,home,1,4,-3,loss,0
Ligue 1,FL1,2025,542574,2026-01-25,19,RC Strasbourg Alsace,Lille OSC,away,4,1,3,win,3
Ligue 1,FL1,2025,542584,2026-01-30,20,Racing Club de Lens,Le Havre AC,home,1,0,1,win,3
Ligue 1,FL1,2025,542584,2026-01-30,20,Le Havre AC,Racing Club de Lens,away,0,1,-1,loss,0
Ligue 1,FL1,2025,542579,2026-01-31,20,Paris FC,Olympique de Marseille,home,2,2,0,draw,1
Ligue 1,FL1,2025,542579,2026-01-31,20,Olympique de Marseille,Paris FC,away,2,2,0,draw,1
Ligue 1,FL1,2025,542578,2026-01-31,20,FC Lorient,FC Nantes,home,2,1,1,win,3
Ligue 1,FL1,2025,542578,2026-01-31,20,FC Nantes,FC Lorient,away,1,2,-1,loss,0
Ligue 1,FL1,2025,542577,2026-01-31,20,AS Monaco FC,Stade Rennais FC 1901,home,4,0,4,win,3
Ligue 1,FL1,2025,542577,2026-01-31,20,Stade Rennais FC 1901,AS Monaco FC,away,0,4,-4,loss,0
Ligue 1,FL1,2025,542582,2026-02-01,20,Olympique Lyonnais,Lille OSC,home,1,0,1,win,3
Ligue 1,FL1,2025,542582,2026-02-01,20,Lille OSC,Olympique Lyonnais,away,0,1,-1,loss,0
Ligue 1,FL1,2025,542580,2026-02-01,20,Toulouse FC,AJ Auxerre,home,0,0,0,draw,1
Ligue 1,FL1,2025,542580,2026-02-01,20,AJ Auxerre,Toulouse FC,away,0,0,0,draw,1
Ligue 1,FL1,2025,542581,2026-02-01,20,OGC Nice,Stade Brestois 29,home,2,2,0,draw,1
Ligue 1,FL1,2025,542581,2026-02-01,20,Stade Brestois 29,OGC Nice,away,2,2,0,draw,1
Ligue 1,FL1,2025,542585,2026-02-01,20,Angers SCO,FC Metz,home,1,0,1,win,3
Ligue 1,FL1,2025,542585,2026-02-01,20,FC Metz,Angers SCO,away,0,1,-1,loss,0
Ligue 1,FL1,2025,542583,2026-02-01,20,RC Strasbourg Alsace,Paris Saint-Germain FC,home,1,2,-1,loss,0
Ligue 1,FL1,2025,542583,2026-02-01,20,Paris Saint-Germain FC,RC Strasbourg Alsace,away,2,1,1,win,3
Ligue 1,FL1,2025,542588,2026-02-06,21,FC Metz,Lille OSC,home,0,0,0,draw,1
Ligue 1,FL1,2025,542588,2026-02-06,21,Lille OSC,FC Metz,away,0,0,0,draw,1
Ligue 1,FL1,2025,542592,2026-02-07,21,Racing Club de Lens,Stade Rennais FC 1901,home,3,1,2,win,3
Ligue 1,FL1,2025,542592,2026-02-07,21,Stade Rennais FC 1901,Racing Club de Lens,away,1,3,-2,loss,0
Ligue 1,FL1,2025,542594,2026-02-07,21,Stade Brestois 29,FC Lorient,home,2,0,2,win,3
Ligue 1,FL1,2025,542594,2026-02-07,21,FC Lorient,Stade Brestois 29,away,0,2,-2,loss,0
Ligue 1,FL1,2025,542589,2026-02-07,21,FC Nantes,Olympique Lyonnais,home,0,1,-1,loss,0
Ligue 1,FL1,2025,542589,2026-02-07,21,Olympique Lyonnais,FC Nantes,away,1,0,1,win,3
Ligue 1,FL1,2025,542590,2026-02-08,21,OGC Nice,AS Monaco FC,home,0,0,0,draw,1
Ligue 1,FL1,2025,542590,2026-02-08,21,AS Monaco FC,OGC Nice,away,0,0,0,draw,1
Ligue 1,FL1,2025,542586,2026-02-08,21,Le Havre AC,RC Strasbourg Alsace,home,2,1,1,win,3
Ligue 1,FL1,2025,542586,2026-02-08,21,RC Strasbourg Alsace,Le Havre AC,away,1,2,-1,loss,0
Ligue 1,FL1,2025,542587,2026-02-08,21,AJ Auxerre,Paris FC,home,0,0,0,draw,1
Ligue 1,FL1,2025,542587,2026-02-08,21,Paris FC,AJ Auxerre,away,0,0,0,draw,1
Ligue 1,FL1,2025,542593,2026-02-08,21,Angers SCO,Toulouse FC,home,1,0,1,win,3
Ligue 1,FL1,2025,542593,2026-02-08,21,Toulouse FC,Angers SCO,away,0,1,-1,loss,0
Ligue 1,FL1,2025,542591,2026-02-08,21,Paris Saint-Germain FC,Olympique de Marseille,home,5,0,5,win,3
Ligue 1,FL1,2025,542591,2026-02-08,21,Olympique de Marseille,Paris Saint-Germain FC,away,0,5,-5,loss,0
Ligue 1,FL1,2025,542603,2026-02-13,22,Stade Rennais FC 1901,Paris Saint-Germain FC,home,3,1,2,win,3
Ligue 1,FL1,2025,542603,2026-02-13,22,Paris Saint-Germain FC,Stade Rennais FC 1901,away,1,3,-2,loss,0
Ligue 1,FL1,2025,542596,2026-02-13,22,AS Monaco FC,FC Nantes,home,3,1,2,win,3
Ligue 1,FL1,2025,542596,2026-02-13,22,FC Nantes,AS Monaco FC,away,1,3,-2,loss,0
Ligue 1,FL1,2025,542601,2026-02-14,22,Olympique de Marseille,RC Strasbourg Alsace,home,2,2,0,draw,1
Ligue 1,FL1,2025,542601,2026-02-14,22,RC Strasbourg Alsace,Olympique de Marseille,away,2,2,0,draw,1
Ligue 1,FL1,2025,542602,2026-02-14,22,Lille OSC,Stade Brestois 29,home,1,1,0,draw,1
Ligue 1,FL1,2025,542602,2026-02-14,22,Stade Brestois 29,Lille OSC,away,1,1,0,draw,1
Ligue 1,FL1,2025,542599,2026-02-14,22,Paris FC,Racing Club de Lens,home,0,5,-5,loss,0
Ligue 1,FL1,2025,542599,2026-02-14,22,Racing Club de Lens,Paris FC,away,5,0,5,win,3
Ligue 1,FL1,2025,542595,2026-02-15,22,Le Havre AC,Toulouse FC,home,2,1,1,win,3
Ligue 1,FL1,2025,542595,2026-02-15,22,Toulouse FC,Le Havre AC,away,1,2,-1,loss,0
Ligue 1,FL1,2025,542597,2026-02-15,22,FC Lorient,Angers SCO,home,2,0,2,win,3
Ligue 1,FL1,2025,542597,2026-02-15,22,Angers SCO,FC Lorient,away,0,2,-2,loss,0
Ligue 1,FL1,2025,542598,2026-02-15,22,FC Metz,AJ Auxerre,home,1,3,-2,loss,0
Ligue 1,FL1,2025,542598,2026-02-15,22,AJ Auxerre,FC Metz,away,3,1,2,win,3
Ligue 1,FL1,2025,542600,2026-02-15,22,Olympique Lyonnais,OGC Nice,home,2,0,2,win,3
Ligue 1,FL1,2025,542600,2026-02-15,22,OGC Nice,Olympique Lyonnais,away,0,2,-2,loss,0
Ligue 1,FL1,2025,542612,2026-02-20,23,Stade Brestois 29,Olympique de Marseille,home,2,0,2,win,3
Ligue 1,FL1,2025,542612,2026-02-20,23,Olympique de Marseille,Stade Brestois 29,away,0,2,-2,loss,0
Ligue 1,FL1,2025,542610,2026-02-21,23,Racing Club de Lens,AS Monaco FC,home,2,3,-1,loss,0
Ligue 1,FL1,2025,542610,2026-02-21,23,AS Monaco FC,Racing Club de Lens,away,3,2,1,win,3
Ligue 1,FL1,2025,542606,2026-02-21,23,Toulouse FC,Paris FC,home,1,1,0,draw,1
Ligue 1,FL1,2025,542606,2026-02-21,23,Paris FC,Toulouse FC,away,1,1,0,draw,1
Ligue 1,FL1,2025,542608,2026-02-21,23,Paris Saint-Germain FC,FC Metz,home,3,0,3,win,3
Ligue 1,FL1,2025,542608,2026-02-21,23,FC Metz,Paris Saint-Germain FC,away,0,3,-3,loss,0
Ligue 1,FL1,2025,542604,2026-02-22,23,AJ Auxerre,Stade Rennais FC 1901,home,0,3,-3,loss,0
Ligue 1,FL1,2025,542604,2026-02-22,23,Stade Rennais FC 1901,AJ Auxerre,away,3,0,3,win,3
Ligue 1,FL1,2025,542605,2026-02-22,23,FC Nantes,Le Havre AC,home,2,0,2,win,3
Ligue 1,FL1,2025,542605,2026-02-22,23,Le Havre AC,FC Nantes,away,0,2,-2,loss,0
Ligue 1,FL1,2025,542607,2026-02-22,23,OGC Nice,FC Lorient,home,3,3,0,draw,1
Ligue 1,FL1,2025,542607,2026-02-22,23,FC Lorient,OGC Nice,away,3,3,0,draw,1
Ligue 1,FL1,2025,542611,2026-02-22,23,Angers SCO,Lille OSC,home,0,1,-1,loss,0
Ligue 1,FL1,2025,542611,2026-02-22,23,Lille OSC,Angers SCO,away,1,0,1,win,3
Ligue 1,FL1,2025,542609,2026-02-22,23,RC Strasbourg Alsace,Olympique Lyonnais,home,3,1,2,win,3
Ligue 1,FL1,2025,542609,2026-02-22,23,Olympique Lyonnais,RC Strasbourg Alsace,away,1,3,-2,loss,0
Ligue 1,FL1,2025,542620,2026-02-27,24,RC Strasbourg Alsace,Racing Club de Lens,home,1,1,0,draw,1
Ligue 1,FL1,2025,542620,2026-02-27,24,Racing Club de Lens,RC Strasbourg Alsace,away,1,1,0,draw,1
Ligue 1,FL1,2025,542621,2026-02-28,24,Stade Rennais FC 1901,Toulouse FC,home,1,0,1,win,3
Ligue 1,FL1,2025,542621,2026-02-28,24,Toulouse FC,Stade Rennais FC 1901,away,0,1,-1,loss,0
Ligue 1,FL1,2025,542614,2026-02-28,24,AS Monaco FC,Angers SCO,home,2,0,2,win,3
Ligue 1,FL1,2025,542614,2026-02-28,24,Angers SCO,AS Monaco FC,away,0,2,-2,loss,0
Ligue 1,FL1,2025,542613,2026-02-28,24,Le Havre AC,Paris Saint-Germain FC,home,0,1,-1,loss,0
Ligue 1,FL1,2025,542613,2026-02-28,24,Paris Saint-Germain FC,Le Havre AC,away,1,0,1,win,3
Ligue 1,FL1,2025,542617,2026-03-01,24,Paris FC,OGC Nice,home,1,0,1,win,3
Ligue 1,FL1,2025,542617,2026-03-01,24,OGC Nice,Paris FC,away,0,1,-1,loss,0
Ligue 1,FL1,2025,542615,2026-03-01,24,FC Lorient,AJ Auxerre,home,2,2,0,draw,1
Ligue 1,FL1,2025,542615,2026-03-01,24,AJ Auxerre,FC Lorient,away,2,2,0,draw,1
Ligue 1,FL1,2025,542616,2026-03-01,24,FC Metz,Stade Brestois 29,home,0,1,-1,loss,0
Ligue 1,FL1,2025,542616,2026-03-01,24,Stade Brestois 29,FC Metz,away,1,0,1,win,3
Ligue 1,FL1,2025,542619,2026-03-01,24,Lille OSC,FC Nantes,home,1,0,1,win,3
Ligue 1,FL1,2025,542619,2026-03-01,24,FC Nantes,Lille OSC,away,0,1,-1,loss,0
Ligue 1,FL1,2025,542618,2026-03-01,24,Olympique de Marseille,Olympique Lyonnais,home,3,2,1,win,3
Ligue 1,FL1,2025,542618,2026-03-01,24,Olympique Lyonnais,Olympique de Marseille,away,2,3,-1,loss,0
Ligue 1,FL1,2025,542628,2026-03-06,25,Paris Saint-Germain FC,AS Monaco FC,home,1,3,-2,loss,0
Ligue 1,FL1,2025,542628,2026-03-06,25,AS Monaco FC,Paris Saint-Germain FC,away,3,1,2,win,3
Ligue 1,FL1,2025,542623,2026-03-07,25,FC Nantes,Angers SCO,home,0,1,-1,loss,0
Ligue 1,FL1,2025,542623,2026-03-07,25,Angers SCO,FC Nantes,away,1,0,1,win,3
Ligue 1,FL1,2025,542622,2026-03-07,25,AJ Auxerre,RC Strasbourg Alsace,home,0,0,0,draw,1
Ligue 1,FL1,2025,542622,2026-03-07,25,RC Strasbourg Alsace,AJ Auxerre,away,0,0,0,draw,1
Ligue 1,FL1,2025,542624,2026-03-07,25,Toulouse FC,Olympique de Marseille,home,0,1,-1,loss,0
Ligue 1,FL1,2025,542624,2026-03-07,25,Olympique de Marseille,Toulouse FC,away,1,0,1,win,3
Ligue 1,FL1,2025,542629,2026-03-08,25,Racing Club de Lens,FC Metz,home,3,0,3,win,3
Ligue 1,FL1,2025,542629,2026-03-08,25,FC Metz,Racing Club de Lens,away,0,3,-3,loss,0
Ligue 1,FL1,2025,542625,2026-03-08,25,OGC Nice,Stade Rennais FC 1901,home,0,4,-4,loss,0
Ligue 1,FL1,2025,542625,2026-03-08,25,Stade Rennais FC 1901,OGC Nice,away,4,0,4,win,3
Ligue 1,FL1,2025,542627,2026-03-08,25,Lille OSC,FC Lorient,home,1,1,0,draw,1
Ligue 1,FL1,2025,542627,2026-03-08,25,FC Lorient,Lille OSC,away,1,1,0,draw,1
Ligue 1,FL1,2025,542630,2026-03-08,25,Stade Brestois 29,Le Havre AC,home,2,0,2,win,3
Ligue 1,FL1,2025,542630,2026-03-08,25,Le Havre AC,Stade Brestois 29,away,0,2,-2,loss,0
Ligue 1,FL1,2025,542626,2026-03-08,25,Olympique Lyonnais,Paris FC,home,1,1,0,draw,1
Ligue 1,FL1,2025,542626,2026-03-08,25,Paris FC,Olympique Lyonnais,away,1,1,0,draw,1
Ligue 1,FL1,2025,542635,2026-03-13,26,Olympique de Marseille,AJ Auxerre,home,1,0,1,win,3
Ligue 1,FL1,2025,542635,2026-03-13,26,AJ Auxerre,Olympique de Marseille,away,0,1,-1,loss,0
Ligue 1,FL1,2025,542633,2026-03-14,26,FC Lorient,Racing Club de Lens,home,2,1,1,win,3
Ligue 1,FL1,2025,542633,2026-03-14,26,Racing Club de Lens,FC Lorient,away,1,2,-1,loss,0
Ligue 1,FL1,2025,542638,2026-03-14,26,Angers SCO,OGC Nice,home,0,2,-2,loss,0
Ligue 1,FL1,2025,542638,2026-03-14,26,OGC Nice,Angers SCO,away,2,0,2,win,3
Ligue 1,FL1,2025,542632,2026-03-14,26,AS Monaco FC,Stade Brestois 29,home,2,0,2,win,3
Ligue 1,FL1,2025,542632,2026-03-14,26,Stade Brestois 29,AS Monaco FC,away,0,2,-2,loss,0
Ligue 1,FL1,2025,542637,2026-03-15,26,RC Strasbourg Alsace,Paris FC,home,0,0,0,draw,1
Ligue 1,FL1,2025,542637,2026-03-15,26,Paris FC,RC Strasbourg Alsace,away,0,0,0,draw,1
Ligue 1,FL1,2025,542631,2026-03-15,26,Le Havre AC,Olympique Lyonnais,home,0,0,0,draw,1
Ligue 1,FL1,2025,542631,2026-03-15,26,Olympique Lyonnais,Le Havre AC,away,0,0,0,draw,1
Ligue 1,FL1,2025,542634,2026-03-15,26,FC Metz,Toulouse FC,home,3,4,-1,loss,0
Ligue 1,FL1,2025,542634,2026-03-15,26,Toulouse FC,FC Metz,away,4,3,1,win,3
Ligue 1,FL1,2025,542639,2026-03-15,26,Stade Rennais FC 1901,Lille OSC,home,1,2,-1,loss,0
Ligue 1,FL1,2025,542639,2026-03-15,26,Lille OSC,Stade Rennais FC 1901,away,2,1,1,win,3
Ligue 1,FL1,2025,542647,2026-03-20,27,Racing Club de Lens,Angers SCO,home,5,1,4,win,3
Ligue 1,FL1,2025,542647,2026-03-20,27,Angers SCO,Racing Club de Lens,away,1,5,-4,loss,0
Ligue 1,FL1,2025,542643,2026-03-21,27,Toulouse FC,FC Lorient,home,1,0,1,win,3
Ligue 1,FL1,2025,542643,2026-03-21,27,FC Lorient,Toulouse FC,away,0,1,-1,loss,0
Ligue 1,FL1,2025,542640,2026-03-21,27,AJ Auxerre,Stade Brestois 29,home,3,0,3,win,3
Ligue 1,FL1,2025,542640,2026-03-21,27,Stade Brestois 29,AJ Auxerre,away,0,3,-3,loss,0
Ligue 1,FL1,2025,542644,2026-03-21,27,OGC Nice,Paris Saint-Germain FC,home,0,4,-4,loss,0
Ligue 1,FL1,2025,542644,2026-03-21,27,Paris Saint-Germain FC,OGC Nice,away,4,0,4,win,3
Ligue 1,FL1,2025,542645,2026-03-22,27,Olympique Lyonnais,AS Monaco FC,home,1,2,-1,loss,0
Ligue 1,FL1,2025,542645,2026-03-22,27,AS Monaco FC,Olympique Lyonnais,away,2,1,1,win,3
Ligue 1,FL1,2025,542642,2026-03-22,27,Paris FC,Le Havre AC,home,3,2,1,win,3
Ligue 1,FL1,2025,542642,2026-03-22,27,Le Havre AC,Paris FC,away,2,3,-1,loss,0
Ligue 1,FL1,2025,542646,2026-03-22,27,Olympique de Marseille,Lille OSC,home,1,2,-1,loss,0
Ligue 1,FL1,2025,542646,2026-03-22,27,Lille OSC,Olympique de Marseille,away,2,1,1,win,3
Ligue 1,FL1,2025,542648,2026-03-22,27,Stade Rennais FC 1901,FC Metz,home,0,0,0,draw,1
Ligue 1,FL1,2025,542648,2026-03-22,27,FC Metz,Stade Rennais FC 1901,away,0,0,0,draw,1
Ligue 1,FL1,2025,542641,2026-03-22,27,FC Nantes,RC Strasbourg Alsace,home,2,3,-1,loss,0
Ligue 1,FL1,2025,542641,2026-03-22,27,RC Strasbourg Alsace,FC Nantes,away,3,2,1,win,3
Ligue 1,FL1,2025,542654,2026-04-03,28,Paris Saint-Germain FC,Toulouse FC,home,3,1,2,win,3
Ligue 1,FL1,2025,542654,2026-04-03,28,Toulouse FC,Paris Saint-Germain FC,away,1,3,-2,loss,0
Ligue 1,FL1,2025,542655,2026-04-04,28,RC Strasbourg Alsace,OGC Nice,home,3,1,2,win,3
Ligue 1,FL1,2025,542655,2026-04-04,28,OGC Nice,RC Strasbourg Alsace,away,1,3,-2,loss,0
Ligue 1,FL1,2025,542657,2026-04-04,28,Stade Brestois 29,Stade Rennais FC 1901,home,3,4,-1,loss,0
Ligue 1,FL1,2025,542657,2026-04-04,28,Stade Rennais FC 1901,Stade Brestois 29,away,4,3,1,win,3
Ligue 1,FL1,2025,542653,2026-04-04,28,Lille OSC,Racing Club de Lens,home,3,0,3,win,3
Ligue 1,FL1,2025,542653,2026-04-04,28,Racing Club de Lens,Lille OSC,away,0,3,-3,loss,0
Ligue 1,FL1,2025,542656,2026-04-05,28,Angers SCO,Olympique Lyonnais,home,0,0,0,draw,1
Ligue 1,FL1,2025,542656,2026-04-05,28,Olympique Lyonnais,Angers SCO,away,0,0,0,draw,1
Ligue 1,FL1,2025,542649,2026-04-05,28,Le Havre AC,AJ Auxerre,home,1,1,0,draw,1
Ligue 1,FL1,2025,542649,2026-04-05,28,AJ Auxerre,Le Havre AC,away,1,1,0,draw,1
Ligue 1,FL1,2025,542651,2026-04-05,28,FC Lorient,Paris FC,home,1,1,0,draw,1
Ligue 1,FL1,2025,542651,2026-04-05,28,Paris FC,FC Lorient,away,1,1,0,draw,1
Ligue 1,FL1,2025,542652,2026-04-05,28,FC Metz,FC Nantes,home,0,0,0,draw,1
Ligue 1,FL1,2025,542652,2026-04-05,28,FC Nantes,FC Metz,away,0,0,0,draw,1
Ligue 1,FL1,2025,542650,2026-04-05,28,AS Monaco FC,Olympique de Marseille,home,2,1,1,win,3
Ligue 1,FL1,2025,542650,2026-04-05,28,Olympique de Marseille,AS Monaco FC,away,1,2,-1,loss,0
Ligue 1,FL1,2025,542659,2026-04-10,29,Paris FC,AS Monaco FC,home,4,1,3,win,3
Ligue 1,FL1,2025,542659,2026-04-10,29,AS Monaco FC,Paris FC,away,1,4,-3,loss,0
Ligue 1,FL1,2025,542663,2026-04-10,29,Olympique de Marseille,FC Metz,home,3,1,2,win,3
Ligue 1,FL1,2025,542663,2026-04-10,29,FC Metz,Olympique de Marseille,away,1,3,-2,loss,0
Ligue 1,FL1,2025,542658,2026-04-11,29,AJ Auxerre,FC Nantes,home,0,0,0,draw,1
Ligue 1,FL1,2025,542658,2026-04-11,29,FC Nantes,AJ Auxerre,away,0,0,0,draw,1
Ligue 1,FL1,2025,542666,2026-04-11,29,Stade Rennais FC 1901,Angers SCO,home,2,1,1,win,3
Ligue 1,FL1,2025,542666,2026-04-11,29,Angers SCO,Stade Rennais FC 1901,away,1,2,-1,loss,0
Ligue 1,FL1,2025,542660,2026-04-12,29,Toulouse FC,Lille OSC,home,0,4,-4,loss,0
Ligue 1,FL1,2025,542660,2026-04-12,29,Lille OSC,Toulouse FC,away,4,0,4,win,3
Ligue 1,FL1,2025,542661,2026-04-12,29,OGC Nice,Le Havre AC,home,1,1,0,draw,1
Ligue 1,FL1,2025,542661,2026-04-12,29,Le Havre AC,OGC Nice,away,1,1,0,draw,1
Ligue 1,FL1,2025,542662,2026-04-12,29,Olympique Lyonnais,FC Lorient,home,2,0,2,win,3
Ligue 1,FL1,2025,542662,2026-04-12,29,FC Lorient,Olympique Lyonnais,away,0,2,-2,loss,0
Ligue 1,FL1,2025,542674,2026-04-17,30,Racing Club de Lens,Toulouse FC,home,3,2,1,win,3
Ligue 1,FL1,2025,542674,2026-04-17,30,Toulouse FC,Racing Club de Lens,away,2,3,-1,loss,0
Ligue 1,FL1,2025,542668,2026-04-18,30,FC Lorient,Olympique de Marseille,home,2,0,2,win,3
Ligue 1,FL1,2025,542668,2026-04-18,30,Olympique de Marseille,FC Lorient,away,0,2,-2,loss,0
Ligue 1,FL1,2025,542675,2026-04-18,30,Angers SCO,Le Havre AC,home,1,1,0,draw,1
Ligue 1,FL1,2025,542675,2026-04-18,30,Le Havre AC,Angers SCO,away,1,1,0,draw,1
Ligue 1,FL1,2025,542671,2026-04-18,30,Lille OSC,OGC Nice,home,0,0,0,draw,1
Ligue 1,FL1,2025,542671,2026-04-18,30,OGC Nice,Lille OSC,away,0,0,0,draw,1
Ligue 1,FL1,2025,542667,2026-04-19,30,AS Monaco FC,AJ Auxerre,home,2,2,0,draw,1
Ligue 1,FL1,2025,542667,2026-04-19,30,AJ Auxerre,AS Monaco FC,away,2,2,0,draw,1
Ligue 1,FL1,2025,542669,2026-04-19,30,FC Metz,Paris FC,home,1,3,-2,loss,0
Ligue 1,FL1,2025,542669,2026-04-19,30,Paris FC,FC Metz,away,3,1,2,win,3
Ligue 1,FL1,2025,542670,2026-04-19,30,FC Nantes,Stade Brestois 29,home,1,1,0,draw,1
Ligue 1,FL1,2025,542670,2026-04-19,30,Stade Brestois 29,FC Nantes,away,1,1,0,draw,1
Ligue 1,FL1,2025,542673,2026-04-19,30,RC Strasbourg Alsace,Stade Rennais FC 1901,home,0,3,-3,loss,0
Ligue 1,FL1,2025,542673,2026-04-19,30,Stade Rennais FC 1901,RC Strasbourg Alsace,away,3,0,3,win,3
Ligue 1,FL1,2025,542672,2026-04-19,30,Paris Saint-Germain FC,Olympique Lyonnais,home,1,2,-1,loss,0
Ligue 1,FL1,2025,542672,2026-04-19,30,Olympique Lyonnais,Paris Saint-Germain FC,away,2,1,1,win,3
Ligue 1,FL1,2025,542636,2026-04-22,26,Paris Saint-Germain FC,FC Nantes,home,3,0,3,win,3
Ligue 1,FL1,2025,542636,2026-04-22,26,FC Nantes,Paris Saint-Germain FC,away,0,3,-3,loss,0
Ligue 1,FL1,2025,542683,2026-04-24,31,Stade Brestois 29,Racing Club de Lens,home,3,3,0,draw,1
Ligue 1,FL1,2025,542683,2026-04-24,31,Racing Club de Lens,Stade Brestois 29,away,3,3,0,draw,1
Ligue 1,FL1,2025,542680,2026-04-25,31,Olympique Lyonnais,AJ Auxerre,home,3,2,1,win,3
Ligue 1,FL1,2025,542680,2026-04-25,31,AJ Auxerre,Olympique Lyonnais,away,2,3,-1,loss,0
Ligue 1,FL1,2025,542682,2026-04-25,31,Angers SCO,Paris Saint-Germain FC,home,0,3,-3,loss,0
Ligue 1,FL1,2025,542682,2026-04-25,31,Paris Saint-Germain FC,Angers SCO,away,3,0,3,win,3
Ligue 1,FL1,2025,542679,2026-04-25,31,Toulouse FC,AS Monaco FC,home,2,2,0,draw,1
Ligue 1,FL1,2025,542679,2026-04-25,31,AS Monaco FC,Toulouse FC,away,2,2,0,draw,1
Ligue 1,FL1,2025,542677,2026-04-26,31,FC Lorient,RC Strasbourg Alsace,home,2,3,-1,loss,0
Ligue 1,FL1,2025,542677,2026-04-26,31,RC Strasbourg Alsace,FC Lorient,away,3,2,1,win,3
Ligue 1,FL1,2025,542676,2026-04-26,31,Le Havre AC,FC Metz,home,4,4,0,draw,1
Ligue 1,FL1,2025,542676,2026-04-26,31,FC Metz,Le Havre AC,away,4,4,0,draw,1
Ligue 1,FL1,2025,542678,2026-04-26,31,Paris FC,Lille OSC,home,0,1,-1,loss,0
Ligue 1,FL1,2025,542678,2026-04-26,31,Lille OSC,Paris FC,away,1,0,1,win,3
Ligue 1,FL1,2025,542684,2026-04-26,31,Stade Rennais FC 1901,FC Nantes,home,2,1,1,win,3
Ligue 1,FL1,2025,542684,2026-04-26,31,FC Nantes,Stade Rennais FC 1901,away,1,2,-1,loss,0
Ligue 1,FL1,2025,542681,2026-04-26,31,Olympique de Marseille,OGC Nice,home,1,1,0,draw,1
Ligue 1,FL1,2025,542681,2026-04-26,31,OGC Nice,Olympique de Marseille,away,1,1,0,draw,1
Ligue 1,FL1,2025,542687,2026-05-02,32,FC Nantes,Olympique de Marseille,home,3,0,3,win,3
Ligue 1,FL1,2025,542687,2026-05-02,32,Olympique de Marseille,FC Nantes,away,0,3,-3,loss,0
Ligue 1,FL1,2025,542692,2026-05-02,32,Paris Saint-Germain FC,FC Lorient,home,2,2,0,draw,1
Ligue 1,FL1,2025,542692,2026-05-02,32,FC Lorient,Paris Saint-Germain FC,away,2,2,0,draw,1
Ligue 1,FL1,2025,542686,2026-05-02,32,FC Metz,AS Monaco FC,home,1,2,-1,loss,0
Ligue 1,FL1,2025,542686,2026-05-02,32,AS Monaco FC,FC Metz,away,2,1,1,win,3
Ligue 1,FL1,2025,542689,2026-05-02,32,OGC Nice,Racing Club de Lens,home,1,1,0,draw,1
Ligue 1,FL1,2025,542689,2026-05-02,32,Racing Club de Lens,OGC Nice,away,1,1,0,draw,1
Ligue 1,FL1,2025,542691,2026-05-03,32,Lille OSC,Le Havre AC,home,1,1,0,draw,1
Ligue 1,FL1,2025,542691,2026-05-03,32,Le Havre AC,Lille OSC,away,1,1,0,draw,1
Ligue 1,FL1,2025,542685,2026-05-03,32,AJ Auxerre,Angers SCO,home,3,1,2,win,3
Ligue 1,FL1,2025,542685,2026-05-03,32,Angers SCO,AJ Auxerre,away,1,3,-2,loss,0
Ligue 1,FL1,2025,542688,2026-05-03,32,Paris FC,Stade Brestois 29,home,4,0,4,win,3
Ligue 1,FL1,2025,542688,2026-05-03,32,Stade Brestois 29,Paris FC,away,0,4,-4,loss,0
Ligue 1,FL1,2025,542693,2026-05-03,32,RC Strasbourg Alsace,Toulouse FC,home,1,2,-1,loss,0
Ligue 1,FL1,2025,542693,2026-05-03,32,Toulouse FC,RC Strasbourg Alsace,away,2,1,1,win,3
Ligue 1,FL1,2025,542690,2026-05-03,32,Olympique Lyonnais,Stade Rennais FC 1901,home,4,2,2,win,3
Ligue 1,FL1,2025,542690,2026-05-03,32,Stade Rennais FC 1901,Olympique Lyonnais,away,2,4,-2,loss,0
Ligue 1,FL1,2025,542700,2026-05-08,33,Racing Club de Lens,FC Nantes,home,1,0,1,win,3
Ligue 1,FL1,2025,542700,2026-05-08,33,FC Nantes,Racing Club de Lens,away,0,1,-1,loss,0
Ligue 1,FL1,2025,542694,2026-05-10,33,Le Havre AC,Olympique de Marseille,home,0,1,-1,loss,0
Ligue 1,FL1,2025,542694,2026-05-10,33,Olympique de Marseille,Le Havre AC,away,1,0,1,win,3
Ligue 1,FL1,2025,542695,2026-05-10,33,AJ Auxerre,OGC Nice,home,2,1,1,win,3
Ligue 1,FL1,2025,542695,2026-05-10,33,OGC Nice,AJ Auxerre,away,1,2,-1,loss,0
Ligue 1,FL1,2025,542696,2026-05-10,33,AS Monaco FC,Lille OSC,home,0,1,-1,loss,0
Ligue 1,FL1,2025,542696,2026-05-10,33,Lille OSC,AS Monaco FC,away,1,0,1,win,3
Ligue 1,FL1,2025,542697,2026-05-10,33,FC Metz,FC Lorient,home,0,4,-4,loss,0
Ligue 1,FL1,2025,542697,2026-05-10,33,FC Lorient,FC Metz,away,4,0,4,win,3
Ligue 1,FL1,2025,542698,2026-05-10,33,Toulouse FC,Olympique Lyonnais,home,2,1,1,win,3
Ligue 1,FL1,2025,542698,2026-05-10,33,Olympique Lyonnais,Toulouse FC,away,1,2,-1,loss,0
Ligue 1,FL1,2025,542699,2026-05-10,33,Paris Saint-Germain FC,Stade Brestois 29,home,1,0,1,win,3
Ligue 1,FL1,2025,542699,2026-05-10,33,Stade Brestois 29,Paris Saint-Germain FC,away,0,1,-1,loss,0
Ligue 1,FL1,2025,542701,2026-05-10,33,Angers SCO,RC Strasbourg Alsace,home,1,1,0,draw,1
Ligue 1,FL1,2025,542701,2026-05-10,33,RC Strasbourg Alsace,Angers SCO,away,1,1,0,draw,1
Ligue 1,FL1,2025,542702,2026-05-10,33,Stade Rennais FC 1901,Paris FC,home,2,1,1,win,3
Ligue 1,FL1,2025,542702,2026-05-10,33,Paris FC,Stade Rennais FC 1901,away,1,2,-1,loss,0
Ligue 1,FL1,2025,542665,2026-05-13,29,Stade Brestois 29,RC Strasbourg Alsace,home,1,2,-1,loss,0
Ligue 1,FL1,2025,542665,2026-05-13,29,RC Strasbourg Alsace,Stade Brestois 29,away,2,1,1,win,3
Ligue 1,FL1,2025,542664,2026-05-13,29,Racing Club de Lens,Paris Saint-Germain FC,home,0,2,-2,loss,0
Ligue 1,FL1,2025,542664,2026-05-13,29,Paris Saint-Germain FC,Racing Club de Lens,away,2,0,2,win,3
Ligue 1,FL1,2025,542703,2026-05-17,34,FC Lorient,Le Havre AC,home,0,2,-2,loss,0
Ligue 1,FL1,2025,542703,2026-05-17,34,Le Havre AC,FC Lorient,away,2,0,2,win,3
Ligue 1,FL1,2025,542705,2026-05-17,34,Paris FC,Paris Saint-Germain FC,home,2,1,1,win,3
Ligue 1,FL1,2025,542705,2026-05-17,34,Paris Saint-Germain FC,Paris FC,away,1,2,-1,loss,0
Ligue 1,FL1,2025,542706,2026-05-17,34,OGC Nice,FC Metz,home,0,0,0,draw,1
Ligue 1,FL1,2025,542706,2026-05-17,34,FC Metz,OGC Nice,away,0,0,0,draw,1
Ligue 1,FL1,2025,542707,2026-05-17,34,Olympique Lyonnais,Racing Club de Lens,home,0,4,-4,loss,0
Ligue 1,FL1,2025,542707,2026-05-17,34,Racing Club de Lens,Olympique Lyonnais,away,4,0,4,win,3
Ligue 1,FL1,2025,542708,2026-05-17,34,Olympique de Marseille,Stade Rennais FC 1901,home,3,1,2,win,3
Ligue 1,FL1,2025,542708,2026-05-17,34,Stade Rennais FC 1901,Olympique de Marseille,away,1,3,-2,loss,0
Ligue 1,FL1,2025,542709,2026-05-17,34,Lille OSC,AJ Auxerre,home,0,2,-2,loss,0
Ligue 1,FL1,2025,542709,2026-05-17,34,AJ Auxerre,Lille OSC,away,2,0,2,win,3
Ligue 1,FL1,2025,542710,2026-05-17,34,RC Strasbourg Alsace,AS Monaco FC,home,5,4,1,win,3
Ligue 1,FL1,2025,542710,2026-05-17,34,AS Monaco FC,RC Strasbourg Alsace,away,4,5,-1,loss,0
Ligue 1,FL1,2025,542711,2026-05-17,34,Stade Brestois 29,Angers SCO,home,1,1,0,draw,1
Ligue 1,FL1,2025,542711,2026-05-17,34,Angers SCO,Stade Brestois 29,away,1,1,0,draw,1
